,Month,2022-08,2022-09,2022-10,2022-11,2022-12,2023-01,2023-02,2023-03,2023-04,2023-05,2023-06,2023-07
0,beta,28.75,60.5,29.0,24.25,23.0,24.2,27.0,41.75,30.8,29.5,33.5,28.8
1,character ai app,0.25,0.0,0.4,0.25,0.75,1.8,3.5,2.5,13.4,59.5,39.25,22.4
2,chat gpt checker,1.0,0.75,1.4,1.0,27.0,29.2,54.25,65.25,81.2,59.0,31.0,22.4
3,character ai filter,1.75,1.25,1.0,0.25,2.25,3.6,7.75,7.0,49.2,53.25,66.5,84.4
4,character ai reddit,2.75,0.75,3.0,2.25,12.5,25.4,24.5,32.0,54.6,69.75,48.5,71.4
5,my character ai,0.75,1.25,1.4,0.5,4.25,12.2,16.0,13.75,48.8,65.25,50.25,70.8
6,characters,81.25,83.0,96.6,76.25,80.0,78.8,79.75,79.75,82.4,79.0,77.75,79.6
7,ai characters,10.0,10.0,14.8,14.25,23.5,32.0,41.75,49.75,85.6,85.75,77.75,82.0
8,google character ai,1.25,0.75,0.0,1.75,7.25,15.6,24.0,30.0,57.6,88.25,67.25,60.8
9,ai art,18.0,20.5,19.8,21.5,52.75,28.0,27.25,26.75,28.8,29.0,25.75,25.0
10,ai anime character,5.5,3.0,7.0,9.75,26.5,22.2,25.5,33.5,59.4,81.25,73.25,81.4
11,character ai down,0.5,0.25,0.8,0.75,1.25,4.0,2.0,4.5,17.4,21.25,14.25,34.6
12,ai beta character,0.0,0.25,0.6,1.25,6.25,15.4,25.25,29.25,73.4,80.5,47.75,38.4
13,chai character ai,1.25,0.0,1.4,0.0,0.0,3.2,5.75,9.25,49.0,52.25,47.0,60.2
14,chai,83.25,88.0,88.4,83.25,81.5,81.2,79.75,75.25,79.4,78.0,87.5,89.8
15,chai ai,2.5,3.0,2.0,3.25,4.25,7.8,13.25,14.75,41.8,46.0,55.0,64.0
16,ai character bot,0.0,4.0,2.2,1.75,6.25,13.6,23.0,21.25,64.4,51.0,51.5,65.2
17,ai bot,7.75,6.25,5.8,6.0,24.25,27.4,26.5,23.0,54.4,30.25,24.25,26.2
18,chatbot,14.25,12.25,11.6,13.25,57.5,60.8,86.5,68.5,71.2,52.5,42.25,42.2
19,character ai bypass,2.75,0.0,0.0,0.0,3.75,6.0,12.25,10.75,60.6,52.25,45.0,76.6
20,janitor ai,0.0,0.0,0.0,0.0,0.0,0.0,0.0,0.0,0.0,0.0,45.5,17.4
21,bypass character ai filter,0.0,2.75,3.8,0.0,2.25,7.8,11.0,6.75,57.2,44.0,40.0,63.0
22,character ai login,5.5,1.25,4.2,1.25,6.5,6.8,15.0,9.75,54.0,78.0,64.75,62.2
23,chat ai character,0.0,0.25,0.0,2.0,6.0,23.4,34.25,30.25,78.6,82.0,57.0,69.2
24,character ai chats,5.25,1.75,4.4,1.25,2.5,8.4,9.0,7.75,47.8,55.75,73.75,54.0
25,is character ai down,1.25,1.75,1.2,0.0,2.25,4.4,0.75,5.0,18.6,26.5,20.0,35.4
26,ao3,44.5,40.25,40.8,42.0,47.25,47.4,47.75,46.75,47.4,49.25,52.75,64.8
27,how to bypass character ai filter,0.0,3.5,6.2,0.0,3.5,4.0,15.25,6.5,60.2,54.75,50.75,54.2
28,tavern ai,1.75,0.0,0.6,0.5,3.5,3.6,6.25,16.5,30.8,52.25,66.5,69.6
29,character ai no filter,6.75,0.0,1.4,2.5,0.0,2.2,9.25,5.0,42.4,26.5,76.25,85.4
30,wattpad,90.75,79.5,75.8,77.75,81.0,81.6,76.75,79.75,76.2,79.5,84.25,88.8
31,talk to ai,10.75,6.0,8.4,6.5,14.75,18.4,27.75,25.0,55.4,39.75,30.0,28.8
32,character ai nsfw filter bypass,5.5,2.0,1.6,4.0,0.0,9.2,17.25,7.0,57.2,39.25,36.25,61.2
33,roleplai,1.0,0.0,0.0,0.75,1.0,0.0,2.0,6.25,69.8,29.75,19.75,15.6
34,ai chat,1.5,1.0,1.2,2.25,43.75,52.6,58.5,64.0,82.8,74.25,57.5,54.6
35,pygmalion,35.0,46.0,55.6,54.25,54.0,70.8,88.75,78.25,85.0,66.5,49.0,64.8
36,free fonts,80.0,78.5,77.4,76.5,75.25,78.2,79.0,76.75,76.2,73.25,77.25,88.2
37,pygmalion ai,1.5,1.0,1.6,0.75,0.0,34.2,39.5,42.25,66.2,40.75,38.25,34.4
38,roleplay ai,1.0,1.0,8.6,9.5,13.25,15.6,27.75,24.5,80.6,59.25,55.25,66.6
39,picrew,80.25,69.75,67.8,78.5,72.25,69.4,66.0,70.0,71.8,70.5,72.25,59.4
40,deviantart,75.75,74.75,74.2,76.0,76.25,76.0,79.0,77.25,81.2,85.0,86.5,92.8
41,beta character ai nsfw,0.0,0.0,0.0,0.0,6.5,9.6,8.25,8.75,55.2,25.0,13.25,3.8
42,beta character ai chat,0.0,0.0,0.0,0.0,9.0,27.8,39.5,21.75,60.4,57.0,26.0,16.2
43,is character ai safe,9.0,0.0,13.6,13.25,0.0,22.8,16.25,9.75,62.4,68.0,64.5,65.6
44,chatgpt login,0.0,0.0,0.0,0.0,5.0,16.4,50.0,74.25,93.8,79.75,63.0,51.2
45,character ai nsfw,1.0,0.0,0.8,0.25,3.25,13.4,18.0,20.25,74.6,73.0,72.0,76.0
46,chat,35.75,34.0,33.2,35.0,55.25,66.6,76.25,88.0,95.8,85.0,72.5,66.6
47,ai,15.75,16.0,16.2,19.5,33.75,32.8,42.0,45.75,74.0,73.75,66.25,68.0
48,gpt,1.0,1.0,1.0,1.5,29.5,46.2,62.25,84.75,95.0,75.0,52.5,41.2
49,ai chatgpt,0.0,0.0,0.0,0.75,36.0,52.4,69.5,77.5,90.2,78.25,58.75,52.2
50,what is chatgpt,0.0,0.25,0.0,0.5,25.0,49.0,81.0,82.0,95.8,73.75,52.75,41.4
51,chat gpt,0.0,0.0,0.0,0.5,28.0,46.0,62.25,82.75,92.6,74.0,52.0,39.2
52,google chatgpt,0.0,0.0,0.0,0.25,22.75,39.4,77.5,77.75,91.0,77.25,52.0,41.8
53,chatgpt app,0.0,0.0,0.0,0.25,14.75,64.4,71.0,51.0,63.8,61.0,37.25,33.4
54,use chatgpt,0.25,0.0,0.0,0.5,25.25,42.2,64.25,81.25,96.2,73.0,57.75,52.6
55,chatgpt openai,0.25,0.25,0.2,2.5,47.25,60.2,72.75,78.0,74.6,60.0,37.0,31.0
56,ai character generator,12.25,15.0,13.6,18.0,35.0,30.8,41.5,50.25,74.4,91.25,79.25,82.6
57,openai,4.75,5.25,6.6,10.0,63.5,68.6,75.0,84.0,80.2,66.5,47.75,42.6
58,chatgpt free,0.25,0.25,0.0,0.25,20.25,39.6,58.75,66.0,89.4,78.75,65.0,61.0
59,reddit chatgpt,0.0,0.25,0.0,1.0,41.75,54.4,79.0,87.5,92.2,73.5,57.25,54.0
60,how to use chatgpt,0.0,0.5,0.4,0.5,25.25,45.2,67.5,83.25,95.8,78.5,62.0,55.0
61,chatgpt meaning,0.0,0.0,0.0,0.5,20.5,43.0,70.75,75.25,88.0,70.25,63.75,52.8
62,chatgpt api,0.5,0.25,1.4,0.75,21.25,38.0,62.75,89.0,84.4,63.25,47.25,44.8
63,chatgpt chatbot,0.75,0.5,0.4,2.5,52.0,62.0,79.5,65.5,53.0,31.75,20.75,22.2
64,chatgpt stock,0.5,0.25,0.0,0.75,19.25,52.8,66.5,46.25,47.0,41.5,34.0,28.0
65,python,79.0,86.75,94.6,82.5,69.75,78.8,91.5,86.75,80.6,70.5,71.0,72.6
66,chatgpt website,0.0,0.0,0.2,0.5,25.25,46.0,56.25,63.0,88.0,85.25,69.75,55.8
67,ai generator,18.75,17.5,17.8,21.75,50.75,30.0,34.5,40.5,51.6,51.5,45.5,49.8
68,chat gpt login,0.25,0.0,0.0,0.0,7.0,53.0,80.0,84.5,93.4,74.5,46.25,34.2
69,bing chatgpt,0.0,0.0,0.0,0.0,0.75,3.4,66.5,39.75,29.4,22.0,16.25,13.8
70,gpt chat,0.0,0.0,0.0,0.5,28.0,46.0,62.25,82.75,92.6,74.0,52.0,39.2
71,gpt ai,0.75,0.25,1.0,2.0,44.25,55.8,60.0,77.25,89.8,75.75,51.5,44.2
72,chatgpt,0.0,0.0,0.0,0.75,34.5,54.0,82.75,87.25,95.6,77.0,60.5,51.0
73,ai gpt chat,0.25,0.0,0.0,1.0,41.0,58.0,61.5,76.75,90.0,74.75,51.5,44.6
74,chat ai,1.5,1.0,1.2,2.25,43.75,52.6,58.5,64.0,82.8,74.25,57.5,54.6
75,what is gpt,0.75,1.0,1.0,1.5,22.5,46.8,61.75,79.5,92.4,68.75,45.75,35.2
76,what is chat gpt,0.0,0.0,0.0,0.25,21.25,47.0,62.25,76.5,91.4,67.0,44.5,33.8
77,chat gpt 4,0.0,0.0,0.0,0.0,1.0,2.2,2.5,70.5,53.2,33.0,23.25,20.2
78,character generator,73.25,76.0,74.2,77.0,83.5,80.2,88.25,86.25,91.2,96.5,91.75,83.8
79,google gpt,0.25,0.5,0.4,0.25,19.25,34.6,61.0,76.0,92.8,75.75,49.25,36.2
80,use chat gpt,0.25,0.0,0.0,0.5,24.75,46.6,58.0,81.75,95.0,70.5,51.75,41.8
81,chat gpt app,0.25,0.5,0.2,0.75,81.75,73.4,67.5,81.0,84.6,65.0,44.5,40.4
82,open gpt,0.75,1.0,1.0,3.5,70.0,82.6,63.75,82.25,87.4,66.5,47.0,41.6
83,openai gpt,1.25,1.0,1.6,5.75,67.75,74.8,59.5,84.75,71.4,49.25,33.75,28.2
84,free chat gpt,0.25,0.5,0.4,0.5,23.5,42.8,51.0,77.0,92.8,82.25,62.5,58.0
85,open chat gpt,0.0,0.25,0.6,1.75,59.25,79.0,60.75,75.25,80.2,62.75,43.25,36.8
86,chatbot gpt,0.25,1.0,0.2,3.5,86.0,90.8,78.75,67.25,55.2,34.75,26.0,22.0
87,open ai,7.5,8.0,9.2,11.5,75.75,76.0,71.5,77.5,80.2,71.75,58.25,52.0
88,open ai gpt,1.0,0.75,1.8,3.75,69.5,80.8,60.5,81.5,85.6,63.25,43.75,38.2
89,what is character ai,0.5,3.5,2.6,0.5,5.75,14.2,19.25,26.25,64.2,85.25,61.5,77.4
90,chat openai,0.25,0.5,0.2,4.25,71.0,61.4,56.25,61.75,56.8,43.5,30.5,24.2
91,chat gpt open ai,0.25,0.25,0.0,1.75,60.5,77.8,56.75,71.5,74.4,58.0,38.5,35.0
92,how to use chat gpt,0.25,0.25,0.2,0.75,24.0,46.2,55.75,77.25,88.2,66.75,49.25,40.2
93,gpt detector,0.0,0.25,0.0,0.25,8.75,30.0,55.5,68.5,84.6,62.75,32.5,21.2
94,chat gpt stock,0.25,0.0,0.2,0.25,15.0,53.6,43.5,26.5,23.2,21.0,14.25,12.6
95,chat gpt meaning,0.0,0.0,0.0,0.5,17.0,39.0,59.0,77.75,89.2,67.75,58.0,47.0
96,how to get chat gpt,0.25,1.0,0.6,0.25,22.0,38.8,52.0,75.25,91.2,66.75,49.25,40.2
97,chat gpt detector,0.0,0.5,0.2,0.0,7.5,30.6,60.5,70.5,85.0,64.5,33.75,23.0
98,chat gpt website,0.5,0.0,0.4,0.5,29.5,59.6,61.25,71.75,91.4,70.0,59.5,47.6
99,bing gpt,0.5,0.0,0.2,0.25,0.75,4.8,74.25,58.75,41.8,30.0,20.75,18.8
100,chat got,3.75,3.25,3.6,4.0,29.25,44.6,58.75,79.25,94.2,79.5,55.5,52.4
101,bing chat,0.25,0.5,0.0,0.5,0.75,1.4,57.0,36.25,27.8,24.75,17.5,18.2
102,chat gpt resume,0.5,0.75,0.0,0.75,7.75,35.4,40.0,61.25,83.4,80.0,79.5,77.8
103,microsoft chat gpt,1.25,0.0,0.0,0.0,10.25,60.6,66.25,68.25,57.4,40.25,30.5,31.4
104,quillbot,42.0,69.25,75.6,69.75,60.5,72.6,91.5,89.5,87.2,70.75,48.0,40.4
105,chapt gpt,0.0,0.0,1.6,0.0,15.75,34.8,53.75,66.25,84.4,71.0,48.75,50.8
106,chat gpt prompts,0.5,0.75,1.8,3.25,27.75,34.8,38.75,68.5,90.0,83.25,62.0,59.4
107,chat gpt 5,0.0,1.25,1.0,0.75,17.5,33.2,46.75,77.0,92.4,54.5,47.25,39.2
108,chatgpt open ai,0.25,0.0,0.0,2.5,56.25,72.4,72.25,82.25,80.4,71.5,49.25,41.0
109,ai chat gpt,0.25,0.0,0.0,1.0,41.0,58.0,61.5,76.75,90.0,74.75,51.5,44.8
110,google ai,14.0,14.5,15.6,14.5,21.75,29.8,55.75,56.75,76.2,90.0,69.75,59.4
111,free ai,11.25,12.25,14.8,25.0,37.75,38.6,45.25,52.0,75.6,82.0,84.0,92.6
112,what is ai,11.0,12.5,13.0,14.25,25.25,27.4,37.5,41.5,67.4,59.0,48.0,47.8
113,what is chatgpt ai,0.0,2.5,0.0,0.0,25.25,51.6,70.25,77.0,90.2,76.0,58.5,49.4
114,ai chatbot chatgpt,0.5,0.5,0.0,2.0,66.25,48.8,77.75,62.0,66.6,43.5,32.25,34.8
115,ai chatbot,6.25,4.5,4.8,6.5,45.75,43.4,81.5,57.0,78.2,58.0,46.75,47.0
116,best ai,18.25,19.0,19.6,21.75,38.5,43.4,52.75,60.75,84.0,92.5,85.0,91.4
117,openai chatgpt,0.25,0.25,0.2,2.5,47.25,60.2,72.75,78.0,74.6,60.0,37.0,30.6
118,chatgpt ai login,2.75,0.5,0.0,0.0,9.5,26.6,52.25,76.0,83.2,63.75,45.5,39.4
119,ai app,5.25,6.0,5.8,13.0,43.75,17.4,18.75,21.0,31.0,41.25,36.75,42.6
120,bard ai,0.25,0.0,0.0,0.0,0.0,0.2,33.25,27.75,33.0,70.25,45.5,42.0
121,chatgpt ai detector,2.75,0.0,0.0,0.5,4.25,19.0,44.0,64.75,85.8,62.75,34.25,25.8
122,ai detector,0.0,0.0,0.2,0.25,2.25,11.8,25.75,43.0,74.4,68.25,34.25,27.0
123,bing,58.75,57.0,58.8,74.25,74.5,63.4,82.25,72.5,71.2,68.25,65.25,60.8
124,open ai chat gpt,0.25,0.25,0.0,1.75,60.5,77.8,56.75,71.5,74.4,58.0,38.5,35.2
125,open ai chat,0.5,0.25,0.0,3.25,77.5,70.6,51.5,57.0,55.4,45.25,30.5,27.6
126,open ai gpt chat,0.25,0.25,0.0,1.75,60.5,77.8,56.75,71.5,74.4,58.0,38.5,35.2
127,chatgpt ai,0.0,0.0,0.0,0.75,36.0,52.4,69.5,77.5,90.2,78.25,58.75,52.0
128,chat gpt free,0.25,0.5,0.4,0.5,23.5,42.8,51.0,77.0,92.8,82.25,62.5,58.2
129,google chat gpt,0.25,0.0,0.0,0.0,19.75,36.4,63.5,76.75,94.2,77.75,50.0,37.2
130,google ai chat,2.0,2.5,2.0,2.5,22.5,36.0,68.25,70.0,82.4,80.0,56.75,48.0
131,what is chat gpt ai,0.5,0.75,0.0,0.0,26.5,51.8,59.75,71.25,91.4,72.0,53.75,43.8
132,chat gpt ai login,0.0,0.0,0.0,0.0,17.25,60.6,63.0,66.75,83.6,64.75,39.25,31.0
133,chat with ai,4.0,2.5,3.4,4.5,23.25,32.4,46.75,55.25,78.8,73.25,54.5,49.6
134,chat gpt ai chatbot,0.75,1.0,1.2,0.0,46.0,47.8,62.75,50.75,51.0,27.0,29.5,18.6
135,ai chatbot gpt,0.75,0.75,0.0,1.75,75.5,64.4,65.5,55.0,53.0,28.75,26.0,22.8
136,chat gpt ai detector,0.0,0.0,2.4,0.0,5.75,21.8,45.5,64.25,86.0,64.5,30.0,23.6
137,openai chat,0.25,0.5,0.2,4.25,71.0,61.4,56.25,61.75,56.8,43.5,30.5,24.4
138,ai writer,8.0,12.0,13.8,15.75,53.25,62.0,69.0,72.25,83.6,76.5,48.5,45.4
139,chat gpt art,1.25,0.0,0.6,0.5,30.0,45.8,65.25,74.0,90.4,74.5,43.0,36.8
140,art ai,18.0,20.5,19.8,21.5,52.75,28.0,27.25,26.75,28.8,29.0,25.75,25.0
141,image generator ai free,14.0,10.75,15.8,17.0,31.0,30.6,34.5,44.75,75.6,92.25,89.75,98.4
142,free ai generator,11.25,13.0,17.2,20.75,41.75,37.8,42.0,49.5,69.2,76.5,76.5,86.8
143,free image ai generator,14.0,10.75,15.8,17.0,31.0,30.6,34.5,44.75,75.6,92.25,89.75,98.4
144,free image generator,17.75,14.25,19.4,21.75,33.5,33.4,38.0,47.75,77.2,93.25,90.75,95.8
145,image to image ai generator,25.0,24.25,29.4,30.75,55.25,50.0,50.25,65.5,87.0,96.25,84.0,76.6
146,image to image ai,23.75,26.5,29.0,30.0,47.5,48.0,53.75,67.25,87.4,89.5,88.5,88.8
147,art ai generator,11.75,16.0,15.8,19.0,48.5,25.0,23.0,23.25,26.0,25.0,21.0,19.6
148,ai text generator,33.5,35.5,31.4,30.5,64.0,65.6,73.25,83.5,92.4,94.25,82.25,76.8
149,ai generator from image,44.25,38.25,37.4,37.5,71.5,52.4,58.5,60.25,81.4,82.0,82.5,77.4
150,ai image generator from image,40.75,37.5,36.4,32.75,66.5,49.4,55.5,61.5,79.8,85.25,77.75,74.2
151,best image ai generator,21.25,16.75,25.8,18.25,39.5,44.0,43.25,60.75,85.2,76.75,77.25,76.0
152,ai image generator midjourney,38.0,22.5,13.4,8.0,20.25,30.6,28.25,61.0,75.6,75.5,64.25,49.2
153,midjourney,43.5,27.75,13.0,17.0,31.75,43.8,47.25,73.5,69.4,62.5,56.5,48.6
154,midjourney ai,65.5,49.0,19.4,22.75,45.5,55.8,53.75,72.5,76.2,67.75,56.25,51.2
155,dall e ai,82.0,67.25,63.8,45.75,69.5,72.0,59.5,57.75,63.2,46.25,36.75,28.2
156,dall e generator,77.0,55.75,51.4,36.0,53.5,47.4,36.5,37.75,44.0,31.5,21.5,18.2
157,ai image generator dall e,72.0,55.0,37.4,31.25,46.5,45.2,39.75,47.75,75.8,46.25,36.75,30.0
158,dall e image generator,84.75,53.0,42.0,33.5,57.25,56.0,42.0,55.25,71.8,51.0,46.75,33.4
159,dall e,77.5,50.75,44.6,27.75,40.0,37.0,31.25,28.75,27.4,21.25,16.5,13.0
160,ai images,44.25,31.25,31.6,36.5,60.25,47.8,52.5,65.25,77.4,78.5,72.0,74.8
161,ai images generator,36.75,26.25,23.8,32.0,54.5,46.6,60.5,62.0,77.4,92.5,77.25,78.8
162,ai image generator from text,52.5,52.75,45.0,35.5,58.5,42.8,49.25,59.0,71.2,57.0,65.75,49.2
163,ai text to image,26.25,28.5,31.4,31.0,44.75,48.0,53.5,65.25,83.6,86.0,71.75,64.6
164,ai text to image generator,23.5,25.0,28.4,23.75,37.25,37.8,42.25,58.0,66.4,81.75,58.5,51.0
165,bing image generator,1.25,0.5,0.6,1.5,0.75,3.2,1.5,21.25,72.8,68.75,74.0,78.4
166,bing ai,0.0,0.0,0.0,0.5,0.25,0.8,63.0,34.0,34.8,33.75,29.5,26.8
167,ai image generator bing,1.5,0.0,0.6,2.25,1.25,0.8,2.0,13.75,72.8,71.5,77.0,79.6
168,chatgpt image generator,4.5,5.5,4.8,0.0,26.0,38.0,46.25,55.5,88.4,72.25,63.5,58.2
169,stable diffusion ai image generator,18.5,40.0,35.2,33.25,56.0,49.8,50.25,69.75,77.0,70.25,77.75,42.6
170,stable diffusion ai generator,12.5,46.5,50.0,38.0,59.75,53.6,68.25,69.25,71.6,66.75,62.5,37.2
171,stable diffusion ai,29.0,68.75,71.4,49.75,85.75,76.0,85.5,89.75,93.0,86.5,77.25,65.6
172,stable diffusion,32.25,73.75,72.6,57.5,75.5,69.2,82.5,91.75,92.6,89.0,79.5,78.4
173,ai image generator chat gpt,4.75,8.75,4.2,0.0,30.25,37.0,46.25,70.75,74.0,71.0,71.25,49.4
174,chat gpt image generator,1.75,0.0,0.0,1.25,28.75,31.2,56.25,75.75,75.8,73.0,74.75,58.4
175,novel ai,8.75,25.0,83.6,58.75,58.75,47.2,43.75,39.5,42.2,44.75,36.25,33.8
176,novel ai image generator,0.0,1.75,59.2,38.25,34.0,25.4,21.25,23.5,14.8,14.25,16.25,17.8
177,canva ai,4.25,7.0,6.8,8.75,18.0,29.0,36.75,48.5,76.6,83.25,77.0,73.8
178,bing image creator,0.0,0.0,2.2,3.0,0.75,2.8,0.5,35.5,81.0,68.5,74.25,67.6
179,fotor,20.25,25.5,29.6,35.75,54.5,63.0,59.5,71.25,75.4,75.0,66.25,81.4
180,best free ai art generator,21.25,32.0,28.4,28.25,59.5,58.0,51.5,52.5,75.6,72.5,63.25,67.0
181,ai image generators,7.5,11.0,15.8,12.5,13.25,20.0,19.75,21.5,30.4,50.0,40.0,49.8
182,lensa ai,0.0,0.0,0.0,5.25,33.25,2.6,1.0,1.0,1.0,0.75,0.25,0.4
183,lensa,0.0,0.0,0.0,6.25,31.75,2.4,1.0,1.0,1.0,1.0,1.0,1.0
184,microsoft ai image generator,6.5,8.0,4.2,0.0,0.0,0.0,10.5,22.0,39.2,25.25,44.25,59.8
185,jasper art,16.0,25.25,36.0,52.0,54.25,72.0,41.0,41.75,34.2,35.0,24.75,26.0
186,ai avatar generator,0.5,1.25,2.2,6.75,41.0,10.2,9.25,10.75,9.6,9.75,8.75,9.6
187,dall-e 2 free,18.75,17.25,3.8,12.25,19.25,23.4,13.5,17.0,84.2,59.0,56.0,57.6
188,chat gpt ai,0.25,0.0,0.0,1.0,41.0,58.0,61.5,76.75,90.0,74.75,51.5,44.8
189,what is gpt chat,0.0,0.0,0.0,0.25,25.5,52.4,70.5,82.75,91.8,74.25,52.25,39.4
190,openai chat gpt,0.25,0.5,0.2,2.25,54.25,74.4,56.75,71.75,59.6,42.75,27.75,20.4
191,chat openai gpt,0.0,0.5,0.0,2.25,58.5,76.6,61.25,76.5,61.8,45.75,30.25,21.0
192,new chat gpt,0.5,0.5,0.2,0.5,28.25,40.2,59.5,78.0,84.2,65.0,47.25,38.0
193,bing chat gpt,0.5,0.0,0.0,0.0,0.75,3.6,72.0,49.5,34.8,25.75,18.25,17.6
194,chat gpt download,0.0,1.0,0.0,1.25,30.75,68.2,64.75,66.5,67.6,53.25,41.25,34.4
195,is chat gpt free,1.0,0.0,1.2,2.0,41.0,49.2,66.75,81.0,90.6,73.5,56.25,43.6
196,chat gpt cost,2.0,0.0,0.8,0.5,25.0,39.6,55.75,73.5,91.6,63.75,49.0,42.0
197,chat gpt examples,0.0,0.0,1.6,2.75,22.5,43.0,60.0,81.0,88.0,70.25,45.0,34.4
198,bard,21.0,21.25,20.0,18.25,18.25,19.8,39.25,48.5,46.8,75.75,53.75,53.8
199,voice generator ai,6.5,6.5,6.8,9.5,12.75,19.0,78.25,77.25,76.0,76.5,65.5,66.6
200,voice generator,21.75,22.5,25.0,26.0,30.75,33.0,79.75,79.25,78.2,73.5,63.0,65.6
201,ai voice free,4.75,7.5,9.4,11.75,12.75,22.0,56.25,60.25,70.8,76.75,80.75,87.2
202,text to voice ai,11.25,11.5,13.6,16.75,26.5,28.4,72.5,73.75,81.0,77.5,86.25,74.6
203,text to voice,67.25,69.25,74.0,71.0,73.0,74.2,91.5,90.25,84.8,84.0,80.5,78.6
204,text to speech ai voice,11.0,12.5,14.4,15.5,28.25,25.8,67.75,76.75,70.4,72.5,81.5,74.8
205,ai text to speech,17.0,16.25,18.4,21.0,33.0,36.0,74.75,80.75,85.6,88.0,89.5,85.4
206,text to speech,72.75,81.0,80.0,76.25,79.0,85.0,99.0,91.0,84.8,84.0,78.5,78.0
207,ai voice generator free,7.25,6.25,9.2,12.25,11.5,18.6,57.5,61.0,73.0,75.75,79.0,88.4
208,eleven ai voice,0.75,0.0,3.0,1.25,0.0,6.4,68.25,90.75,48.6,32.5,24.5,22.8
209,eleven ai,0.0,0.5,1.0,2.5,1.25,6.2,74.75,83.5,52.4,37.0,27.0,26.0
210,voice changer ai,0.75,3.5,3.2,16.0,13.5,16.2,27.0,34.0,28.4,37.75,28.25,45.6
211,voice changer,55.75,48.25,55.0,85.25,74.75,62.6,61.75,71.25,60.2,60.0,64.0,71.2
212,voice ai voice changer,3.0,3.75,2.8,15.0,14.75,15.6,27.25,31.25,24.4,35.0,28.25,49.0
213,eleven labs ai,0.75,0.5,1.4,0.0,0.5,5.6,74.25,87.5,55.6,35.75,26.5,25.2
214,eleven labs ai voice,0.75,0.75,0.0,0.75,0.0,6.2,62.25,89.25,46.4,32.75,23.25,18.8
215,eleven labs,0.0,0.0,0.0,0.0,0.0,3.2,25.0,70.75,30.4,19.75,18.0,16.6
216,celebrity voice ai,2.75,1.75,1.6,3.5,3.75,9.0,68.75,59.0,59.8,58.0,33.75,43.6
217,best voice ai,9.25,12.5,10.4,6.5,16.0,25.4,67.75,70.75,63.8,75.75,67.5,71.4
218,google ai voice,21.75,16.0,10.8,18.5,24.25,31.8,68.75,68.0,81.2,91.5,76.0,73.2
219,google voice,96.0,94.75,90.6,84.25,79.0,83.4,82.25,78.25,75.2,76.75,74.75,68.0
220,voice cloning,2.75,4.75,2.6,5.25,4.25,23.6,59.0,48.75,44.6,35.5,30.5,32.0
221,ai voice cloning,0.0,7.25,6.2,3.0,2.75,8.4,76.0,74.5,73.0,57.0,56.75,52.6
222,text to voice generator,38.75,35.5,33.4,42.75,49.5,45.6,85.25,84.0,73.2,70.25,68.0,64.6
223,elevenlabs,0.0,0.0,0.4,0.25,1.75,17.4,87.75,85.75,75.4,68.25,74.5,69.2
224,elevenlabs ai voice,0.0,1.0,0.0,0.0,2.0,11.0,85.0,59.25,38.4,38.25,42.25,49.4
225,elevenlabs ai,0.0,0.0,0.0,1.5,1.75,8.0,84.25,58.25,49.2,45.25,53.5,45.8
226,biden ai voice generator,1.25,3.25,2.0,0.0,0.0,1.2,58.75,35.75,17.4,12.0,3.5,3.4
227,voice.ai,0.0,1.0,4.8,63.75,37.25,40.0,75.0,50.75,48.0,63.5,60.25,40.2
228,dagoth ur,3.5,4.0,3.0,4.5,6.0,8.0,68.5,23.75,12.6,9.5,6.5,6.2
229,dagoth ur ai voice,3.25,0.0,0.0,2.25,3.75,4.4,62.75,11.5,3.4,4.0,10.25,0.0
230,ai president voice generator,3.0,0.0,3.8,0.0,0.0,5.0,48.25,60.5,31.4,20.75,15.0,10.4
231,ai voice song cover,9.25,5.0,4.6,0.0,0.0,6.8,0.0,14.75,27.4,31.25,32.25,78.2
232,11 labs ai voice,2.75,6.5,2.0,6.5,2.75,18.8,21.5,11.75,20.8,11.0,19.0,54.8
233,11 labs,11.5,7.0,5.6,7.75,6.25,17.8,46.75,81.25,58.4,45.75,46.5,53.2
234,rvc ai voice,0.0,5.5,0.0,6.0,0.0,0.0,14.5,4.0,0.0,24.25,43.0,83.0
235,rvc ai,3.5,2.5,0.0,0.0,0.0,0.0,7.0,3.5,1.4,35.25,75.75,84.0
236,rvc,70.75,64.5,65.6,67.75,74.0,70.8,71.0,70.5,66.0,76.75,89.25,93.2
237,speechify,51.75,67.0,55.4,39.5,40.0,79.2,74.75,67.0,73.8,64.25,64.75,55.0
238,ai voice cloner,10.0,10.25,0.0,0.0,0.0,4.6,40.25,17.25,43.6,31.25,32.0,41.2
239,ai voice generator presidents,13.75,0.0,0.0,3.75,0.0,9.8,41.25,59.25,13.8,9.25,13.25,0.0
240,ice spice ai voice,11.5,0.0,0.0,5.25,4.5,13.0,26.0,63.75,18.8,24.75,19.0,29.4
241,snapchat my ai,0.0,0.0,0.0,0.0,0.0,0.0,1.0,0.25,28.0,4.25,1.75,1.0
242,my ai,1.0,1.0,1.0,6.25,4.5,3.0,4.25,4.5,33.6,10.75,7.75,8.0
243,ai on snapchat,0.0,0.0,0.0,0.0,0.0,0.0,0.5,0.0,28.0,4.25,1.75,1.0
244,my ai on snapchat,0.0,0.0,0.0,0.0,0.0,0.0,0.75,0.0,27.0,3.5,1.5,0.8
245,how to get snapchat ai,0.0,0.0,0.0,0.0,0.0,0.0,0.25,0.0,27.8,4.5,1.5,1.0
246,get rid of snapchat ai,0.0,0.0,0.2,0.0,0.0,0.0,0.0,0.0,29.6,7.0,2.25,1.6
247,how to get ai on snapchat,0.0,0.0,0.0,0.0,0.0,0.0,0.25,0.0,25.6,3.25,1.5,0.8
248,how to get rid of snapchat ai,0.0,0.0,0.0,0.0,0.0,0.0,0.0,0.0,30.4,6.75,2.25,1.2
249,how to get my ai,0.0,0.0,0.0,0.25,0.5,0.4,0.5,1.0,26.8,5.0,2.5,1.6
250,get rid of ai on snapchat,0.0,0.0,0.0,0.0,0.0,0.0,0.0,0.0,27.8,5.75,2.0,1.4
251,delete snapchat ai,0.0,0.0,0.0,0.0,0.0,0.0,0.0,0.0,33.0,7.25,3.25,1.4
252,snapchat ai remove,0.0,0.0,0.2,0.0,0.0,0.0,0.0,0.0,35.8,11.75,4.75,1.8
253,get rid of my ai snapchat,0.0,0.0,0.0,0.0,0.0,0.0,0.0,0.0,28.4,4.75,2.0,0.8
254,how to get my ai on snapchat,0.0,0.0,0.0,0.0,0.0,0.0,0.25,0.0,25.8,3.0,1.25,0.8
255,how to get rid of ai on snapchat,0.0,0.0,0.0,0.0,0.0,0.0,0.0,0.0,27.0,5.0,1.5,1.4
256,snapchat delete my ai,0.0,0.0,0.0,0.25,0.0,0.0,0.0,0.25,29.6,4.75,1.75,1.2
257,delete ai on snapchat,0.0,0.0,0.0,0.25,0.0,0.0,0.0,0.0,30.4,5.5,2.5,1.0
258,snapchat how to get rid of my ai,0.0,0.0,0.0,0.0,0.0,0.2,0.0,0.0,26.6,3.25,1.5,1.0
259,how to delete snapchat ai,0.0,0.0,0.0,0.0,0.0,0.0,0.0,0.0,32.0,6.75,2.5,2.0
260,how to get rid my ai on snapchat,0.25,0.0,0.0,0.0,0.0,0.0,0.0,0.0,26.2,2.75,1.5,0.6
261,what is snapchat ai,0.25,0.0,0.0,0.0,0.0,0.0,2.75,1.0,30.2,4.5,2.0,1.0
262,how to get rid of my ai on snapchat,0.0,0.0,0.0,0.25,0.0,0.0,0.0,0.0,26.8,3.5,1.5,0.8
263,how to remove snapchat ai,0.0,0.0,0.0,0.0,0.0,0.0,0.0,0.0,33.2,11.25,4.0,1.8
264,delete my ai on snapchat,0.0,0.0,0.0,0.0,0.0,0.0,0.0,0.0,28.6,4.0,1.75,1.0
265,how to delete ai on snapchat,0.0,0.0,0.0,0.0,0.0,0.0,0.0,0.0,28.8,4.5,1.75,0.8
266,how to delete snapchat my ai,0.0,0.25,0.2,0.25,0.0,0.0,0.25,0.0,30.0,4.5,1.75,1.4
267,what is ai on snapchat,0.0,0.0,0.0,0.25,0.0,0.0,3.25,0.5,28.4,3.25,1.5,1.0
268,snapchat remove my ai,0.25,0.25,0.0,0.0,0.0,0.4,0.25,0.25,34.0,10.25,4.0,2.2
269,snapchat how to delete my ai,0.0,0.25,0.4,0.0,0.25,0.2,0.0,0.0,30.0,4.5,1.5,0.8
270,ai bot snapchat,0.25,0.0,0.0,0.25,0.25,0.2,0.5,0.75,28.4,3.5,1.5,0.2
271,ai stock price,5.5,5.25,3.2,4.25,7.0,15.2,34.5,26.75,30.4,55.75,65.75,57.6
272,ai stocks,3.75,2.0,3.0,2.75,7.75,22.0,40.5,26.25,36.2,71.5,75.75,69.8
273,open stock,29.0,22.25,25.2,38.25,43.0,38.0,31.75,24.75,30.0,25.75,39.5,29.4
274,c3 ai stock,5.25,3.75,4.8,1.75,5.25,9.0,23.75,18.0,18.4,43.5,40.5,27.4
275,open ai stock,3.25,3.0,3.0,1.75,32.25,70.4,54.0,39.0,28.6,34.25,31.5,27.8
276,c3 ai,7.75,6.0,5.8,5.0,7.25,13.2,26.75,16.75,19.6,42.5,32.5,23.0
277,best ai stock,6.0,3.75,4.8,6.0,10.0,22.4,27.75,30.75,39.6,67.25,67.0,73.2
278,tesla stock,63.25,44.5,49.2,51.25,79.75,77.0,69.5,49.75,46.8,46.75,69.5,56.6
279,google stock,65.0,55.0,64.6,49.5,41.5,56.4,67.75,55.5,53.8,62.0,51.0,50.0
280,stock market,63.0,78.5,74.8,69.0,65.0,62.6,64.25,72.75,56.8,52.0,53.25,46.0
281,tsla,51.75,38.25,48.8,45.25,74.5,75.6,63.0,44.5,47.4,43.75,71.25,60.0
282,tsla stock,52.5,37.75,49.2,44.25,73.0,75.8,67.75,51.25,55.6,50.75,74.75,69.2
283,nvda stock,26.0,19.0,17.2,18.25,15.25,17.2,27.5,26.0,23.2,58.25,51.5,40.4
284,nvda,26.25,15.75,14.6,15.75,12.5,15.2,25.75,23.0,20.4,54.0,45.5,35.6
285,nvidia,52.75,46.75,45.8,48.0,41.5,41.4,45.25,44.25,40.0,70.5,59.0,52.2
286,nvidia stock,24.5,17.75,15.0,14.0,10.75,13.8,19.75,20.5,18.8,57.5,42.5,38.8
287,ai companies stock,2.5,7.5,6.2,5.25,9.5,27.0,35.25,26.0,38.0,73.75,58.75,62.4
288,ai companies,18.25,21.0,20.4,18.75,27.25,45.0,54.75,56.0,74.6,85.75,81.0,83.2
289,c3 ai stock price,1.0,1.25,2.0,0.0,1.5,12.0,21.25,18.0,18.8,41.0,47.0,38.2
290,amazon stock,70.5,53.25,69.0,66.5,56.75,62.2,56.0,49.0,52.4,54.0,54.75,51.4
291,generative ai,0.75,1.0,3.4,4.5,6.0,12.6,20.75,31.25,41.8,68.5,88.0,73.4
292,verses ai stock,0.0,2.75,0.0,7.5,3.0,4.2,0.0,5.25,2.0,39.0,50.5,53.2
293,chatgpt stock price,2.0,1.75,2.8,1.75,15.5,44.0,67.5,51.25,45.4,46.0,38.25,46.0
294,bbby stock,52.75,11.75,4.6,3.75,3.5,14.6,13.75,9.5,11.4,5.0,4.0,3.6
295,inflection ai stock,7.5,0.0,3.0,1.5,2.5,0.0,0.0,0.0,0.0,31.25,22.75,26.0
296,boil stock,18.25,20.5,23.8,34.75,54.75,59.8,92.25,77.75,59.6,54.0,62.25,37.6
297,open ai stock symbol,0.0,8.25,5.6,8.25,23.5,19.8,10.25,55.0,6.4,33.0,32.25,8.4
298,x.ai stock,0.0,0.0,0.0,0.0,2.0,0.0,0.0,0.0,43.0,17.75,18.25,31.6
299,vrssf stock,1.75,2.0,2.6,4.0,0.0,4.4,8.5,1.75,17.6,39.5,78.5,53.4
300,stability ai stock,0.0,28.25,16.2,31.75,0.0,40.6,25.0,9.5,17.4,57.75,54.0,9.0
301,pacw stock,0.25,0.25,0.4,0.0,0.0,0.2,0.5,26.0,32.0,40.0,17.0,16.0
302,cxai stock,3.0,1.25,1.0,0.5,0.5,1.8,2.5,7.5,53.0,20.5,18.25,11.8
303,sym stock,9.25,6.75,4.4,8.0,3.75,5.4,9.75,14.0,16.4,15.25,45.25,53.4
304,first republic bank stock,0.0,0.0,0.0,0.0,0.0,0.0,0.0,45.25,16.6,2.25,1.0,1.0
305,iep stock,12.75,10.0,11.4,10.75,10.25,12.2,13.0,14.5,29.0,64.5,37.0,28.0
306,wal stock,2.0,1.25,1.8,2.0,1.75,1.6,1.5,42.5,31.2,28.25,11.5,11.8
307,cava stock,0.25,0.0,0.2,0.25,0.0,0.4,1.0,0.75,0.4,1.0,43.5,28.8
308,hkd stock,47.25,43.25,29.0,18.0,13.5,46.8,22.0,17.5,20.8,14.5,14.75,12.8
309,soun stock,0.25,1.0,0.4,1.0,0.75,4.4,39.5,21.25,23.2,29.5,65.0,66.0
310,soundhound ai stock,2.75,6.0,7.4,3.25,0.0,6.0,43.25,9.0,10.6,25.75,51.75,67.0
311,art generator,17.0,19.5,19.2,22.5,51.0,26.2,26.25,25.75,27.0,26.5,23.5,23.0
312,image ai,48.0,34.25,34.8,36.25,63.0,48.4,55.0,65.0,84.6,88.5,86.25,88.4
313,image generator,54.5,39.0,38.6,39.0,63.0,48.4,54.0,61.25,72.8,75.0,72.25,74.4
314,image generator ai,51.0,30.25,29.4,30.75,58.5,39.8,43.75,52.75,70.6,74.25,70.0,73.8
315,text ai generator,33.25,33.75,30.4,31.5,64.25,63.4,73.0,82.25,88.0,91.5,80.5,75.6
316,text generator,82.5,84.75,85.6,83.5,89.25,88.4,98.75,95.75,93.4,92.0,86.75,86.0
317,voice ai,8.75,8.5,10.2,15.75,17.75,29.2,81.5,79.25,81.4,77.25,70.75,75.0
318,free ai art generator,20.0,25.25,33.6,36.5,75.5,68.0,62.75,64.5,87.2,88.5,88.0,84.8
319,ai voice generator,6.5,6.5,6.8,9.5,12.75,19.0,78.25,77.25,76.0,76.5,65.5,67.2
320,best ai generator,21.5,26.25,27.8,28.5,63.25,57.4,59.25,73.0,87.8,89.75,84.5,85.6
321,ai photo generator,6.25,6.0,6.4,13.75,42.25,15.6,15.75,22.75,28.2,31.75,31.0,39.2
322,picture ai generator,17.5,13.5,13.4,18.25,48.25,22.8,23.0,30.25,38.6,40.0,37.5,39.6
323,ai image generator free,15.0,10.75,14.2,17.0,30.5,30.2,34.75,44.5,71.2,89.75,92.0,96.4
324,ai logo generator,5.5,7.25,8.6,9.5,19.5,33.0,45.75,56.25,71.2,84.25,90.75,79.4
325,logo generator,54.25,53.25,49.0,51.25,54.25,69.2,76.5,80.5,90.6,92.5,92.25,85.6
326,ai chat generator,1.5,0.5,0.2,2.25,41.0,55.4,62.0,79.75,90.2,78.0,67.0,58.6
327,anime ai generator,1.0,1.75,6.8,14.0,45.0,13.8,15.0,12.0,14.0,15.75,16.75,15.8
328,bing ai image generator,0.75,0.75,1.8,1.75,0.0,0.0,1.75,16.0,73.2,71.75,84.75,83.8
329,ai selfie generator,0.25,0.0,0.2,5.25,33.0,2.6,1.5,1.75,3.4,1.5,1.0,2.2
330,remini,6.75,5.5,4.8,5.5,6.25,5.8,5.75,5.25,4.8,5.5,6.5,37.2
331,lensa ai art generator,0.25,0.25,0.4,2.5,28.75,2.4,0.5,0.75,1.0,1.0,0.5,0.0
332,remini baby ai generator,1.0,0.0,0.0,0.0,0.0,0.2,0.25,0.25,0.6,0.0,0.25,32.6
333,ai professional headshot generator,1.5,2.5,0.6,1.5,1.25,0.0,0.0,54.5,10.4,11.75,9.5,14.4
334,lensa app,0.0,0.0,0.0,5.5,30.5,1.2,0.75,0.75,0.4,0.25,0.0,0.0
335,soulgen,1.0,0.0,1.0,0.0,0.0,1.4,2.5,17.5,43.8,58.75,68.75,78.2
336,uncensored ai art generator,4.5,10.75,19.2,9.25,24.25,7.6,30.25,36.75,19.4,72.25,48.25,6.8
337,unstable diffusion,1.75,4.25,2.8,9.25,26.5,13.0,15.75,14.5,14.6,26.0,26.0,54.4
338,chat gbt,0.0,0.0,0.0,0.25,30.25,40.2,55.5,72.25,88.8,69.25,46.25,43.0
339,different dimension me,0.0,0.25,0.0,14.25,36.75,3.0,1.0,1.0,0.8,1.25,0.25,0.4
340,leonardo ai,2.5,0.5,1.2,1.75,3.5,2.8,17.5,25.0,42.0,84.25,73.25,74.4
341,ai headshot generator,0.0,0.25,0.2,0.75,1.25,0.4,0.75,35.5,20.8,13.75,12.25,44.4
342,ai art midjourney,65.25,23.25,12.4,11.25,23.75,28.8,24.5,23.75,26.8,22.0,19.5,20.4
343,midjourney art,66.25,28.5,14.0,12.75,26.75,34.0,31.25,30.75,35.4,30.75,26.0,26.8
344,ai image,48.0,34.25,34.8,36.25,63.0,48.4,55.0,65.0,84.6,88.5,86.25,88.0
345,midjourney ai art generator,57.0,34.75,24.0,18.5,40.5,50.6,38.5,42.0,47.0,39.25,38.75,29.6
346,ai art generator,12.75,16.5,16.4,18.5,47.75,24.2,23.0,22.5,24.2,23.5,21.25,20.0
347,midjourney free,17.5,12.25,11.6,10.25,23.75,35.8,37.5,58.25,85.0,85.75,76.0,63.8
348,midjourney ai free,16.25,15.0,9.0,9.25,23.5,36.0,36.25,51.5,77.0,81.75,75.75,58.4
349,image ai generator,51.0,30.25,29.4,30.75,58.5,39.8,43.75,52.75,70.6,74.25,70.0,73.0
350,midjourney ai image generator,41.75,21.5,6.6,11.0,21.75,33.4,33.25,60.75,74.8,74.5,69.25,55.2
351,discord,91.75,80.0,76.2,79.75,84.25,82.4,86.0,84.75,84.0,81.25,93.0,85.2
352,midjourney discord,57.0,35.5,14.6,18.75,32.75,47.0,53.0,75.25,70.0,66.25,52.25,41.8
353,discord ai,37.25,29.0,20.6,21.25,33.5,39.6,51.5,63.25,78.0,82.5,85.0,80.0
354,midjourney ai discord,62.75,50.0,19.2,23.25,32.25,40.2,48.75,62.0,65.4,59.5,49.25,41.4
355,midjourney ai images,27.5,12.0,7.6,15.5,28.25,32.6,32.5,62.75,63.4,67.0,56.25,38.4
356,midjourney images,25.0,17.0,10.8,15.5,25.25,37.4,45.75,70.0,78.6,74.75,63.75,57.6
357,ai art free,20.75,29.25,36.0,38.75,76.75,70.0,64.75,68.0,93.4,93.5,92.0,88.0
358,how to use midjourney,30.0,17.0,13.0,18.5,26.0,36.2,40.25,72.0,74.6,63.75,64.25,45.2
359,midjourney ai app,22.0,12.0,13.0,17.0,19.0,25.6,31.0,43.5,57.6,59.0,26.25,29.2
360,best ai image generator,22.5,18.75,24.0,21.5,39.0,47.4,43.75,62.75,84.0,83.25,81.75,79.6
361,ai midjourney v5,1.25,0.75,0.6,0.0,4.5,0.4,0.0,40.5,8.4,5.75,1.0,0.8
362,midjourney v5,1.0,1.0,0.0,0.25,0.5,0.6,1.5,64.0,27.4,11.25,6.75,4.4
363,adobe ai,9.75,10.75,10.6,11.75,17.0,24.0,29.5,48.0,54.0,75.25,77.0,53.8
364,jasper ai,21.25,20.75,34.4,37.0,61.25,89.8,81.75,66.25,61.6,58.0,43.5,40.8
365,midjourney ai alternative,5.0,20.0,0.0,7.75,5.0,23.8,7.5,23.75,47.6,26.25,33.25,21.0
366,midjourney api,0.0,0.0,1.8,8.0,28.0,30.2,35.75,79.75,70.8,73.25,38.0,39.0
367,ai art generator reddit,20.0,33.5,36.0,28.0,73.5,58.6,56.75,54.75,49.0,71.5,50.75,44.0
368,ai image creator,9.0,6.0,9.2,6.5,15.0,15.2,15.25,35.25,81.8,81.25,75.5,69.2
369,wombo ai,49.5,51.25,49.0,46.75,64.25,47.6,58.0,51.75,62.2,52.75,43.75,43.6
370,stable diffusion 2,20.25,41.5,35.0,49.0,79.25,40.8,43.5,50.0,45.0,39.75,33.5,37.2
371,ai free art generator,20.0,25.25,33.6,36.5,75.5,68.0,62.75,64.5,87.2,88.5,88.0,83.8
372,free ai art,20.75,27.75,34.8,38.75,77.5,68.6,63.75,66.75,88.0,91.0,90.5,86.0
373,ai text generator free,18.0,18.25,20.2,20.75,36.5,48.2,50.75,55.75,77.2,85.75,73.0,79.0
374,ai generator text,33.5,35.5,31.4,30.5,64.0,65.6,73.25,83.5,92.4,94.25,82.25,77.0
375,best free ai generator,11.5,20.0,23.0,21.75,49.75,51.0,54.5,55.5,76.8,77.0,81.5,87.4
376,voice ai generator,6.5,6.5,6.8,9.5,12.75,19.0,78.25,77.25,76.0,76.5,65.5,64.6
377,best ai art generator free,25.25,38.0,33.8,33.75,71.0,68.8,60.75,62.0,90.0,86.25,74.75,69.4
378,best ai art generator,20.5,36.5,33.8,32.0,77.25,62.4,54.75,59.0,66.6,68.0,59.5,54.2
379,logo ai generator,5.5,7.25,8.6,9.5,19.5,33.0,45.75,56.25,71.2,84.25,90.75,77.6
380,logo generator free,38.75,39.75,37.4,40.75,48.0,55.4,61.0,60.0,78.6,79.75,86.75,75.2
381,free ai headshot generator,1.0,1.75,2.0,0.0,0.75,1.0,1.25,20.5,16.4,15.25,13.25,42.6
382,free headshot generator,0.0,1.25,0.0,2.0,3.25,1.6,0.5,21.75,14.4,15.25,17.25,49.6
383,anime ai art generator,0.5,3.25,13.0,18.0,49.5,19.0,20.5,16.25,19.0,21.75,22.5,21.6
384,anime ai art generator free,3.25,6.75,48.0,34.75,67.0,37.2,58.0,49.5,38.4,79.75,54.75,57.6
385,jasper,88.75,76.75,79.2,73.0,80.5,79.6,82.75,84.5,81.6,82.75,88.0,88.6
386,ai essay generator free,7.5,0.0,5.4,15.0,22.5,41.2,51.75,53.75,77.4,41.25,12.25,26.8
387,craiyon ai,71.75,61.5,49.4,48.5,70.25,65.2,66.0,56.75,64.0,69.25,48.5,47.2
388,free ai selfie generator,2.75,1.0,0.0,3.5,34.0,4.2,1.5,0.0,2.0,2.25,1.5,5.6
389,celebrity ai voice generator free,5.5,5.0,4.2,0.0,8.25,12.2,53.25,55.25,51.2,24.0,41.75,27.4
390,ai art generator from photo free,7.25,7.25,16.2,36.0,39.0,28.6,13.5,24.25,31.2,41.75,41.25,39.6
391,free ai chatbot,0.0,7.25,3.2,4.25,18.0,33.8,47.5,47.25,72.4,66.0,60.0,75.8
392,is midjourney free,10.25,8.0,13.4,8.75,29.25,33.0,40.5,50.0,75.8,70.5,64.0,58.0
393,novelai,7.0,11.75,68.6,43.0,36.75,27.2,29.0,23.5,21.6,21.5,20.5,18.4
394,midjourney ai generator,57.75,38.5,23.8,21.0,42.0,51.6,45.75,67.0,76.0,70.25,64.5,53.8
395,use midjourney,27.5,20.0,11.4,16.5,28.25,36.2,42.75,68.5,73.8,64.75,60.75,43.6
396,free midjourney,16.75,13.25,9.8,7.75,22.25,32.8,37.0,55.75,80.0,83.25,73.5,62.8
397,midjourney prompt,12.75,16.5,9.2,13.0,19.5,28.4,44.25,66.5,80.2,81.0,69.5,60.0
398,midjourney prompts,12.75,16.25,9.6,11.5,25.75,40.2,51.5,73.75,83.4,85.75,74.25,61.6
399,midjourney art generator,61.5,43.0,27.4,21.75,45.0,55.6,43.0,47.25,55.6,45.0,40.0,34.6
400,midjourney how to use,28.25,18.75,14.8,19.25,25.5,38.2,42.5,75.25,76.8,67.75,64.5,49.4
401,ai art generator midjourney,57.0,34.75,24.0,18.5,40.5,50.6,38.5,42.0,47.0,39.25,38.75,29.6
402,midjourney bot,50.25,10.75,6.2,8.0,7.25,10.2,11.25,13.0,11.6,11.0,6.75,4.4
403,what is midjourney,24.75,23.25,10.8,13.25,27.0,46.2,42.75,71.0,84.8,75.0,63.5,57.0
404,midjourney cost,21.5,17.5,17.0,7.25,25.25,47.0,31.75,59.75,62.2,46.25,44.5,34.2
405,midjourney art styles,24.0,27.5,21.8,9.25,28.25,44.6,31.75,42.75,61.6,67.75,60.5,34.2
406,midjourney promo code,18.5,2.5,9.0,7.75,5.75,19.6,8.25,32.0,31.4,16.25,14.75,38.8
407,midjourney reference image,14.75,7.75,4.4,6.5,5.75,23.6,28.0,36.25,35.8,73.5,64.75,38.2
408,cancel midjourney subscription,3.75,5.75,6.2,0.0,28.5,21.8,25.75,38.0,40.6,32.5,42.5,44.8
409,upload image to midjourney,21.5,0.0,14.2,6.5,9.25,47.8,65.75,54.5,69.4,58.5,41.25,33.4
410,midjourney blend,16.25,9.5,4.6,5.25,11.5,8.6,23.0,52.0,72.8,63.25,36.25,56.2
411,midjourney v5 ai,0.75,0.0,0.0,0.5,0.0,1.8,0.75,37.75,6.8,3.0,5.25,1.0
412,image weight midjourney,23.25,0.0,0.0,11.25,44.0,32.8,40.5,52.75,48.2,48.5,40.25,16.4
413,midjourney architecture,12.75,15.5,5.6,5.5,0.0,9.8,21.25,22.25,34.0,54.25,21.25,19.2
414,free midjourney alternative,40.5,7.75,0.0,15.0,15.75,22.4,10.25,22.25,54.4,60.75,45.0,35.8
415,midjourney 教程,2.5,10.5,5.4,2.75,0.0,0.0,9.0,42.75,36.6,16.25,18.75,16.2
416,midjourney prompt guide,24.0,13.0,4.6,17.0,11.25,4.8,32.0,24.5,26.0,20.0,29.0,49.4
417,midjourney 5.1,0.0,0.0,1.4,3.75,3.0,1.6,2.0,1.5,21.2,49.0,14.5,25.0
418,gpt ai chatbot,0.75,0.75,0.0,1.75,75.5,64.4,65.5,55.0,53.0,28.75,26.0,25.4
419,gpt chatbot,0.0,0.5,0.2,2.5,85.25,85.4,77.25,64.0,52.2,31.25,25.25,21.4
420,chatgpt ai chatbot,0.5,0.5,0.0,2.0,66.25,48.8,77.75,62.0,66.6,43.5,32.25,35.2
421,bing chatbot,0.0,0.0,0.2,0.0,0.5,0.2,52.75,16.25,10.0,7.75,5.25,5.0
422,bing ai chatbot,0.5,0.0,0.4,0.0,0.0,0.0,55.25,19.5,15.8,12.75,8.75,6.6
423,google chatbot ai,2.25,1.5,1.0,1.5,11.25,9.8,48.5,24.5,28.8,27.25,16.0,13.8
424,google chatbot,4.0,3.25,2.2,3.75,14.25,16.0,51.0,30.75,28.6,24.0,15.25,13.6
425,free chatbot,9.0,9.5,6.6,7.75,30.5,48.8,66.25,65.5,76.2,65.75,57.75,71.6
426,chatbot free,9.0,9.5,6.6,7.75,30.5,48.8,66.25,65.5,76.2,65.75,57.75,71.6
427,character chatbot ai,1.25,0.0,0.8,1.5,11.5,25.0,26.5,22.0,77.0,59.75,39.75,43.6
428,ai chatbot bard,1.75,0.0,0.0,0.0,0.0,0.4,39.5,22.25,20.0,18.5,10.0,5.4
429,bard chatbot,0.0,0.0,0.4,0.0,0.25,1.2,38.25,23.75,19.0,17.0,9.25,7.0
430,google bard ai chatbot,0.0,1.75,0.8,0.75,1.0,0.6,37.25,17.0,16.4,13.75,5.25,5.0
431,google bard,0.0,0.0,0.6,0.25,0.0,0.6,30.25,35.25,33.0,71.75,42.75,38.6
432,google bard ai,0.0,0.25,0.0,0.0,0.5,0.2,39.5,29.75,28.6,64.25,36.5,30.0
433,bard google,0.25,0.0,0.4,0.25,0.25,0.2,30.0,33.0,28.0,63.75,36.5,33.4
434,snapchat ai,0.0,0.0,0.0,0.0,0.0,0.0,0.75,0.25,31.0,5.75,2.5,1.6
435,bing ai chat,1.0,0.75,0.2,0.25,0.75,0.4,59.0,39.5,31.2,24.75,17.75,17.8
436,ai chatbot snapchat,0.0,0.0,0.0,0.0,2.5,0.0,2.75,0.5,31.8,4.75,3.0,0.8
437,microsoft bing,25.0,23.25,26.0,23.25,27.5,31.0,80.75,57.25,47.2,41.75,34.25,32.6
438,microsoft bing ai chatbot,0.0,1.25,0.8,1.75,1.25,0.0,47.5,10.0,9.4,3.5,6.25,2.2
439,microsoft bing ai,0.25,0.0,0.0,0.25,0.25,0.6,58.0,23.5,20.0,20.5,11.75,15.6
440,gpt ai detector,1.0,0.0,3.0,1.75,8.0,20.8,49.25,75.0,86.6,67.75,33.75,24.2
441,ai chat detector,1.75,1.5,0.0,1.0,8.25,19.8,47.75,69.5,90.0,68.75,36.5,24.6
442,ai content detector,0.75,1.5,0.0,0.75,2.75,20.4,34.75,50.25,74.8,62.0,35.0,30.0
443,chatgpt detector,0.75,0.0,0.2,0.5,6.5,20.0,55.25,71.0,85.6,65.0,36.5,27.0
444,ai checker,0.75,0.75,1.6,1.75,8.75,16.0,32.0,45.75,74.6,75.25,37.0,31.0
445,ai writing detector,1.5,2.25,0.0,0.0,1.25,21.8,41.25,69.25,81.4,71.25,37.25,33.2
446,ai writing,10.25,12.75,16.4,18.0,50.0,66.4,67.5,74.5,87.8,79.25,60.5,62.6
447,free ai detector,1.75,0.0,2.0,2.75,1.0,9.4,13.5,24.5,60.6,59.5,32.25,23.4
448,plagiarism detector,7.0,13.75,15.6,16.25,23.25,27.2,49.25,53.25,75.6,54.75,30.75,23.2
449,ai plagiarism detector,2.5,0.0,2.6,0.0,6.5,14.4,28.0,42.75,72.0,59.75,32.75,22.0
450,turnitin,45.5,73.25,70.2,62.0,60.75,48.6,75.0,81.25,90.0,70.5,33.25,26.2
451,turnitin ai,0.25,0.0,0.0,0.5,3.25,4.8,12.5,30.0,81.2,56.0,27.5,22.4
452,ai detector turnitin,0.75,1.25,0.0,0.0,1.75,2.8,8.25,32.5,69.6,61.75,27.25,22.8
453,ai detector tool,2.5,0.0,3.2,0.0,7.5,15.0,28.75,48.5,78.0,60.5,31.25,25.8
454,ai plagiarism checker,2.0,1.25,3.8,2.25,16.75,23.8,40.0,49.25,76.0,62.25,30.25,28.8
455,docs,59.25,90.0,91.0,80.5,65.0,75.6,88.75,79.5,74.0,65.5,37.25,28.2
456,zero gpt,0.5,0.5,0.2,0.0,1.5,19.8,76.0,82.5,83.6,64.5,30.25,20.0
457,google docs,57.75,91.0,90.2,79.0,61.75,73.8,86.25,72.25,71.6,60.75,34.25,24.6
458,writer,72.25,77.5,80.8,75.75,79.0,89.6,92.0,90.75,90.8,85.0,72.75,73.8
459,grammarly ai detector,0.0,8.75,6.2,5.25,14.25,17.0,27.0,37.5,84.2,63.25,52.25,26.4
460,character ai chat,0.0,0.75,1.4,1.25,7.0,25.0,35.5,30.0,75.8,81.5,56.75,68.6
461,beta character ai down,6.5,6.75,5.0,10.0,5.5,20.4,13.0,29.5,61.4,72.75,38.75,58.0
462,beta character ai app,0.0,13.25,4.6,18.0,7.75,6.8,21.5,15.0,18.2,46.0,24.5,0.0
463,beta character ai reddit,7.0,6.75,0.0,8.5,39.0,26.0,17.75,6.25,19.8,54.5,0.0,23.6
464,beta character ai filter,38.25,0.0,6.4,0.0,20.25,14.0,9.25,0.0,20.4,48.0,34.25,46.6
465,beta character ai login,7.25,0.0,0.0,7.5,8.25,3.8,23.0,0.0,11.0,51.75,8.75,26.8
466,beta character ai twitter,0.0,0.0,0.0,0.0,0.0,12.6,6.5,6.0,34.6,0.0,8.5,10.0
467,is beta character ai down,0.0,0.0,0.0,0.0,17.0,36.4,0.0,24.5,6.0,30.75,10.75,0.0
468,beta character.ai,0.0,9.75,0.0,30.25,0.0,17.8,21.5,20.5,49.0,31.5,32.25,53.0
469,character.ai,0.25,0.5,2.0,2.75,10.5,17.6,19.0,23.25,70.2,89.0,59.5,47.0
470,beta character ai unblocked,7.5,11.75,5.2,25.0,0.0,0.0,8.5,0.0,10.8,34.75,0.0,10.6
471,ai character,0.0,0.0,0.8,1.25,4.25,11.6,17.5,21.0,65.4,90.75,69.5,79.0
472,character,64.5,71.5,75.0,65.75,67.5,74.8,79.5,77.5,88.2,93.0,81.75,83.8
473,free janitor ai,0.75,1.5,2.0,0.0,0.0,0.4,2.5,0.0,0.4,0.0,63.25,57.4
474,api,79.5,72.75,76.8,70.5,68.0,80.2,89.5,91.25,85.8,81.75,93.25,82.8
475,janitor ai api,0.5,0.0,1.2,0.0,0.0,0.8,0.5,0.5,0.0,0.5,54.0,26.6
476,janitor ai chat,4.25,2.0,0.8,3.25,3.0,2.2,1.25,3.75,5.4,0.0,63.0,60.8
477,janitor ai kobold,5.0,0.0,0.0,3.75,0.0,1.2,2.75,0.0,0.0,3.0,69.0,39.0
478,kobold ai,2.25,1.75,2.4,3.5,2.5,3.4,7.0,8.25,9.4,11.75,67.5,41.6
479,kobold,58.5,45.25,41.0,39.5,45.0,63.8,52.75,48.5,51.2,54.25,67.75,60.8
480,janitor ai reverse proxy,0.0,0.0,5.0,0.0,1.25,2.4,0.0,1.0,0.0,1.0,58.75,40.8
481,venus ai,0.25,1.0,0.8,1.0,0.0,1.0,2.0,1.25,1.8,7.75,65.0,28.0
482,reverse proxy,49.75,43.5,45.4,45.5,44.0,47.8,57.0,48.5,48.2,50.5,85.75,72.4
483,ai reverse proxy,2.0,0.0,0.6,2.75,0.0,2.2,0.0,2.0,0.0,1.0,56.5,38.0
484,janitor ai login,0.5,0.0,0.6,0.5,3.75,0.8,2.5,1.0,0.0,0.0,34.0,4.4
485,api key,51.75,44.5,46.8,46.25,45.75,56.2,65.75,76.5,89.6,76.0,84.5,76.2
486,api key janitor ai,2.0,2.25,0.0,1.0,1.75,1.8,1.0,0.0,1.0,3.25,52.5,22.4
487,what is janitor ai,1.0,1.0,0.0,1.5,1.5,1.4,4.25,2.75,0.0,3.75,54.5,20.2
488,how to use janitor ai,0.0,0.0,2.2,1.5,1.5,0.0,1.0,0.0,2.0,0.0,53.5,29.8
489,chub ai,0.0,0.75,0.2,2.75,1.0,0.2,0.25,0.25,0.2,0.5,65.5,30.0
490,janitor ai reddit,0.0,0.0,1.6,4.5,3.5,3.2,3.25,2.25,0.0,3.0,53.0,50.6
491,venus chub,0.0,0.0,0.2,0.5,0.5,0.0,0.25,0.75,0.0,0.25,65.75,32.4
492,koboldai,1.25,5.75,12.2,6.75,14.0,14.0,19.75,24.75,30.8,37.0,79.0,56.4
493,poe ai,1.0,2.0,0.8,0.0,1.25,1.6,4.0,7.25,12.8,15.25,34.0,75.2
494,openai api,1.25,2.5,3.4,5.0,21.0,27.6,42.5,84.25,94.6,76.75,75.5,61.2
495,free art ai generator,19.75,27.25,33.8,37.75,72.5,69.0,62.5,64.25,89.4,89.25,87.0,83.0
496,ai generator free,12.0,13.75,18.0,22.5,44.75,40.0,45.0,52.25,70.4,79.75,80.25,89.8
497,ai generated art,48.0,63.5,58.6,47.25,68.25,48.2,42.0,37.5,40.8,37.5,34.75,32.6
498,ai generated,35.0,34.75,35.2,35.75,57.25,46.4,52.0,54.5,77.8,72.25,63.0,75.8
499,best ai art,24.75,37.0,34.0,36.0,82.5,64.0,60.25,61.5,71.8,69.5,62.75,66.2
500,ai image generator,46.0,27.75,27.0,27.5,54.5,35.8,38.0,48.5,68.6,69.5,65.25,67.2
501,anime ai art,1.25,2.75,12.4,17.5,53.75,17.6,19.75,17.25,18.8,21.25,23.5,24.4
502,anime ai,4.5,4.5,9.0,17.5,52.25,20.6,20.25,19.25,25.6,29.5,30.25,32.0
503,what is ai art,11.0,17.75,16.6,24.0,53.5,34.0,34.0,33.5,36.6,35.0,25.75,28.6
504,ai art app,3.75,4.75,4.0,7.75,38.0,8.8,7.0,7.75,8.2,8.75,8.0,8.6
505,reddit ai art,17.25,29.25,31.8,33.5,82.25,55.0,55.75,49.5,48.2,57.0,42.25,40.2
506,ai art generator nsfw,4.5,10.5,13.2,17.75,48.5,39.8,61.25,65.25,61.6,56.25,67.5,83.6
507,stable diffusion ai art generator,9.5,56.25,56.2,33.0,60.5,55.4,66.0,65.0,60.6,56.25,40.0,23.4
508,lensa ai art,0.0,0.0,0.0,3.0,31.5,2.2,1.0,1.25,0.6,0.75,0.25,0.4
509,ai art competition,14.0,38.25,7.2,6.25,9.0,5.2,5.75,4.0,4.0,3.0,0.0,5.2
510,loab ai art,1.5,12.75,21.6,20.75,38.5,11.6,3.75,7.5,3.4,4.75,1.5,10.0
511,loab,6.0,33.5,21.0,19.75,38.0,14.4,9.5,10.5,7.4,8.5,8.5,9.0
512,bing ai art generator,3.75,5.5,3.4,5.0,3.75,3.4,5.5,5.5,71.4,52.25,50.25,34.0
513,lensa ai art app,0.75,0.0,0.0,2.25,29.75,1.6,0.25,0.5,0.6,0.0,1.0,0.0
514,best ai art generator app,0.0,0.0,10.0,8.25,50.5,22.4,23.25,33.0,19.8,25.0,12.75,31.8
515,ai wins art competition,14.5,43.25,9.8,3.25,10.0,5.8,8.75,10.25,2.6,3.25,0.0,6.6
516,dream studio,23.5,74.75,32.0,23.25,25.0,24.0,22.25,24.5,22.0,20.5,17.0,21.4
517,ai art hands,4.25,16.25,21.8,0.0,65.25,41.4,35.25,57.5,44.0,24.25,23.75,25.6
518,open ai login,0.0,1.75,1.6,3.0,15.75,35.0,37.25,72.0,82.2,55.0,35.75,27.0
519,chat gpt openai,0.25,0.5,0.2,2.25,54.25,74.4,56.75,71.75,59.6,42.75,27.75,21.2
520,what is open ai,5.5,6.5,7.2,13.25,60.25,64.6,67.25,70.25,76.4,67.0,48.25,50.8
521,google open ai,3.75,5.5,9.6,11.25,51.5,54.4,71.25,64.75,72.6,57.5,46.25,39.2
522,ai stock,5.75,5.0,5.2,4.5,9.0,18.4,34.0,26.25,32.6,58.5,57.25,47.2
523,chat gpt api,0.0,0.0,0.2,1.0,30.75,52.8,54.25,86.75,78.8,55.5,49.0,39.2
524,open ai chat gpt app,0.0,10.25,3.6,3.5,36.25,62.8,57.25,61.25,73.8,76.0,19.75,33.2
525,open ai api,1.25,3.75,3.6,10.25,29.5,35.6,44.5,77.75,87.6,65.5,74.5,60.0
526,open ai chat gpt api,6.5,3.5,3.0,17.0,37.75,30.4,53.75,73.0,58.4,31.75,54.25,35.2
527,open ai app,2.5,2.0,3.4,5.75,25.25,32.0,30.5,43.5,53.0,67.0,39.5,36.2
528,chat gpt open api,0.0,0.0,0.0,0.0,40.75,49.8,42.0,72.5,71.6,40.5,42.25,26.4
529,open api,55.25,43.5,46.0,49.0,62.0,69.0,77.0,90.5,94.4,81.0,92.0,73.0
530,free open ai,8.0,14.5,13.0,11.25,47.0,54.8,68.0,66.5,78.8,79.0,90.75,69.0
531,playground ai,16.0,13.75,24.2,28.25,67.75,65.8,74.25,73.75,64.4,46.75,37.25,46.6
532,chat gpt playground,0.5,0.0,1.2,0.0,44.75,62.0,67.25,72.25,45.6,25.25,15.5,16.8
533,open ai playground,7.0,9.5,16.2,18.5,67.25,60.2,57.25,70.5,49.4,30.25,28.0,16.2
534,ai chat bot,5.0,2.75,4.4,6.25,69.0,45.2,52.25,42.25,60.0,44.75,33.75,31.0
535,open ai chat bot gpt,0.0,5.5,5.2,2.25,48.25,31.2,16.0,11.5,15.4,3.25,4.0,0.0
536,my ai snapchat how to get,0.0,0.0,0.0,0.0,0.0,0.0,0.25,0.0,26.0,3.0,1.25,0.6
537,get rid of my ai on snapchat,0.0,0.0,0.0,0.0,0.0,0.0,0.0,0.0,27.4,4.25,1.75,0.6
538,snapchat my ai delete,0.0,0.0,0.2,0.25,0.0,0.0,0.25,0.0,30.6,5.75,2.75,1.8
539,how to get rid of my snapchat ai,0.0,0.0,0.0,0.0,0.0,0.4,0.0,0.0,27.6,4.25,1.75,0.8
540,how to get rid of my ai,0.0,0.0,0.0,0.0,0.25,0.0,0.25,0.25,28.2,5.25,2.0,1.0
541,how to delete snapchat,14.75,14.5,13.0,14.75,14.5,13.8,13.25,14.25,41.0,20.0,16.5,16.0
542,remove my ai snapchat,0.25,0.25,0.0,0.0,0.0,0.4,0.25,0.25,34.0,10.25,4.0,2.0
543,how to delete my ai,0.0,0.0,0.2,0.5,0.5,0.0,0.25,0.25,32.0,5.0,2.0,1.6
544,how to delete my ai on snapchat,0.25,0.0,0.0,0.0,0.0,0.0,0.0,0.5,28.4,3.25,1.75,1.2
545,what my ai on snapchat,0.0,0.5,0.2,0.0,0.0,0.0,3.75,1.0,27.2,2.75,1.25,0.6
546,what is snapchat my ai,0.5,0.75,0.0,0.0,0.0,0.0,3.75,0.5,27.6,3.25,1.0,1.4
547,what is my ai on snapchat,0.0,0.0,0.2,0.25,0.0,0.2,4.0,1.5,27.2,2.75,1.0,0.4
548,how to remove my ai,0.0,0.25,0.0,0.5,1.0,1.0,0.75,0.5,32.2,13.25,5.25,3.2
549,snapchat from my ai,0.5,0.0,0.8,0.25,0.0,0.0,0.5,0.5,42.6,20.5,8.0,2.8
550,how do i get my snapchat ai,0.0,0.0,0.2,0.25,0.25,0.0,0.5,0.25,28.0,4.25,1.75,1.0
551,ai bard,0.0,0.25,0.0,0.25,0.25,0.2,36.0,30.0,35.6,74.5,51.0,46.8
552,bard google ai,0.0,0.25,0.0,0.0,0.5,0.2,39.5,29.75,28.6,64.25,36.5,30.0
553,ai google bard,0.0,0.25,0.0,0.0,0.5,0.2,39.5,29.75,28.6,64.25,36.5,30.0
554,google chat,51.75,51.0,54.2,52.5,59.25,71.0,84.25,87.5,87.4,89.0,72.25,63.2
555,bard for google,1.5,0.5,1.4,1.25,0.0,0.6,28.75,25.25,33.6,74.0,44.5,35.2
556,what is bard,15.75,20.5,21.8,19.25,17.0,20.8,42.75,54.25,52.0,70.0,49.25,51.0
557,what is google bard,1.75,0.0,2.4,1.25,1.5,2.0,24.0,37.5,32.4,49.75,34.75,36.4
558,use google bard,0.0,5.5,1.8,0.75,0.0,1.6,45.0,27.5,33.2,64.0,40.5,33.6
559,bard chatbot google,0.75,1.25,0.0,0.0,3.75,0.6,37.75,16.0,15.6,14.25,3.0,3.4
560,bard app,2.75,4.5,6.4,3.0,4.0,2.2,16.75,21.0,28.2,68.5,43.5,39.2
561,google bard login,3.25,0.0,1.0,1.5,2.0,1.6,36.25,24.0,26.6,32.0,35.5,34.0
562,google ai chatbot bard,0.0,1.75,0.8,0.75,1.0,0.6,37.25,17.0,16.4,13.75,5.25,4.6
563,chatgpt vs bard,0.0,0.0,0.0,1.75,0.0,1.4,27.75,43.0,37.2,56.5,29.75,24.4
564,google bard access,1.25,4.5,0.6,1.0,0.0,1.0,32.75,23.5,14.6,31.75,7.0,14.6
565,google bard vs chatgpt,0.0,1.75,0.0,0.0,0.0,6.8,22.5,32.75,33.0,52.5,26.5,24.6
566,chatgpt vs google bard,0.0,1.75,0.0,0.0,0.0,6.8,22.5,32.75,33.0,52.5,26.5,24.6
567,how to use bard,11.0,2.5,11.2,7.5,7.25,6.4,45.5,30.75,33.8,63.25,42.0,36.2
568,how to use google bard,0.0,6.75,0.0,0.0,4.0,2.6,44.75,24.0,29.8,61.75,40.0,14.8
569,chat open ai,0.5,0.0,0.2,3.25,77.75,67.6,50.75,55.25,51.8,43.0,29.5,26.6
570,chatgpt chat,0.0,0.0,0.0,0.5,35.75,59.8,67.5,78.0,68.8,49.25,37.25,33.2
571,open chat,15.0,13.0,12.6,16.75,84.5,81.0,66.5,72.0,70.4,59.25,47.75,43.4
572,open ai chatgpt login,5.0,1.25,3.6,0.0,11.0,21.6,25.25,56.5,58.0,39.75,11.25,9.4
573,how to get rid of,86.75,84.5,73.0,69.75,71.25,66.8,72.75,74.5,82.2,94.0,95.5,92.6
574,how to get the my ai on snapchat,0.5,0.0,0.0,1.0,0.0,0.6,2.5,0.0,25.2,3.5,0.75,1.0
575,how to get the snapchat ai,0.0,0.0,0.4,0.0,0.0,0.0,0.5,0.25,27.8,5.0,2.0,0.6
576,how to get the ai on snapchat,0.0,0.25,0.0,0.0,0.0,0.4,0.0,0.5,26.0,4.0,1.5,1.4
577,how to get rid of the my ai on snapchat,1.75,0.0,2.0,0.0,0.0,0.6,1.25,0.0,25.8,4.75,1.0,5.8
578,how to get my ai on snapchat android,0.0,5.0,0.0,3.25,4.5,1.4,2.0,0.0,28.4,5.25,2.25,0.0
579,how do i get my ai on snapchat,0.75,0.25,0.0,0.75,0.25,0.2,0.25,0.25,27.4,3.75,1.25,1.8
580,snap ai,0.0,0.0,0.6,0.0,0.75,0.4,2.0,1.25,32.4,8.25,4.0,2.6
581,how to get my ai on snapchat without snapchat plus,1.25,1.25,1.0,5.0,0.0,0.0,2.75,0.0,27.8,4.25,0.0,1.4
582,how to get my ai on snap,0.75,0.5,1.0,1.5,3.25,0.6,2.0,2.25,24.6,4.25,1.0,0.0
583,how to get rid of my ai on snapchat without snapchat plus,1.75,1.25,0.0,0.0,0.0,1.4,3.0,0.0,28.2,8.5,3.75,2.6
584,how do you get my ai on snapchat,0.75,0.0,0.4,0.5,0.0,0.4,0.0,0.0,25.4,2.5,0.5,1.6
585,how to get rid of my ai on snapchat android,6.5,0.0,0.0,0.0,0.0,8.2,0.0,0.0,38.8,3.0,2.25,0.0
586,how do i get rid of my ai on snapchat,0.0,1.5,0.2,0.0,0.0,1.2,0.0,0.5,28.8,5.5,2.25,0.2
587,how to get my ai off snapchat,0.0,0.0,0.0,0.0,1.0,0.6,0.75,0.0,30.6,14.0,3.25,3.6
588,how to get an ai on snapchat,0.25,0.0,0.6,1.0,0.75,0.4,0.75,0.75,25.2,2.0,2.0,1.4
589,how to get rid of my ai on snapchat on android,3.25,5.25,0.0,0.0,4.75,2.4,2.5,4.0,38.8,10.0,3.25,4.0
590,how to remove my ai on snapchat,0.0,1.0,0.6,0.0,0.25,0.6,0.0,1.0,25.0,4.5,2.0,0.6
591,the bard,34.0,39.75,35.8,31.5,33.75,35.8,54.0,55.0,59.4,77.75,60.75,62.8
592,bard 5e,87.25,79.5,75.2,67.75,68.5,74.6,83.25,82.75,80.2,72.0,73.5,89.4
593,bard college,84.75,88.75,85.2,74.5,78.0,71.0,75.75,87.5,86.4,74.5,71.5,72.0
594,bard dnd,76.5,74.75,67.4,63.75,63.0,76.4,83.0,81.75,78.0,73.0,71.5,88.4
595,bard ai google,0.0,0.25,0.0,0.0,0.5,0.2,39.5,29.75,28.6,64.25,36.5,29.8
596,bard spells,65.0,57.0,55.2,51.5,48.25,63.0,62.75,67.75,59.0,62.25,59.25,75.4
597,bard dnd 5e,86.75,77.25,69.0,69.0,59.75,73.4,87.75,83.0,73.8,72.5,68.25,90.8
598,bard chat,1.25,0.0,0.8,0.5,0.75,0.8,47.5,39.25,48.4,64.75,46.0,38.0
599,bard 5e spells,84.5,78.5,77.4,70.0,70.25,75.2,83.25,90.5,81.6,77.75,78.5,82.2
600,bard build,65.5,49.25,45.6,51.75,49.25,51.0,50.25,48.0,45.2,55.75,46.0,65.2
601,what is a bard,22.0,31.25,35.2,29.0,26.75,35.6,52.0,55.0,58.2,78.0,56.75,62.4
602,bard high school,32.0,42.75,61.6,63.0,37.75,32.4,31.5,52.25,34.8,44.25,38.0,31.2
603,bard meaning,23.5,27.75,30.4,27.75,38.75,26.4,63.25,52.0,56.4,68.5,60.25,58.2
604,bard university,52.75,71.25,60.4,46.25,61.5,51.8,60.25,77.0,78.0,63.5,60.5,73.4
605,bard class,58.5,53.5,57.4,44.25,48.0,61.4,59.0,66.25,63.8,71.75,72.0,81.4
606,bard ai chatbot,0.0,1.0,1.0,1.25,0.75,0.6,37.0,20.0,19.2,15.5,9.0,8.0
607,bard api,0.0,0.0,0.6,3.0,1.0,3.0,13.5,18.0,22.0,67.75,39.75,33.0
608,bard ai login,10.0,0.0,6.4,3.75,5.5,6.0,44.75,35.25,56.8,67.5,64.0,72.4
609,google bard api,4.0,0.0,7.8,4.0,12.25,0.0,22.25,22.0,25.4,76.0,57.25,35.4
610,microsoft ai,7.0,8.25,9.4,8.25,14.5,26.8,75.0,68.0,59.4,63.75,56.5,56.8
611,chatgpt 4,0.0,0.0,0.0,0.0,3.25,5.8,9.25,74.75,68.0,47.25,35.5,31.6
612,chatgpt google,0.0,0.0,0.0,0.5,26.25,44.0,81.75,80.75,88.6,81.25,58.5,47.2
613,chat ai gpt,0.0,0.0,0.0,1.0,48.25,63.0,69.25,80.25,88.8,79.0,59.5,51.8
614,google ai chatbot,2.25,1.5,1.0,1.5,11.25,9.8,48.5,24.5,28.8,27.25,16.0,13.2
615,google chatbot bard,0.75,1.25,0.0,0.0,3.75,0.6,37.75,16.0,15.6,14.25,3.0,5.6
616,bard ai chat,0.0,1.5,0.6,0.5,0.0,0.4,53.75,40.0,51.0,61.75,39.5,38.6
617,bing bard,1.5,0.75,0.0,1.75,0.5,0.4,51.25,38.75,41.8,38.5,33.25,25.8
618,google chat ai,2.0,2.5,2.0,2.5,22.5,36.0,68.25,70.0,82.4,80.0,56.75,46.0
619,what is bard ai,5.5,0.0,0.0,0.0,1.25,1.8,28.75,34.25,45.6,62.0,48.25,57.6
620,my ai snapchat,0.0,0.0,0.0,0.0,0.0,0.0,1.0,0.25,28.0,4.25,1.75,1.0
621,how to get rid of the ai on snapchat,1.0,0.0,0.0,0.0,0.0,0.4,0.0,0.0,26.6,6.25,3.0,0.4
622,how to get rid of ai on snapchat without snapchat plus,0.0,0.0,2.2,2.75,2.5,0.0,4.5,0.0,28.0,6.25,2.25,7.8
623,how to get rid of snapchat ai on android,0.0,3.0,1.6,0.0,4.0,1.8,5.5,4.75,44.2,5.0,0.0,0.0
624,how to get rid of your ai on snapchat,0.0,5.25,0.0,8.25,10.5,6.8,9.25,3.0,37.4,18.5,0.0,15.6
625,how to get rid of chat ai on snapchat,3.0,0.0,0.0,0.0,2.5,0.0,0.0,0.0,27.6,12.25,2.5,2.6
626,how to get rid of my ai on snap,0.0,0.0,0.0,0.0,1.25,0.0,5.0,2.0,27.0,7.5,4.0,3.6
627,how to get rid of ai bot on snapchat,2.0,0.0,0.0,2.25,4.75,9.2,7.75,0.0,24.4,6.0,0.0,5.4
628,how to get rid of an ai on snapchat,0.0,9.5,7.8,6.75,5.75,0.0,0.0,13.5,28.8,6.25,0.0,8.0
629,how to unpin my ai on snapchat,0.5,0.75,1.6,0.0,0.0,0.8,0.5,0.5,34.8,7.0,1.25,1.2
630,how do you get rid of my ai on snapchat,0.0,0.0,0.0,2.75,2.25,0.0,1.0,0.75,26.6,3.5,1.0,2.4
631,how to get rid of my ai on snapchat iphone,8.25,0.0,25.2,4.75,0.0,11.4,0.0,4.25,28.6,3.25,0.0,12.6
632,how to block my ai on snapchat,0.0,0.5,1.2,0.75,0.75,1.2,0.0,0.5,29.4,1.25,0.5,1.2
633,how to get rid of the ai bot on snapchat,12.0,0.0,0.0,5.25,7.25,4.6,0.0,24.5,3.6,2.75,4.25,22.4
634,gpt ai chat,0.0,0.0,0.0,1.0,48.25,63.0,69.25,80.25,88.8,79.0,59.5,52.2
635,ai gpt,0.75,0.5,1.2,2.25,45.75,54.2,59.75,75.5,87.8,70.25,52.75,46.8
636,ai open chat,0.5,0.0,0.2,3.25,77.75,67.6,50.75,55.25,51.8,43.0,29.5,26.2
637,ai bot chat,5.0,2.75,4.4,6.25,69.0,45.2,52.25,42.25,60.0,44.75,33.75,33.0
638,chat bot,21.5,18.75,18.4,19.0,69.0,59.2,79.75,65.5,74.0,59.25,49.25,48.2
639,character ai,0.0,0.0,0.8,1.25,4.25,11.6,17.5,21.0,65.4,90.75,69.5,77.4
640,free ai chat,0.5,1.5,1.2,2.25,20.75,38.2,45.25,59.5,87.2,86.0,74.5,74.8
641,chat ai login,1.25,0.5,0.0,2.0,16.0,54.0,60.25,70.75,81.8,68.0,44.0,35.6
642,bing chat ai,1.0,0.75,0.2,0.25,0.75,0.4,59.0,39.5,31.2,24.75,17.75,16.4
643,chat gbt ai,3.75,0.0,0.0,0.0,73.5,59.2,59.5,63.0,74.8,62.5,41.5,27.6
644,gpt 4,0.0,0.0,0.0,0.0,1.0,1.8,2.0,60.0,31.2,19.75,15.0,13.6
645,ai chat gtp,0.0,1.75,1.0,0.0,70.5,62.0,48.5,45.5,31.2,22.25,22.0,21.6
646,chat gtp,0.0,0.0,0.0,0.75,54.25,44.6,52.75,59.25,66.0,48.5,34.25,31.8
647,beta. character. ai,8.0,0.0,14.2,0.0,0.0,11.2,19.0,18.75,57.0,64.5,32.0,34.2
648,character. ai app,6.5,5.25,0.0,0.0,6.5,10.8,5.25,8.5,5.8,4.5,11.0,20.0
649,pinterest,90.5,90.25,89.4,89.5,87.5,88.8,92.0,88.25,83.0,83.0,81.75,76.8
650,quotev,91.0,77.25,73.8,82.5,81.75,82.6,80.75,79.5,74.8,80.75,83.25,81.6
651,ai lensa app,0.0,0.0,0.0,4.75,32.25,1.4,0.5,0.75,0.8,0.75,0.25,0.6
652,lensa ai generator,0.5,0.5,0.0,3.75,31.5,2.4,1.25,1.5,1.0,0.75,0.5,1.2
653,ai art lensa,0.0,0.0,0.0,3.0,31.5,2.2,1.0,1.25,0.6,0.75,0.25,0.4
654,free lensa,0.5,0.5,1.4,6.25,35.75,3.2,1.5,1.0,1.6,0.75,0.5,0.6
655,lensa ai free,0.0,0.5,1.0,4.5,39.0,5.8,2.75,2.0,1.0,1.75,1.0,2.2
656,lensa avatar,0.0,0.0,0.8,6.25,32.5,2.2,1.25,0.75,1.2,0.5,0.0,1.8
657,lensa ai avatar,0.0,0.0,0.0,11.75,33.0,3.2,2.5,2.25,2.4,0.0,0.5,1.6
658,ai avatar,1.75,2.0,2.0,8.75,45.5,14.0,12.75,12.75,15.0,14.5,15.25,14.2
659,lensa ai how to,0.5,1.0,0.0,5.25,36.25,3.4,2.25,1.0,1.2,1.5,1.5,1.8
660,ai art app lensa,0.75,0.0,0.0,2.25,29.75,1.6,0.25,0.5,0.6,0.0,1.0,0.8
661,photo ai,9.25,11.0,11.4,20.0,49.25,23.4,27.75,35.5,45.4,54.75,58.0,65.2
662,lensa ai portrait,2.5,1.0,0.0,10.0,36.25,3.0,3.0,2.0,3.0,0.0,0.0,8.2
663,ai portrait,1.75,2.5,1.8,11.5,35.75,10.2,5.75,8.75,7.6,7.75,6.0,6.0
664,selfie ai,3.25,2.25,1.2,6.5,33.5,4.2,2.75,3.5,8.0,3.25,3.75,4.0
665,lensa ai selfie,0.0,0.0,1.6,2.25,29.25,2.4,0.5,2.5,1.2,0.5,0.75,1.0
666,what is lensa ai,1.25,0.0,0.6,5.25,39.0,9.6,3.5,6.0,4.6,0.0,4.25,2.6
667,ai filter,6.5,2.5,2.6,25.5,73.5,24.0,13.5,12.75,22.6,33.5,36.5,43.4
668,ai photos,6.75,8.5,9.4,20.25,56.5,21.8,25.5,37.75,44.4,45.25,46.25,58.0
669,lensa ai photos,0.0,0.0,0.0,6.25,39.0,7.0,1.5,3.0,8.8,1.0,2.25,0.0
670,voice,62.5,64.75,68.4,71.25,77.75,61.6,68.0,73.0,67.0,76.75,65.75,63.4
671,eleven labs voice,1.0,0.5,0.6,0.0,0.0,15.4,73.75,89.75,51.4,36.5,25.5,32.2
672,eleven labs voice ai,0.75,0.75,0.0,0.75,0.0,6.2,62.25,89.25,46.4,32.75,23.25,24.2
673,eleven labs voice cloning,1.0,1.0,1.2,4.0,0.0,23.6,27.5,14.25,10.6,7.0,8.0,9.6
674,eleven labs reddit,0.0,2.75,0.0,2.0,1.75,8.0,28.75,22.75,12.2,10.75,10.75,26.8
675,eleven labs ai speech,6.25,9.0,0.0,9.25,0.0,26.4,41.5,61.75,44.8,33.25,35.5,54.8
676,11 eleven labs,4.0,3.75,2.2,7.5,6.75,20.0,29.5,45.75,26.6,27.0,19.75,31.4
677,11,75.75,78.5,78.0,94.75,85.75,79.6,80.0,78.75,72.4,75.5,75.75,74.8
678,voice ai free,4.75,7.5,9.4,11.75,12.75,22.0,56.25,60.25,70.8,76.75,80.75,85.0
679,youtube mp3,91.5,86.25,85.2,83.75,86.5,81.0,89.25,89.75,90.4,96.5,90.25,88.4
680,text to speech ai,18.5,17.75,18.2,21.25,31.75,38.2,79.75,83.5,86.0,90.25,91.25,85.8
681,youtube to mp3,91.0,86.0,85.4,83.0,84.5,81.6,89.5,89.75,89.6,94.75,86.5,86.0
682,ai voice,9.75,9.5,11.4,17.75,20.75,31.6,83.5,80.5,80.0,79.25,74.5,80.2
683,eleven labs free,6.25,6.5,0.0,4.25,2.75,5.4,54.75,65.75,44.2,43.75,49.75,50.0
684,ai voices,11.0,8.75,10.8,10.0,12.75,22.6,65.25,66.75,74.8,72.5,64.25,63.6
685,eleven labs ai voice cloning,0.0,0.0,2.0,0.0,0.0,20.0,16.75,18.5,14.0,8.0,5.0,0.0
686,biden ai voice,3.0,0.0,0.6,0.0,1.75,1.6,61.25,33.25,17.0,8.5,5.75,5.6
687,joe biden ai,2.25,0.75,2.6,1.5,3.0,4.4,68.25,35.25,30.6,22.0,15.0,14.8
688,elevenlabs voice ai,0.0,1.0,0.0,0.0,2.0,11.0,85.0,59.25,38.4,38.25,42.25,45.0
689,joe biden voice ai,2.5,1.5,0.8,2.5,0.5,2.8,63.5,31.25,18.0,10.25,4.25,8.2
690,joe biden voice,3.5,4.5,4.8,3.75,6.75,6.6,68.25,35.25,20.8,15.25,11.75,4.8
691,uberduck ai,41.0,32.25,35.4,37.25,42.25,38.0,67.5,76.5,79.6,71.0,75.25,75.8
692,uberduck,47.25,38.75,41.0,48.0,63.5,48.0,75.5,81.25,80.2,74.75,79.5,75.4
693,ai lensa,0.0,0.0,0.0,5.25,33.25,2.6,1.0,1.0,1.0,0.75,0.25,0.4
694,app lensa,0.0,0.0,0.0,5.5,30.5,1.2,0.75,0.75,0.4,0.25,0.0,0.2
695,ai app lensa,0.0,0.0,0.0,4.75,32.25,1.4,0.5,0.75,0.8,0.75,0.25,0.6
696,lensa art,0.25,0.0,0.2,2.75,31.0,2.0,1.0,0.75,1.0,1.25,0.25,0.4
697,lensa free,0.5,0.5,1.4,6.25,35.75,3.2,1.5,1.0,1.6,0.75,0.5,0.6
698,what is lensa,2.0,0.75,0.8,5.75,35.5,4.4,4.25,3.25,3.6,1.75,1.75,5.0
699,lensa jobs,9.25,15.25,26.8,27.0,44.25,43.2,31.75,31.0,33.8,44.5,51.25,53.6
700,avatar ai,1.75,2.0,2.0,8.75,45.5,14.0,12.75,12.75,15.0,14.5,15.25,14.2
701,lensa photos,0.0,0.5,0.0,3.5,35.5,5.2,1.25,2.25,2.0,0.5,2.5,0.6
702,lensa reddit,0.5,1.0,0.0,3.75,31.0,2.2,3.0,4.75,3.2,1.0,0.5,1.4
703,lensa avatars,0.5,0.0,1.6,10.25,33.0,1.4,0.0,2.25,1.8,1.75,0.5,0.0
704,lensa trend,0.0,0.5,0.0,3.75,29.5,0.6,0.75,1.0,0.4,0.0,0.0,0.0
705,lensa filter,0.5,1.5,2.6,2.25,30.75,2.4,0.5,0.0,1.2,1.75,1.0,0.0
706,lensa stable diffusion,0.0,0.0,0.0,2.5,45.25,10.2,5.75,2.0,1.8,1.25,1.5,2.4
707,ai selfie,3.25,2.25,1.2,6.5,33.5,4.2,2.75,3.5,8.0,3.25,3.75,4.0
708,avatar app,7.25,8.0,7.8,11.75,66.25,24.2,15.5,15.0,12.0,9.0,13.0,16.4
709,lensa ai generated,0.0,1.0,0.0,2.5,31.75,5.0,0.75,2.25,2.6,1.25,0.75,0.8
710,ai art stable diffusion,13.75,58.25,57.0,43.25,78.5,62.0,65.25,75.25,57.8,57.75,41.0,35.6
711,diffusion ai art,18.0,60.25,65.0,51.75,80.75,68.8,71.25,73.75,63.4,66.75,51.0,40.4
712,ai art generator stable diffusion,10.25,49.0,50.6,36.75,60.0,50.2,65.25,71.75,60.8,53.5,45.25,16.6
713,stable diffusion free,9.75,28.5,37.4,30.25,51.75,48.4,50.25,52.0,74.4,63.75,68.25,47.8
714,stable diffusion ai free,10.75,12.25,22.6,19.5,34.5,32.4,43.75,39.5,50.4,42.0,50.5,46.4
715,reddit stable diffusion,31.5,57.25,51.2,48.0,65.25,56.4,77.5,72.0,85.2,85.75,71.0,70.8
716,stable diffusion image to image,16.0,40.0,47.2,46.5,55.75,53.2,65.75,80.25,82.0,63.5,64.5,62.0
717,nsfw stable diffusion ai,13.0,23.5,17.0,21.25,43.5,41.8,77.5,65.25,47.2,47.25,46.75,47.4
718,stable diffusion model,9.5,27.25,47.8,36.25,57.5,52.8,66.0,94.25,93.2,74.5,73.0,75.0
719,stable diffusion download,14.75,41.75,48.6,32.25,49.5,42.4,57.0,60.75,61.4,45.5,51.5,61.4
720,stable diffusion ai download,3.25,38.25,69.2,26.25,43.0,30.6,52.0,39.75,55.0,21.25,40.0,37.0
721,what is stable diffusion ai,7.0,21.25,19.6,19.5,14.75,21.6,22.75,28.75,36.2,16.75,23.5,44.0
722,what is stable diffusion,15.0,48.5,46.6,39.0,58.75,59.2,55.0,69.0,87.8,61.75,63.75,64.2
723,how to use stable diffusion,9.75,39.25,34.4,33.75,46.0,54.0,66.5,86.5,87.2,82.5,81.0,64.0
724,how to use stable diffusion ai,6.0,10.5,20.2,44.25,35.5,43.2,60.0,40.0,66.0,77.25,69.75,75.8
725,midjourney ai art,65.25,23.25,12.4,11.25,23.75,28.8,24.5,23.75,26.8,22.0,19.5,20.2
726,stable diffusion video,6.25,30.5,34.0,34.25,26.0,47.6,50.25,67.75,68.0,85.25,58.5,49.4
727,dalle ai,63.5,47.25,48.4,41.0,79.75,74.2,69.75,77.75,75.0,71.0,51.25,39.6
728,stable diffusion online,13.0,39.5,47.8,32.5,62.75,46.6,40.25,49.25,49.2,46.0,54.75,39.2
729,stable diffusion ai online,16.75,3.5,27.0,23.25,37.5,44.0,49.25,67.5,20.2,36.0,38.5,27.8
730,stability ai,18.5,18.25,38.0,18.25,23.75,51.6,40.0,34.5,45.2,44.25,45.75,69.0
731,stability ai stable diffusion,25.25,36.25,53.4,27.25,27.25,46.4,25.5,31.25,33.0,43.25,31.25,39.8
732,stable diffusion prompts,8.75,48.75,49.6,39.5,63.5,50.2,73.5,84.5,89.8,79.75,63.0,58.8
733,diffusion ai,28.25,61.5,73.0,50.25,79.5,69.4,78.75,80.5,85.2,81.25,73.75,61.8
734,ai stable diffusion,29.0,68.75,71.4,49.75,85.75,76.0,85.5,89.75,93.0,86.5,77.25,65.8
735,stable diffusion art,13.0,59.25,57.8,40.25,76.0,61.4,63.75,69.75,61.8,59.25,40.25,29.6
736,stable diffusion reddit,31.5,57.25,51.2,48.0,65.25,56.4,77.5,72.0,85.2,85.75,71.0,71.0
737,diffusion model,25.0,59.5,81.8,64.75,71.5,65.8,86.75,90.75,95.8,72.25,66.0,62.8
738,midjourney stable diffusion,16.25,27.0,17.2,17.5,39.25,40.2,42.5,71.25,74.4,59.5,52.75,40.8
739,stable diffusion prompt,10.75,30.75,41.2,30.5,51.75,46.4,69.5,80.5,81.4,76.25,62.75,70.0
740,stable diffusion ai art,13.75,58.25,57.0,43.25,78.5,62.0,65.25,75.25,57.8,57.75,41.0,35.6
741,stable diffusion models,3.0,11.5,29.6,25.75,34.0,41.8,59.75,74.5,73.6,64.25,59.75,57.0
742,nsfw stable diffusion,19.5,32.0,32.6,35.75,57.25,48.2,69.5,74.75,62.2,63.5,63.25,53.2
743,stable diffusion install,18.5,64.5,37.4,36.0,54.75,48.2,66.5,63.75,65.2,74.25,70.75,56.6
744,webui,34.0,44.25,51.0,41.5,45.75,39.0,63.0,84.25,75.2,67.0,67.0,69.4
745,stable diffusion webui,5.5,24.0,31.4,29.75,35.5,31.8,65.75,86.0,76.8,59.25,53.5,46.0
746,lora,65.25,66.5,62.6,64.5,67.75,71.8,84.75,85.0,84.6,87.0,90.5,87.8
747,lora stable diffusion,0.0,0.0,0.8,1.0,0.0,14.8,45.75,89.25,74.2,81.0,71.0,73.6
748,github,69.0,70.5,75.2,72.0,67.25,75.4,90.5,92.0,84.0,80.25,73.75,68.8
749,stable diffusion github,41.0,78.75,61.2,45.0,57.0,47.6,69.75,73.25,90.0,66.0,67.25,73.8
750,stable diffusion image generator,14.25,41.0,39.4,27.5,50.75,46.0,53.75,61.5,71.4,63.25,69.5,46.0
751,stable diffusion windows,25.0,69.75,54.4,45.0,53.25,58.4,60.0,68.0,49.8,47.25,41.0,53.0
752,stable diffusion mac,26.75,70.25,39.0,38.5,37.25,38.4,44.5,66.75,74.6,40.5,40.25,32.8
753,zero gpt detector,1.5,0.0,0.0,0.0,2.75,17.4,67.25,86.5,75.0,67.75,28.25,11.8
754,gpt checker,0.5,0.0,0.2,0.5,25.0,26.4,55.25,64.75,76.8,58.75,30.75,21.6
755,chat gpt zero,1.0,1.25,0.0,1.25,3.5,19.8,76.5,82.5,80.2,59.25,28.75,15.8
756,chat zero,2.5,3.75,2.4,5.5,6.5,20.8,71.75,80.75,86.2,67.75,30.75,20.0
757,chat gpt plagiarism detector,0.0,0.0,0.0,5.5,17.75,19.4,67.5,53.25,56.2,66.5,39.0,10.6
758,gpt output detector,6.0,0.0,0.0,9.0,18.25,39.0,51.5,50.0,68.2,21.25,8.0,17.0
759,plagiarism checker,18.5,38.5,42.8,42.75,56.5,41.6,67.75,63.5,76.2,52.25,29.75,25.4
760,ai checker gpt,2.0,2.25,0.0,0.0,12.0,19.0,44.5,62.75,74.8,62.0,26.25,19.2
761,open ai chatgpt,0.25,0.0,0.2,1.5,56.75,69.4,71.5,80.5,73.2,68.75,47.25,39.8
762,open chat ai login,0.0,0.0,0.0,0.0,24.75,64.0,51.25,66.75,78.8,56.0,32.0,21.8
763,chat bot ai,5.0,2.75,4.4,6.25,69.0,45.2,52.25,42.25,60.0,44.75,33.75,32.2
764,chat bot open ai,0.0,0.5,0.6,1.75,60.25,19.6,9.5,3.25,2.6,1.25,2.0,0.8
765,open ai chat gpt login,2.5,4.25,1.2,0.0,28.0,68.8,56.75,64.0,74.8,47.5,24.75,16.4
766,what is chat open ai,0.0,5.25,0.0,5.0,67.75,72.0,63.25,60.0,55.0,49.0,30.75,44.6
767,chat gtp open ai,1.75,0.0,0.0,1.25,58.75,53.4,32.75,21.75,7.0,7.25,1.75,7.0
768,chat api,10.5,11.25,10.2,10.25,35.0,53.0,55.25,82.75,76.4,59.5,54.0,45.8
769,open ai chat gbt,0.0,0.0,5.0,11.0,31.0,55.6,39.25,45.75,22.6,27.5,11.5,2.0
770,what is the ai,12.25,17.25,17.0,19.0,34.75,33.6,47.75,50.75,74.6,70.75,51.5,54.6
771,what is an ai,16.75,20.5,20.8,22.0,27.5,33.4,45.25,52.25,76.2,69.25,51.25,47.2
772,ai what is it,14.25,18.25,18.4,21.25,28.25,35.6,51.75,57.0,84.2,77.75,57.75,62.0
773,what is chat ai,1.75,0.5,0.8,2.5,27.0,40.4,54.25,61.5,81.2,64.25,49.0,45.2
774,what is my ai,1.75,2.0,2.0,3.5,4.0,4.2,8.75,6.75,34.4,13.25,9.25,10.4
775,what is the ai on snapchat,0.0,0.25,0.4,0.0,1.0,0.8,2.25,2.5,29.2,5.25,2.75,1.2
776,what ai app is everyone using,0.5,0.0,0.0,4.25,33.25,3.6,1.25,2.75,1.4,1.0,1.0,3.4
777,beta character ai,0.0,0.0,1.2,1.5,6.75,15.8,27.0,31.0,72.4,82.0,50.25,40.0
778,what is the my ai on snapchat,0.0,0.0,0.8,0.75,2.0,0.0,4.25,2.0,27.6,2.25,0.0,0.6
779,ai generator image,51.0,30.25,29.2,30.75,58.5,39.8,43.75,52.75,70.6,74.5,70.0,74.0
780,free image ai,14.0,11.25,14.8,16.5,30.75,31.2,37.5,48.25,73.0,88.5,93.75,94.8
781,free image generator ai,15.0,10.75,14.2,17.0,30.5,30.2,34.75,44.5,71.2,90.25,92.0,94.4
782,text to ai image,26.5,29.0,30.6,32.75,48.0,49.2,55.75,63.0,84.0,90.75,76.5,65.8
783,ai generator art,12.75,16.5,16.4,18.5,47.75,24.2,23.0,22.5,24.2,23.75,21.25,19.8
784,image to text,52.25,62.75,67.2,65.0,63.0,67.0,90.0,85.75,91.6,83.0,72.5,64.8
785,google image ai,33.75,28.0,25.8,30.0,33.75,32.8,44.5,56.25,73.0,73.25,66.25,63.4
786,ai generated image,42.0,41.75,39.2,45.0,59.0,50.8,45.25,63.25,78.2,93.75,71.0,80.4
787,bing image creator ai,1.5,0.0,3.2,1.75,0.0,0.0,7.5,13.0,71.8,53.0,66.25,40.4
788,fotor ai image generator,0.0,0.0,0.0,4.75,17.25,62.8,18.75,42.5,46.6,43.75,22.75,43.2
789,best ai image generators,0.0,8.0,6.6,13.25,15.0,4.0,12.0,18.5,35.0,36.5,23.75,44.4
790,novelai image generation,1.0,2.0,60.4,35.25,16.25,11.2,16.25,8.0,8.6,3.0,6.5,5.0
791,pope ai image,2.5,0.0,0.8,2.75,0.0,0.8,1.0,25.0,20.4,1.5,1.25,1.8
792,what is the best ai image generator,33.25,0.0,8.8,0.0,8.0,21.4,4.75,18.25,14.2,39.0,43.5,50.2
793,novel ai image generator free,33.5,0.0,50.2,6.75,48.5,13.0,16.25,13.5,22.0,24.25,15.0,14.4
794,ai anime generator,1.0,1.75,6.8,14.0,45.0,13.8,15.0,12.0,14.0,15.75,16.75,15.0
795,anime art generator,2.5,5.0,14.4,19.75,54.5,20.0,24.5,18.0,21.0,23.25,27.0,23.6
796,ai anime art,1.25,2.75,12.2,17.5,53.75,17.6,19.75,17.25,18.8,21.25,23.5,24.4
797,ai art generator dall e,63.0,70.0,63.2,56.75,79.0,71.0,57.5,50.25,54.0,39.0,22.75,16.4
798,ai art generator from text,40.25,67.75,42.8,35.0,67.0,61.2,51.75,59.25,58.0,61.25,47.75,41.4
799,nsfw ai generator,4.75,3.75,11.0,11.25,35.0,27.4,43.75,46.25,47.4,60.5,73.75,83.0
800,jasper art ai,2.0,6.5,19.8,37.5,58.0,79.2,41.25,32.5,16.4,29.0,17.5,12.4
801,lensa ai art generator app,1.75,0.0,0.8,4.5,28.5,0.0,0.75,0.0,1.4,2.25,1.75,2.8
802,nsfw ai art generator from text,4.5,0.0,7.0,2.0,13.25,14.8,23.5,51.25,8.8,3.0,6.0,12.6
803,furry ai art generator,0.0,18.0,24.2,19.75,49.0,8.6,18.25,12.75,33.0,39.75,28.25,20.0
804,popular ai art generator,14.5,0.0,20.2,4.25,39.25,16.0,10.75,13.5,28.0,11.5,15.75,13.6
805,chat ai open,0.5,0.0,0.2,3.25,77.75,67.6,50.75,55.25,51.8,43.25,29.5,26.2
806,open chat ai gpt,0.5,0.25,0.6,1.75,61.25,78.6,57.75,73.5,72.4,58.0,39.25,33.0
807,open source ai,25.5,31.0,25.2,28.75,57.0,62.4,66.0,69.0,78.4,90.75,83.75,71.4
808,ai playground,16.0,13.75,24.2,28.25,67.75,65.8,74.25,73.75,64.4,47.0,37.25,45.0
809,open ai chat login,0.0,0.0,0.0,0.0,24.75,64.0,51.25,66.75,78.8,56.25,32.0,21.6
810,chatgpt open ai login,5.0,1.25,3.6,0.0,11.0,21.6,25.25,56.5,58.0,40.0,11.25,15.0
811,chatgpt open ai app,5.5,5.25,0.0,2.0,10.5,27.2,24.75,32.5,35.4,66.25,29.5,16.6
812,openai login,0.75,1.0,0.8,1.5,16.25,29.2,46.75,79.0,81.2,63.25,41.0,30.4
813,bing open ai,0.0,2.25,3.6,4.75,2.5,6.8,70.5,55.75,43.6,35.5,18.75,15.0
814,chat gbt open ai,0.0,0.0,5.0,11.0,31.0,55.6,39.25,45.75,22.6,27.5,11.5,2.0
815,gpt4,0.0,0.0,0.0,0.25,2.0,1.4,1.25,56.0,35.0,21.5,15.25,14.6
816,google docs ai,6.5,11.0,11.4,12.0,23.75,32.8,49.25,59.5,76.0,69.0,38.5,39.0
817,translate google,71.75,83.5,84.6,82.5,78.0,82.8,93.75,89.0,82.6,87.25,71.0,63.4
818,google ai search,6.25,8.25,7.4,12.25,14.75,14.8,43.0,30.0,33.4,72.5,44.0,44.8
819,google ai 60 minutes,0.0,0.0,0.2,0.75,2.25,0.2,0.25,0.0,20.8,0.75,0.25,1.0
820,essay writer,13.75,27.0,31.8,29.5,51.75,50.8,63.5,59.0,53.2,41.75,20.25,13.2
821,essay writer ai,1.0,6.75,6.6,7.25,48.25,49.6,53.75,55.5,54.4,45.5,19.5,14.4
822,cactus ai,0.25,0.75,2.4,0.5,26.0,92.0,75.5,67.0,41.2,18.25,6.0,4.0
823,google generative ai course,2.75,1.0,0.0,1.75,3.25,3.2,0.0,2.5,2.0,2.5,57.5,15.8
824,google bard ai login,0.0,2.5,4.4,0.0,0.0,2.0,40.25,23.0,21.8,24.0,27.0,11.6
825,brad google ai,13.25,0.0,9.2,4.5,0.0,0.0,47.5,18.0,18.4,44.5,15.75,35.0
826,perplexity ai,0.5,0.0,0.0,0.0,25.5,21.8,39.5,37.25,56.6,61.5,52.75,61.0
