,Month,2022-09,2022-10,2022-11,2022-12,2023-01,2023-02,2023-03,2023-04,2023-05,2023-06,2023-07,2023-08,2022-09
0,windows command prompt,82.33333333333333,77.8,80.0,79.75,87.4,86.75,82.75,81.8,78.0,76.25,80.2,85.25,70.0
1,command prompt windows 11,40.0,55.2,62.0,66.75,64.6,57.5,67.25,64.4,73.5,72.5,75.0,87.25,57.0
2,windows cmd commands,58.0,53.8,56.0,68.5,65.2,61.5,52.0,49.2,46.0,51.0,52.4,50.25,52.0
3,how to run command prompt,84.66666666666667,76.0,67.25,74.5,71.8,84.0,80.0,76.2,55.75,60.75,64.0,68.25,57.0
4,command prompt commands,85.66666666666667,79.8,72.5,68.75,76.6,82.25,85.0,69.8,72.0,59.25,73.4,64.25,36.0
5,how to get to command prompt,71.0,79.0,62.25,62.5,76.8,82.0,80.5,80.8,68.25,75.5,71.4,75.25,91.0
6,how to get command prompt,79.66666666666667,81.0,63.5,68.0,76.6,78.25,83.0,75.4,64.0,67.5,75.4,73.5,79.0
7,python,92.66666666666667,94.4,85.0,70.0,79.8,91.25,86.0,82.6,72.0,71.25,74.0,74.25,64.0
8,powershell,89.0,86.6,80.0,75.5,86.2,94.25,92.75,87.4,85.75,86.0,87.0,87.5,61.0
9,what is a command prompt,70.66666666666667,68.0,69.0,60.25,59.8,71.5,69.25,53.2,55.5,58.5,54.4,45.25,84.0
10,ip address command prompt,71.0,76.2,78.75,57.5,76.6,70.0,80.25,66.4,58.25,63.75,62.8,55.25,45.0
11,command prompt mac,59.666666666666664,65.8,42.0,46.25,48.4,60.75,47.0,51.6,48.25,51.5,53.0,54.5,60.0
12,windows,95.0,93.2,90.5,88.5,96.8,94.75,96.0,91.6,89.25,93.25,94.8,95.25,88.0
13,ip address,95.0,88.8,84.5,82.75,91.2,91.75,93.75,87.8,87.0,86.0,86.6,84.5,78.0
14,command prompt list,73.33333333333333,71.0,75.0,71.0,68.6,76.0,70.0,75.8,79.75,78.75,67.2,71.25,67.0
15,administrator command prompt,81.0,76.0,69.5,67.25,75.8,78.5,79.25,74.6,66.75,75.25,68.2,76.0,51.0
16,command prompt admin,45.666666666666664,54.4,52.0,53.5,57.4,52.25,58.25,58.4,59.75,51.0,63.2,58.75,16.0
17,linux command prompt,63.666666666666664,54.4,51.5,55.75,63.0,55.75,74.75,56.2,54.0,50.25,43.0,46.5,39.0
18,how to open a command prompt,45.0,52.6,39.5,48.5,57.0,55.0,49.5,53.0,53.25,40.25,40.4,45.0,0.0
19,what is the main function of a whitelist,15.333333333333334,0.0,43.75,17.0,45.0,18.0,33.5,15.8,0.0,14.75,27.2,25.0,0.0
20,how can you find your local ip address from command prompt,13.666666666666666,24.2,28.0,6.75,27.2,17.0,5.25,11.0,0.0,0.0,5.4,6.5,0.0
21,a computer can still operate without which of the following,16.0,7.2,47.25,17.25,9.4,25.0,6.25,0.0,11.25,0.0,8.8,33.75,84.0
22,what is the difference between static ip and dynamic ip,33.333333333333336,3.6,4.5,18.25,4.8,6.0,7.75,11.6,9.5,19.0,5.0,13.0,0.0
23,command prompt windows 10,84.66666666666667,81.0,79.0,79.0,91.2,86.25,74.5,73.8,69.25,63.25,74.4,78.5,66.0
24,cl.exe build and debug is only usable when vs code is run from the developer command prompt for vs.,0.0,0.0,9.0,25.0,5.2,7.5,0.0,4.8,0.0,0.0,13.2,21.75,0.0
25,using output devices you can,7.333333333333333,14.0,39.0,15.25,17.4,43.25,26.75,26.6,0.0,11.5,22.2,33.5,0.0
26,a word on a web page that when clicked,11.666666666666666,9.4,0.0,14.75,9.0,7.75,0.0,5.2,0.0,36.25,24.8,0.0,100.0
27,what would you enter at the shell prompt on a linux system to display the present working directory?,10.0,8.0,12.0,0.0,6.6,37.5,12.75,39.8,14.25,24.0,0.0,8.5,0.0
28,booting is the process of which of the following,10.0,8.8,36.25,31.75,17.8,53.0,15.0,31.0,16.5,10.25,22.8,17.5,0.0
29,why does command prompt open randomly,0.0,21.6,0.0,6.75,39.0,0.0,25.0,0.0,18.25,12.5,6.8,0.0,70.0
30,command prompt randomly opens,26.333333333333332,9.4,31.75,12.75,6.2,10.5,0.0,0.0,0.0,4.75,4.4,7.0,100.0
31,how to open command prompt windows 11,19.0,21.2,15.0,25.0,39.2,31.75,40.25,27.6,56.75,29.5,29.0,46.0,91.0
32,command prompt opens and closes immediately,17.0,22.8,20.0,0.0,4.8,12.25,11.25,3.8,28.0,17.5,4.8,0.0,100.0
33,windows 10,93.66666666666667,89.0,88.5,89.5,93.2,88.5,84.5,76.2,71.75,76.5,73.2,72.75,66.0
34,a user receives this error message not secure,26.666666666666668,0.0,14.25,30.25,8.6,5.25,21.5,30.6,18.75,0.0,24.6,6.75,0.0
35,aka.ms/myrecoverykey,44.333333333333336,40.0,39.5,36.25,27.8,52.25,36.75,29.6,25.5,38.25,30.4,49.0,40.0
36,prompt gpt,3.0,2.6,2.75,11.25,18.2,44.75,67.25,88.2,73.5,57.0,57.2,43.75,45.0
37,prompt ai,14.666666666666666,15.8,14.25,29.5,31.6,43.5,55.75,81.6,83.25,77.75,82.4,68.0,66.0
38,ai,16.666666666666668,16.2,19.5,33.5,33.4,41.5,45.25,72.2,72.0,66.0,66.4,62.0,57.0
39,chat gpt,0.0,0.0,0.5,28.0,46.6,62.0,83.25,94.6,74.25,52.25,41.0,45.0,47.0
40,dan prompt,0.0,0.8,0.75,1.5,1.0,64.75,60.75,57.6,38.25,22.25,15.0,10.25,19.0
41,dan chatgpt,0.0,0.0,0.5,1.75,3.0,62.5,49.0,32.6,19.25,13.0,8.8,5.25,6.0
42,dan prompt chatgpt,3.6666666666666665,0.0,1.25,2.75,0.0,57.0,46.0,37.2,30.0,20.0,8.4,9.75,19.0
43,chatgpt dan prompt,3.6666666666666665,0.0,1.25,2.75,0.0,57.0,46.0,37.2,30.0,20.0,8.4,9.75,19.0
44,open command prompt,77.66666666666667,72.0,73.5,63.0,82.4,82.25,76.75,78.6,70.25,79.25,68.6,71.5,59.0
45,chat gpt prompt,1.0,1.2,0.5,8.25,18.4,52.75,78.25,94.2,85.25,59.75,60.2,50.5,39.0
46,chatgpt prompt engineering,0.0,8.6,2.0,0.0,16.4,26.25,53.5,74.2,61.0,54.25,55.6,39.75,0.0
47,prompt engineering,4.0,3.2,3.0,4.25,14.0,29.5,57.75,80.0,74.75,71.25,64.2,49.75,29.0
48,chatgpt prompts,0.6666666666666666,0.0,0.5,17.75,28.8,43.25,64.75,89.0,79.75,57.75,63.4,53.75,50.0
49,prompt generator,71.66666666666667,66.2,63.0,69.0,77.6,88.75,91.5,88.6,92.0,75.5,75.6,74.0,80.0
50,chatgpt prompt generator,0.0,0.0,0.0,14.75,22.8,12.0,68.0,76.6,63.75,21.5,51.0,59.5,0.0
51,chatgpt jailbreak prompt,11.333333333333334,0.0,0.0,0.0,2.8,14.75,45.75,67.8,56.5,42.25,42.0,21.5,0.0
52,jailbreak chatgpt,0.0,0.6,0.0,6.75,1.0,42.5,80.5,75.6,46.0,37.0,30.0,18.75,24.0
53,midjourney,22.0,13.0,16.75,31.0,41.6,47.25,69.5,69.6,61.25,53.0,49.0,38.5,31.0
54,how to prompt chat gpt,0.0,0.0,0.0,10.25,20.0,38.0,59.25,85.8,85.25,69.0,43.8,50.0,95.0
55,cmd,89.33333333333333,89.8,83.25,79.25,89.6,97.25,92.75,91.6,85.75,88.25,90.8,94.5,66.0
56,openai,5.666666666666667,6.6,10.25,68.0,69.6,77.25,84.5,81.4,67.0,49.0,44.0,39.0,36.0
57,prompt engineering for chatgpt,18.0,5.4,4.25,0.0,12.8,23.0,16.0,21.6,49.5,26.0,20.6,30.75,0.0
58,dan prompt for chatgpt,6.666666666666667,5.2,9.0,7.25,0.0,24.5,75.25,34.4,28.5,34.0,31.2,31.5,0.0
59,chatgpt resume prompt,7.333333333333333,3.6,22.25,0.0,12.8,0.0,12.25,25.4,25.75,12.5,28.2,53.5,0.0
60,chatgpt api,0.0,0.2,1.0,20.75,40.0,64.75,91.25,86.6,65.0,48.25,46.0,37.75,31.0
61,prompt engineer,0.0,1.2,2.0,2.0,5.0,18.0,43.25,66.4,46.25,52.5,46.2,26.25,36.0
62,github,76.0,77.0,72.75,64.75,76.6,87.5,93.75,88.6,81.75,73.75,72.0,77.0,64.0
63,prompt engineering jobs,0.0,0.0,0.0,0.75,2.6,12.75,27.75,55.0,31.25,46.75,29.2,14.5,17.0
64,ai prompt engineering,6.0,1.6,3.5,3.75,15.4,21.75,39.5,55.8,69.5,58.5,81.0,35.5,0.0
65,prompt engineering chatgpt,0.0,8.6,2.0,0.0,16.4,26.25,53.5,74.2,61.0,54.25,55.6,39.75,0.0
66,what is command prompt,84.66666666666667,79.4,77.75,64.0,79.6,84.5,80.75,76.6,71.0,72.0,76.2,63.25,61.0
67,chatgpt,0.0,0.0,0.5,32.75,53.0,79.5,83.75,95.0,76.5,57.5,50.0,53.25,54.0
68,gpt prompt engineering,7.333333333333333,2.4,6.75,18.5,16.0,15.5,36.25,59.2,48.25,38.25,31.0,27.0,29.0
69,prompt engineering course,0.0,3.8,3.25,4.25,25.2,13.25,34.0,36.2,59.25,41.75,43.8,43.5,0.0
70,what is prompt engineering,0.0,7.4,4.25,0.0,16.4,25.25,45.25,50.2,59.5,44.5,64.2,46.25,47.0
71,prompt engineering salary,9.666666666666666,3.8,0.0,0.0,7.4,28.25,46.75,65.0,48.0,32.25,30.4,31.75,0.0
72,prompt engineering openai,9.0,7.0,5.75,0.0,5.8,20.5,18.75,41.6,28.0,23.0,13.6,9.25,0.0
73,prompt engineering certification,29.0,20.0,0.0,10.25,4.0,11.0,40.5,33.4,10.5,32.25,35.2,23.25,0.0
74,ai prompt engineering jobs,0.0,0.0,13.5,6.75,18.0,4.75,17.75,43.8,30.25,49.5,29.8,43.0,0.0
75,ai jobs,11.666666666666666,13.2,12.25,19.75,29.4,35.0,46.75,69.6,71.5,64.0,61.4,57.25,47.0
76,learn prompt engineering,0.0,30.6,0.0,0.0,7.6,24.75,56.0,26.8,31.5,45.25,51.4,15.25,0.0
77,how to open command prompt,68.33333333333333,78.0,76.5,67.5,80.8,81.0,75.5,77.6,72.25,76.5,68.2,67.0,50.0
78,llm prompt engineering,0.0,14.2,0.0,43.25,0.0,0.0,64.5,11.0,53.75,27.75,29.4,29.0,0.0
79,llm,15.0,14.4,17.5,16.5,22.4,30.5,44.0,64.0,84.25,85.75,91.2,95.25,81.0
80,prompt engineering training,7.333333333333333,12.4,0.0,0.0,4.6,29.5,20.75,31.2,16.0,37.25,41.8,16.75,0.0
81,prompt engineering job,24.666666666666668,0.0,0.0,10.0,0.0,13.5,17.5,44.2,18.75,22.25,26.0,11.5,0.0
82,andrew ng prompt engineering,15.666666666666666,0.0,6.0,0.0,0.0,5.75,0.0,27.6,54.25,19.75,26.8,12.5,69.0
83,prompt engineering reddit,0.0,10.2,0.0,0.0,25.2,0.0,0.0,36.2,44.25,0.0,34.6,25.0,0.0
84,prompt engineering coursera,0.0,0.0,6.5,10.5,5.2,13.0,34.25,17.0,9.0,47.0,48.0,0.0,0.0
85,prompt engineer jobs,0.0,2.4,1.25,7.25,2.6,2.75,33.25,54.6,25.25,34.75,24.8,18.25,0.0
86,generative ai,1.0,3.2,4.25,5.75,12.4,20.0,30.5,42.0,66.25,85.75,71.2,73.0,54.0
87,what is prompt engineering in ai,10.333333333333334,7.8,0.0,10.5,10.8,13.0,0.0,20.0,23.25,8.5,28.2,7.75,0.0
88,windows 11,74.33333333333333,76.4,83.75,90.0,91.8,94.0,92.75,84.2,84.25,88.75,96.0,97.75,93.0
89,prompt engineering courses,0.0,13.2,10.5,18.25,9.8,29.75,24.75,56.8,57.5,33.25,32.6,0.0,0.0
90,open ai,7.666666666666667,9.2,11.75,76.0,78.6,72.0,80.25,80.6,70.5,57.75,52.2,47.75,43.0
91,open ai prompt engineering,0.0,4.4,0.0,13.75,15.6,10.25,0.0,16.4,27.75,25.0,22.2,12.5,64.0
92,prompt engineering examples,7.0,5.0,0.0,0.0,9.0,0.0,16.0,23.4,10.25,6.0,12.2,37.75,0.0
93,prompt engineering for developers,0.0,0.0,0.0,0.0,19.2,0.0,0.0,35.0,22.0,8.5,16.2,0.0,53.0
94,langchain,0.6666666666666666,0.0,0.25,0.5,3.2,11.75,29.25,71.8,87.75,96.0,91.8,77.0,61.0
95,stable diffusion,63.666666666666664,67.6,49.75,66.25,62.6,76.5,88.25,92.4,83.5,73.0,71.0,56.0,57.0
96,command prompt,90.33333333333333,87.6,81.5,78.0,91.4,92.25,88.75,87.6,79.0,84.5,83.2,86.5,69.0
97,cmd commands,81.66666666666667,77.6,79.5,73.75,74.8,81.25,79.0,78.0,70.25,70.5,77.4,79.0,79.0
98,cmd prompt commands,54.666666666666664,24.0,63.25,49.75,55.4,56.0,55.25,56.6,45.25,30.75,48.6,50.0,0.0
99,cmd change directory,69.33333333333333,45.8,40.0,46.5,60.0,66.5,68.5,42.6,45.25,47.5,39.4,50.0,77.0
100,change directory in cmd,81.33333333333333,54.8,43.75,51.25,54.2,54.0,58.25,29.2,23.25,41.75,44.8,42.75,38.0
101,command prompt ip address,71.0,76.2,78.75,57.5,76.6,70.0,80.25,66.4,58.25,63.75,62.8,53.0,72.0
102,cmd run as administrator,38.0,47.8,54.0,39.5,49.0,50.75,66.5,42.0,32.25,60.75,39.2,55.5,0.0
103,command prompt shortcut,29.666666666666668,50.8,35.75,30.25,49.4,37.5,48.0,45.6,15.5,41.25,30.8,47.25,0.0
104,install python,82.33333333333333,85.8,79.75,73.25,84.4,96.0,93.0,92.2,83.25,84.5,82.6,81.75,63.0
105,how to change directory in cmd,52.0,58.2,44.25,21.5,40.4,57.25,52.0,31.6,38.75,49.75,27.4,30.0,0.0
106,command prompt commands list,15.333333333333334,29.8,69.0,13.75,48.6,25.5,26.25,46.8,37.0,16.75,25.0,53.75,0.0
107,open command prompt in folder,45.333333333333336,26.4,33.75,38.5,30.8,42.75,39.0,38.4,17.5,42.0,28.2,0.0,0.0
108,dism,71.66666666666667,75.4,72.75,80.0,80.8,80.75,82.0,86.8,78.0,83.5,85.8,87.5,72.0
109,powershell commands,75.0,76.8,63.75,66.25,80.2,84.75,73.5,77.8,73.0,67.5,82.2,86.25,83.0
110,chkdsk,76.0,82.8,76.75,82.0,84.0,88.75,77.5,83.4,78.5,77.25,78.8,93.25,64.0
111,command prompt ls,19.333333333333332,50.6,35.0,37.5,34.6,34.0,20.75,30.0,35.25,22.5,16.4,11.75,0.0
112,cmd prompts,25.0,21.4,13.0,8.25,12.2,8.25,12.75,33.6,32.75,20.5,18.4,0.0,0.0
113,python download,86.0,82.0,72.5,72.0,86.4,85.25,79.25,80.8,76.25,74.75,70.2,72.5,67.0
114,what is my ip,89.33333333333333,85.6,88.0,82.0,88.2,93.5,92.75,87.8,87.5,87.5,82.4,79.25,62.0
115,windows command prompt cheat sheet,0.0,9.4,15.5,0.0,21.0,16.75,11.75,19.2,18.0,4.0,7.4,9.5,100.0
116,robocopy,71.33333333333333,81.0,70.5,70.75,74.8,79.25,79.5,78.6,75.25,76.0,75.4,80.5,69.0
117,windows cmd,83.66666666666667,87.4,82.5,83.25,88.6,95.0,92.0,89.8,81.75,89.5,88.6,94.0,66.0
118,run cmd,90.0,77.0,82.75,71.0,83.2,84.25,90.5,81.4,82.75,84.75,80.8,85.5,58.0
119,cmd prompt,75.33333333333333,79.0,67.75,78.25,77.0,83.25,84.25,80.8,73.75,79.0,78.2,89.75,50.0
120,what is cmd,77.0,74.4,71.0,60.0,75.6,92.0,78.5,72.8,65.5,69.25,75.6,74.25,90.0
121,python cmd,75.33333333333333,82.6,72.25,68.25,70.4,87.25,84.5,83.2,76.75,75.0,59.2,67.0,51.0
122,cmd list,80.0,81.0,75.0,77.0,79.0,83.5,83.75,87.2,79.5,86.25,72.2,79.5,33.0
123,cmd mac,78.33333333333333,75.4,74.25,47.5,65.6,79.0,68.75,67.2,53.5,64.25,65.8,68.75,12.0
124,cmd key,70.33333333333333,57.6,69.75,70.75,80.0,76.0,68.25,72.2,59.75,76.0,65.6,71.0,51.0
125,how to open cmd,59.333333333333336,74.6,64.5,55.25,66.4,73.0,76.5,70.2,56.5,72.25,64.0,77.75,29.0
126,cmd ip address,71.33333333333333,82.6,63.0,56.5,70.8,75.25,69.5,61.8,62.25,75.75,61.6,65.75,53.0
127,cmd restart,55.333333333333336,71.2,62.5,65.25,78.2,77.0,75.75,72.6,53.25,67.0,78.4,78.5,50.0
128,cmd ping,58.666666666666664,75.4,57.0,58.75,59.8,72.5,74.75,60.0,50.5,70.5,78.6,63.0,85.0
129,cmd copy,80.33333333333333,72.8,56.5,70.5,74.4,77.0,66.75,79.8,76.5,70.5,66.6,87.0,42.0
130,docker cmd,68.33333333333333,73.4,70.0,53.75,63.4,86.25,79.75,53.6,64.0,53.75,55.2,61.5,0.0
131,git,93.66666666666667,91.6,84.5,69.25,88.8,95.75,95.75,91.2,85.75,88.75,85.8,85.0,59.0
132,git cmd,73.66666666666667,68.6,70.25,53.75,68.4,78.25,61.5,66.2,60.0,67.75,63.2,47.0,0.0
133,cmd group,54.333333333333336,47.0,48.0,42.5,46.2,63.5,57.5,46.8,46.75,49.0,51.2,51.5,18.0
134,change directory cmd,69.33333333333333,45.8,40.0,46.5,60.0,66.5,68.5,42.6,45.25,47.5,39.4,50.25,76.0
135,cmd clear,54.333333333333336,62.2,74.75,34.5,53.0,69.0,75.25,64.0,54.75,52.5,59.2,63.5,49.0
136,how to find windows 11 product key using cmd,15.0,27.8,0.0,0.0,17.2,11.25,33.0,10.0,11.5,25.0,0.0,10.5,0.0
137,how to open jupyter notebook from cmd,15.333333333333334,20.0,7.5,7.0,6.4,6.5,6.5,12.8,13.25,18.25,7.6,12.75,55.0
138,steam workshop downloader,64.66666666666667,58.6,51.75,65.75,49.6,49.75,35.25,32.0,49.5,47.25,64.4,43.75,0.0
139,cmd add user to administrators,29.333333333333332,21.0,5.75,5.75,4.6,15.75,48.5,14.8,25.25,15.5,10.6,24.5,0.0
140,how to get serial number from cmd,17.333333333333332,0.0,46.75,0.0,18.4,22.75,18.0,5.0,13.75,22.0,4.2,0.0,65.0
141,dell support,82.0,84.4,80.0,77.25,86.4,96.25,83.5,80.8,80.0,80.5,74.4,71.75,51.0
142,dell drivers,84.0,84.0,85.5,78.0,89.8,95.25,86.0,85.8,88.5,84.75,75.8,77.0,54.0
143,lenovo warranty check,78.33333333333333,81.6,70.75,67.0,72.8,80.75,85.0,78.8,80.0,72.75,65.8,64.5,61.0
144,cmd disease,0.0,0.0,3.25,15.0,16.6,16.75,3.25,0.0,8.5,0.0,4.0,8.5,100.0
145,cmd surgery,7.333333333333333,20.0,37.5,10.25,7.6,0.0,19.5,9.4,14.5,5.25,10.2,18.5,0.0
146,cmd corporation,0.0,5.0,14.5,18.5,34.8,9.25,10.0,10.2,25.0,0.0,18.6,19.5,0.0
147,what is a prompt,78.0,80.2,62.5,55.25,65.0,86.0,88.5,89.8,73.75,59.25,54.6,63.75,66.0
148,college essay,87.0,91.4,53.0,39.5,39.6,31.75,29.25,29.6,33.5,28.25,37.0,55.25,62.0
149,what is an essay prompt,70.66666666666667,43.0,34.75,39.25,33.6,62.5,54.25,55.0,42.25,31.75,2.0,32.0,100.0
150,what is a prompt in an essay,60.666666666666664,51.6,43.5,43.25,46.4,55.0,55.5,45.8,40.75,38.5,18.0,45.5,75.0
151,prompts,85.66666666666667,85.4,68.25,66.25,78.8,78.0,81.5,86.8,78.5,64.5,66.8,77.0,82.0
152,common app essay prompt,64.33333333333333,67.0,15.25,11.25,24.2,8.25,7.0,16.6,28.75,44.0,35.8,74.75,100.0
153,common app essay,77.0,88.4,30.5,21.75,18.4,8.5,10.5,10.4,22.25,28.0,47.6,60.5,71.0
154,common app,54.333333333333336,81.8,39.25,26.5,27.6,15.25,11.75,9.8,11.25,12.25,20.8,37.5,45.0
155,common app prompt,69.0,56.6,13.25,19.5,9.6,5.5,2.25,5.8,25.75,33.25,34.0,67.75,100.0
156,argumentative essay,52.0,64.6,74.0,49.25,65.2,85.75,80.5,77.2,44.0,19.5,14.8,22.5,29.0
157,what is a prompt in writing,52.0,56.8,42.75,48.0,37.4,62.0,64.75,47.0,51.5,41.25,5.4,25.75,47.0
158,prompt writer,30.0,41.0,34.75,52.0,56.0,70.25,76.5,75.8,50.25,37.25,32.8,45.5,54.0
159,word,96.0,95.2,86.75,83.0,92.2,96.25,91.5,92.6,83.5,72.75,65.4,77.25,79.0
160,essay writer,30.333333333333332,32.2,30.0,52.0,52.8,62.75,60.5,56.4,42.75,20.0,13.0,20.5,24.0
161,thesis,90.66666666666667,90.8,80.0,61.25,69.6,90.0,81.25,74.8,54.25,34.75,29.8,47.0,60.0
162,prompt meaning,57.666666666666664,58.0,50.25,50.75,61.6,62.75,62.0,73.2,56.75,66.0,63.8,84.75,75.0
163,uc essay prompt,37.0,18.2,66.75,13.0,6.0,0.0,5.0,9.0,13.75,5.75,16.0,19.5,0.0
164,prompt definition,83.0,85.2,64.25,54.5,75.2,75.75,75.0,66.8,59.0,51.0,36.2,49.5,51.0
165,prompt synonym,75.0,77.4,73.5,52.5,67.0,64.25,61.25,68.6,57.75,42.75,44.8,43.75,53.0
166,college essay examples,80.66666666666667,84.8,44.25,33.25,29.8,23.75,21.5,19.6,28.75,21.5,30.4,43.5,48.0
167,what is the last step in creating an argumentative essay? outlining prewriting researching revising,18.666666666666668,15.0,13.0,28.25,33.2,17.5,0.0,7.4,16.0,17.5,17.6,0.0,0.0
168,chat gbt,0.0,0.0,0.0,29.75,40.8,55.75,72.25,89.2,69.5,46.75,43.0,50.5,59.0
169,in the conclusion of an argumentative essay,40.333333333333336,23.2,31.5,34.0,41.0,50.0,58.25,46.0,45.75,31.0,10.2,21.75,39.0
170,ap central,53.666666666666664,44.0,33.0,26.5,35.0,38.5,45.75,75.2,25.5,11.5,22.2,41.75,45.0
171,when writing a media response essay,0.0,0.0,16.75,24.0,0.0,0.0,12.25,6.0,12.75,0.0,13.4,14.25,100.0
172,open command prompt windows 10,65.0,69.0,77.5,57.0,57.0,53.5,50.5,63.0,33.75,59.0,40.0,66.0,46.0
173,how to open command prompt windows 10,27.666666666666668,49.6,52.5,27.0,35.6,28.25,29.25,48.0,45.5,44.25,40.2,41.75,0.0
174,boot to command prompt windows 10,30.0,20.8,33.5,34.75,32.2,43.25,34.75,27.6,46.75,19.5,21.2,22.5,0.0
175,how to get to command prompt windows 10,36.333333333333336,57.6,27.0,44.0,43.4,35.25,32.25,27.6,30.75,34.0,32.8,41.0,0.0
176,admin command prompt,45.666666666666664,54.4,52.0,53.5,57.4,52.25,58.25,58.4,59.75,51.0,63.2,56.0,0.0
177,safe mode windows 10,86.33333333333333,81.0,81.75,80.75,81.2,81.75,73.75,62.8,66.5,70.5,67.6,62.75,39.0
178,windows 10 safe mode command prompt,33.333333333333336,19.0,38.0,67.5,45.2,18.75,30.75,32.2,41.5,46.75,26.4,14.25,0.0
179,windows 10 download,83.33333333333333,79.2,79.75,89.75,92.6,82.0,78.5,70.2,65.25,68.25,68.8,66.5,69.0
180,reset windows 10 password command prompt,33.0,17.2,28.0,16.75,43.4,43.25,17.5,12.6,31.25,37.0,32.2,31.25,0.0
181,command prompt commands windows 10,48.333333333333336,32.2,43.0,6.0,38.4,37.5,34.75,14.8,24.5,43.5,47.6,27.5,0.0
182,command prompt windows 10 commands,48.333333333333336,32.2,43.0,6.0,38.4,37.5,34.75,14.8,24.5,43.5,47.6,27.5,0.0
183,how to open command prompt in windows 10,19.666666666666668,23.2,15.75,16.25,33.0,50.25,20.75,23.8,18.25,31.5,6.8,50.0,0.0
184,windows 10 command prompt list,13.333333333333334,13.8,22.75,30.25,31.6,17.75,25.0,23.0,44.25,23.5,9.8,21.0,79.0
185,microsoft,86.66666666666667,84.6,80.75,77.0,91.8,91.5,88.5,87.4,81.75,85.75,82.8,86.0,74.0
186,factory reset windows 10,74.0,72.0,73.0,78.5,82.4,60.0,66.5,55.2,63.25,65.0,72.2,68.0,55.0
187,windows 10 safe mode from command prompt,20.333333333333332,13.8,27.25,61.0,14.8,14.75,15.0,9.6,16.5,22.25,18.6,26.25,0.0
188,repair windows 10 from command prompt,23.333333333333332,23.2,0.0,14.75,45.0,29.5,39.25,15.8,58.75,44.0,24.8,23.75,0.0
189,windows 10 startup repair command prompt,29.333333333333332,8.6,7.75,16.75,12.0,14.25,8.5,20.8,29.75,34.25,38.0,22.5,0.0
190,how to find administrator password windows 10 using command prompt,0.0,17.4,17.25,0.0,9.0,16.0,15.0,37.4,39.25,0.0,15.0,0.0,0.0
191,windows stop code,60.0,51.2,39.5,84.0,55.4,54.75,50.5,51.2,47.25,45.25,53.0,48.25,55.0
192,how to enter safe mode windows 10,38.333333333333336,45.4,23.25,41.75,31.8,40.0,50.75,38.2,33.0,29.75,11.4,25.5,58.0
193,random command prompt opening windows 10,6.666666666666667,3.8,0.0,10.5,9.4,41.5,0.0,21.4,22.5,5.75,20.0,7.25,76.0
194,there was a problem resetting your pc,62.0,24.8,61.75,58.75,55.2,54.25,45.75,61.2,55.5,58.75,84.2,64.25,0.0
195,where is the command prompt in windows 10,36.0,15.4,21.0,0.0,0.0,53.75,30.75,10.8,7.5,0.0,36.0,17.0,0.0
196,diskpart commands,40.333333333333336,46.0,34.25,47.25,39.8,25.75,36.75,37.4,24.75,20.5,25.4,53.25,0.0
197,how to find windows 10 product key using command prompt,0.0,0.0,14.25,34.25,9.8,16.75,0.0,0.0,0.0,0.0,20.0,23.75,0.0
198,ai midjourney,41.333333333333336,20.0,23.25,47.25,57.4,55.5,72.75,76.8,69.25,56.75,52.6,43.75,40.0
199,midjourney art,50.666666666666664,34.0,30.75,65.25,80.2,73.0,72.25,82.8,72.25,61.0,61.2,51.75,42.0
200,ai art midjourney,50.666666666666664,36.6,28.75,69.25,81.2,70.0,65.0,76.2,62.25,56.0,59.4,46.0,40.0
201,ai art,17.0,17.4,20.75,52.5,27.6,26.25,25.5,30.0,28.25,22.5,22.0,20.5,22.0
202,art ai,19.0,19.6,21.25,52.75,29.0,27.0,27.0,29.4,28.5,25.25,24.8,23.0,22.0
203,discord,77.33333333333333,77.2,78.75,83.5,79.0,82.5,83.75,81.8,83.0,90.5,83.0,80.25,81.0
204,midjourney discord,32.0,14.6,17.0,31.0,46.4,51.0,75.0,71.2,66.75,52.0,41.8,33.0,28.0
205,ai generator,13.666666666666666,13.6,18.0,48.75,29.2,31.75,34.5,43.0,44.75,39.75,44.0,39.0,35.0
206,use midjourney,14.666666666666666,11.0,15.75,28.0,37.2,42.5,67.0,76.0,65.0,59.0,50.2,44.75,33.0
207,midjourney free,9.333333333333334,11.2,9.0,23.25,33.0,39.5,57.5,79.2,82.75,70.75,64.2,53.5,51.0
208,midjourney prompt,16.333333333333332,7.0,13.25,21.0,30.2,42.0,64.75,79.0,79.25,69.0,61.2,51.25,46.0
209,midjourney prompts,15.0,8.4,11.5,28.75,37.8,51.75,72.25,78.6,83.0,74.75,66.8,58.0,56.0
210,image ai,36.0,36.0,36.0,63.25,49.8,54.75,65.0,87.6,90.5,86.25,86.8,82.25,94.0
211,midjourney images,13.666666666666666,11.6,14.25,22.5,37.8,41.25,69.5,80.0,75.5,62.0,56.8,50.5,40.0
212,midjourney art generator,56.333333333333336,36.0,30.5,62.75,79.0,59.75,70.25,80.4,62.0,60.25,54.0,38.75,41.0
213,ai art generator,16.0,16.0,18.25,47.25,24.0,22.5,22.0,24.6,23.5,20.75,19.8,17.75,17.0
214,ai art generator midjourney,56.333333333333336,36.4,31.5,60.75,84.4,61.0,68.25,81.0,66.25,60.25,57.6,37.75,31.0
215,how to use midjourney,14.666666666666666,10.8,15.75,23.5,35.8,43.25,71.5,75.4,66.5,60.5,50.8,47.75,18.0
216,midjourney how to use,14.666666666666666,10.8,15.75,23.5,35.8,43.25,71.5,75.4,66.5,60.5,50.8,47.75,18.0
217,midjourney ai free,11.333333333333334,9.8,9.5,24.0,34.6,38.5,53.25,79.0,84.25,73.75,66.8,53.0,60.0
218,what is midjourney,19.333333333333332,14.2,12.5,26.0,46.8,46.75,70.25,85.0,73.0,63.0,58.8,46.5,53.0
219,midjourney image generator,20.666666666666668,10.2,8.5,21.5,31.8,35.0,59.5,79.2,77.25,64.75,54.6,48.0,45.0
220,midjourney v5,1.6666666666666667,0.2,0.0,0.0,0.2,0.5,67.5,29.2,11.75,6.5,3.2,3.25,7.0
221,upload image to midjourney,6.333333333333333,0.0,12.0,26.25,38.6,53.0,58.0,67.6,56.5,36.25,36.4,45.25,0.0
222,midjourney niji,5.666666666666667,0.0,11.0,24.5,45.4,22.75,22.0,56.8,67.5,72.5,37.4,31.75,0.0
223,midjourney blend,0.0,5.6,15.0,17.25,21.8,11.5,50.5,53.4,41.75,28.0,30.0,41.5,0.0
224,midjourney v5 ai,0.0,0.6,2.75,1.0,0.6,0.75,38.0,9.2,3.75,5.0,5.0,1.0,0.0
225,leonardo ai,0.6666666666666666,2.6,0.25,1.0,2.4,17.5,26.25,42.8,87.5,77.0,76.4,74.25,61.0
226,bing ai,0.0,0.0,0.0,0.25,1.0,59.0,30.5,32.2,31.25,26.75,24.0,23.0,20.0
227,ai logo generator,8.333333333333334,8.4,9.5,16.75,35.4,48.5,58.5,78.2,87.5,94.5,85.4,78.5,78.0
228,adobe firefly,0.0,0.2,0.0,0.75,0.2,0.25,42.0,37.6,45.5,40.75,23.6,24.5,21.0
229,midjourney logo prompts,0.0,4.4,0.0,39.75,23.4,15.25,36.75,46.2,42.5,29.75,57.6,35.75,0.0
230,printify,25.0,26.6,28.0,46.5,74.6,55.75,56.25,57.0,55.5,60.0,54.6,52.0,53.0
231,bard,18.0,17.2,15.5,16.25,17.2,38.75,45.5,45.6,74.75,50.0,52.2,64.75,60.0
232,midjourney 5.1,0.0,4.0,1.75,3.75,5.8,0.0,0.0,22.4,50.5,9.25,0.0,2.25,0.0
233,gpt 4,0.0,0.0,0.0,1.0,1.8,2.25,63.25,35.8,22.5,17.0,15.4,14.25,13.0
234,midjourney 怎么 用,13.666666666666666,14.6,0.0,0.0,0.0,14.0,48.75,35.8,37.5,35.25,13.6,9.25,0.0
235,lensa,0.0,0.0,6.5,32.0,2.4,1.25,1.0,1.0,1.0,1.0,1.0,1.0,0.0
236,figma,64.0,37.6,35.25,27.5,35.8,41.75,42.25,39.2,37.0,42.25,40.6,39.25,28.0
237,runway ai,7.333333333333333,10.4,4.5,16.75,31.8,50.25,61.5,89.8,72.5,66.0,65.2,59.25,50.0
238,midjourney showcase,0.0,10.6,34.0,29.75,14.4,38.25,0.0,11.2,30.0,13.25,22.6,23.5,55.0
239,midjourney 关键 词,8.333333333333334,14.6,5.0,0.0,5.8,37.5,37.5,24.2,22.75,20.75,24.0,31.25,0.0
240,midjourney remix mode,7.0,23.6,14.75,4.75,17.0,8.5,17.0,28.6,9.75,10.5,20.6,13.5,100.0
241,stable diffusion online,60.0,58.0,50.5,73.75,56.2,53.0,66.5,62.0,52.0,64.25,48.4,52.75,40.0
242,chatgpt 4,0.3333333333333333,0.0,0.0,3.0,6.4,9.25,74.25,70.2,47.25,35.5,33.0,31.0,34.0
243,chat gpt 4,0.0,0.0,0.0,1.0,2.0,2.25,69.0,44.2,30.75,22.25,19.4,19.25,19.0
244,how to prompt midjourney,9.0,6.6,2.25,12.75,21.0,35.25,51.75,58.8,82.75,58.0,60.6,45.0,92.0
245,prompt for midjourney,11.666666666666666,4.4,0.0,10.75,24.6,33.5,45.75,62.8,87.5,60.75,43.8,48.5,67.0
246,midjourney ai,41.333333333333336,20.0,23.25,47.25,57.4,55.5,72.75,76.8,68.25,56.75,52.6,43.75,41.0
247,midjourney prompt generator,45.333333333333336,11.0,12.0,8.75,18.2,46.75,41.5,50.8,55.0,35.0,35.0,32.75,25.0
248,midjourney prompt guide,0.0,9.2,23.5,7.75,4.2,24.75,68.25,67.6,56.5,16.75,35.0,37.75,0.0
249,midjourney guide,27.333333333333332,0.0,21.25,30.75,46.6,44.5,51.75,76.2,72.5,50.25,53.4,26.25,0.0
250,ai prompt generator,50.0,37.8,18.0,66.0,59.6,64.75,75.25,72.2,88.0,77.75,80.8,68.0,74.0
251,prompts for midjourney,3.6666666666666665,4.8,8.5,23.0,25.8,41.0,54.0,60.2,78.0,60.0,62.4,53.75,43.0
252,midjourney ai art,50.666666666666664,36.6,28.75,69.25,81.2,70.0,65.0,76.2,61.5,56.0,59.4,45.75,40.0
253,midjourney prompt examples,15.0,0.0,0.0,0.0,15.8,32.5,48.25,59.2,21.5,21.0,27.0,12.25,0.0
254,midjourney prompt helper,5.666666666666667,3.2,6.5,5.25,0.0,40.5,25.0,15.0,25.75,14.25,6.6,12.75,69.0
255,midjourney aspect ratio,14.0,8.4,14.5,17.0,33.4,48.25,40.0,72.0,69.0,48.5,38.6,41.25,24.0
256,mid journey,55.0,30.2,38.0,64.25,65.4,54.75,68.5,81.4,79.5,62.5,51.8,46.0,29.0
257,midjourney use image as prompt,0.0,0.0,19.25,17.5,11.2,0.0,8.75,29.8,23.75,32.75,25.4,30.5,0.0
258,midjourney styles,21.0,8.2,10.25,25.75,52.2,45.25,63.0,71.4,68.75,75.5,56.8,43.75,0.0
259,stable diffusion ai,60.0,69.4,48.25,80.25,73.0,80.5,85.75,90.8,82.0,71.25,63.4,49.75,47.0
260,midjourney upload image,20.0,6.4,15.25,22.5,39.0,36.0,60.0,75.2,86.5,58.5,30.6,37.0,0.0
261,midjourney coloring book prompt,16.666666666666668,17.2,0.0,7.25,13.6,17.0,53.25,26.2,57.25,16.25,11.0,25.0,0.0
262,chatgpt midjourney prompt generator,14.0,8.6,0.0,7.5,4.6,5.75,16.75,6.0,15.25,25.0,0.0,11.5,0.0
263,best midjourney prompts,0.0,0.0,10.75,27.75,37.2,65.0,41.5,78.4,74.0,44.5,61.2,38.0,0.0
264,midjourney prompts generator,17.0,0.0,13.25,23.25,25.0,18.75,37.5,38.0,20.75,38.5,23.2,24.75,0.0
265,midjourney image weight,0.0,9.8,6.25,21.0,17.2,56.0,45.25,57.4,27.0,27.75,24.6,16.0,68.0
266,midjourney style prompts,6.333333333333333,2.8,3.25,5.75,14.8,24.25,26.5,43.4,63.75,22.75,34.4,39.75,0.0
267,stable diffusion prompt generator,17.0,16.4,13.75,18.25,8.6,30.25,16.25,29.0,43.5,32.0,34.0,4.75,0.0
268,midjourney weights,31.333333333333332,13.8,0.0,26.0,30.2,14.5,34.75,31.0,13.0,45.5,29.6,22.25,54.0
269,midjourney prompt tool,14.333333333333334,13.2,10.75,21.5,17.6,28.5,52.0,19.0,0.0,0.0,8.2,9.5,0.0
270,midjourney api,8.666666666666666,4.0,4.25,14.25,31.8,32.5,80.5,75.6,68.75,50.25,36.8,20.75,0.0
271,chat gpt midjourney prompt generator,12.0,0.0,0.0,0.0,0.0,25.75,19.25,22.8,10.75,33.25,11.0,0.0,0.0
272,how to open a file in command prompt,62.666666666666664,34.8,32.75,22.25,32.8,11.75,31.25,20.8,22.5,24.25,26.0,13.25,0.0
273,open command prompt as administrator,62.333333333333336,21.8,35.0,19.5,16.4,35.25,18.5,22.6,29.25,20.5,12.0,23.0,83.0
274,how to open admin command prompt,25.333333333333332,25.0,49.5,0.0,32.4,14.25,23.0,24.0,14.5,13.0,19.0,63.0,0.0
275,how to open command prompt on mac,34.666666666666664,16.4,7.5,0.0,15.4,13.75,12.25,15.0,12.25,15.0,9.0,13.5,100.0
276,how to open command prompt on chromebook,61.666666666666664,14.8,19.0,29.5,0.0,15.0,0.0,0.0,35.0,0.0,0.0,0.0,0.0
277,a user is unable to reach google.com by typing the url,62.666666666666664,47.8,33.25,24.0,47.2,10.5,16.75,0.0,20.5,52.25,40.0,44.5,0.0
278,a windows user is locked out of her computer,50.0,27.4,42.25,45.0,31.6,34.25,26.0,19.4,40.75,22.75,30.8,35.25,74.0
279,why does command prompt open on startup,24.0,0.0,0.0,0.0,3.2,25.0,10.75,7.0,16.25,4.75,6.0,7.0,39.0
280,meaning of prompt,40.0,46.6,38.25,45.75,47.0,42.75,40.5,58.2,41.25,32.25,39.4,45.0,100.0
281,prompt response meaning,33.0,44.2,41.0,8.75,39.0,39.25,40.75,65.8,39.75,56.25,39.4,39.0,0.0
282,prompt response,64.33333333333333,71.6,58.0,51.25,66.4,70.75,76.0,80.2,67.25,65.75,52.2,55.25,57.0
283,writing prompt,86.66666666666667,87.0,71.5,59.75,84.6,88.75,90.75,79.8,68.0,47.75,36.6,73.5,76.0
284,essay prompt,95.0,83.6,69.25,53.25,59.2,58.75,59.5,71.4,56.75,44.75,40.6,68.25,81.0
285,prompts meaning,68.66666666666667,79.8,68.25,63.5,83.4,73.0,80.5,64.6,56.75,54.25,59.8,78.5,54.0
286,prompt meaning in english,33.0,11.6,17.5,15.25,23.6,5.25,7.0,32.0,14.0,17.0,8.0,45.75,0.0
287,define prompt,78.66666666666667,75.4,67.5,54.25,53.0,85.25,81.25,69.4,57.25,28.25,17.8,29.25,0.0
288,what does prompt mean,66.66666666666667,63.4,49.25,42.25,69.0,60.5,73.5,57.6,57.25,41.25,55.6,69.0,44.0
289,prompt reply meaning,21.0,0.0,0.0,30.0,12.4,22.75,28.0,0.0,15.0,8.75,6.4,53.0,74.0
290,prompt reply,18.0,18.8,13.0,8.25,14.6,25.5,23.0,21.8,21.5,15.75,15.4,24.75,100.0
291,promt meaning,41.666666666666664,21.0,24.25,42.25,5.8,10.75,29.75,54.8,30.75,31.5,9.2,22.75,0.0
292,paraphrase,76.33333333333333,79.4,75.25,58.25,69.8,89.75,84.75,86.8,71.25,48.25,39.4,60.5,98.0
293,prom meaning,25.333333333333332,25.4,23.25,22.75,40.4,42.25,62.0,83.8,60.0,23.75,16.8,20.25,18.0
294,not secure website meaning,5.666666666666667,20.0,11.75,3.5,19.2,15.0,21.5,0.0,16.75,10.75,12.0,3.5,0.0
295,prompt succor meaning,0.0,20.0,0.0,11.5,21.6,35.75,13.0,5.0,20.75,0.0,0.0,5.75,0.0
296,which narrative technique does the author include in this excerpt,45.666666666666664,32.0,32.0,7.75,0.0,18.5,0.0,8.4,25.0,52.25,26.0,34.75,0.0
297,esg meaning,67.66666666666667,44.0,41.25,33.0,41.6,65.25,62.25,47.4,51.25,59.75,47.2,36.0,17.0
298,windows 11 command prompt,47.666666666666664,49.8,55.5,79.25,61.2,56.5,61.25,62.4,70.75,64.75,73.2,79.25,59.0
299,windows command line,85.0,88.6,79.75,74.5,85.2,88.5,85.75,84.8,75.0,82.75,83.8,82.5,62.0
300,windows powershell,80.0,78.8,76.25,71.0,82.8,89.25,86.25,79.8,79.5,80.25,79.6,85.25,60.0
301,how to use command prompt,68.33333333333333,54.6,66.0,66.5,77.6,72.5,77.25,76.0,67.5,75.0,69.6,75.25,38.0
302,windows command prompt commands,50.666666666666664,47.2,38.25,26.0,52.4,56.25,47.25,26.2,49.75,34.25,28.2,33.5,54.0
303,command prompt safe mode,52.0,45.4,59.5,67.0,67.2,38.5,39.5,41.8,56.25,52.5,64.2,47.5,0.0
304,windows command prompt list,56.0,32.6,29.75,47.25,57.4,34.0,39.5,55.8,49.75,51.25,54.0,49.0,59.0
305,windows recovery,81.66666666666667,72.8,76.25,83.5,83.4,86.25,81.5,71.4,72.25,77.0,81.4,82.75,79.0
306,windows terminal,87.0,83.4,78.25,71.5,86.2,89.25,85.0,83.0,75.75,78.0,78.4,80.25,70.0
307,microcenter,44.333333333333336,48.4,71.75,60.0,51.6,52.75,47.25,44.2,43.0,46.5,51.2,48.5,55.0
308,geek squad,95.66666666666667,89.0,90.25,84.25,82.8,85.0,81.25,74.0,78.5,84.5,89.6,90.25,87.0
309,your manager asks you to set up a secure network connection at a remote site which protocol,0.0,11.2,22.0,0.0,17.0,25.0,10.0,15.4,6.75,7.5,8.8,15.0,0.0
310,windows 11 media creation tool,47.0,55.2,65.75,74.0,77.8,86.75,70.5,59.6,68.5,71.0,69.8,79.75,61.0
311,how to use static ip address,44.333333333333336,44.0,39.0,34.25,39.2,65.75,51.5,56.4,37.25,41.0,51.0,19.25,0.0
312,dism error 87,21.333333333333332,15.0,8.75,23.75,13.6,32.75,16.0,31.4,39.0,43.5,18.8,11.5,49.0
313,a windows user is locked out of her computer and you must log into the local administrator,0.0,24.8,4.75,35.5,24.2,0.0,6.5,11.8,31.25,21.25,6.0,30.25,0.0
314,windows 11 safe mode,50.333333333333336,53.4,57.75,68.0,65.4,60.0,58.5,60.2,68.75,67.75,67.2,77.25,52.0
315,in a windows environment how many hops,29.666666666666668,38.0,0.0,35.25,23.8,19.0,21.25,15.6,33.0,26.0,18.0,20.5,50.0
316,raid solution that offers redundancy over performance,50.666666666666664,0.0,12.25,24.5,21.0,23.25,9.75,39.2,0.0,35.5,0.0,15.25,0.0
317,python install,82.33333333333333,85.8,79.75,73.25,84.4,96.0,93.0,92.4,83.25,84.5,82.6,82.0,64.0
318,anaconda,85.66666666666667,89.8,86.5,80.25,89.8,94.0,88.5,93.0,98.0,92.0,93.0,93.0,94.0
319,anaconda python,77.33333333333333,69.6,62.25,57.5,82.8,80.0,71.0,69.4,68.25,62.75,62.6,71.75,69.0
320,anaconda prompt,85.0,58.4,50.75,42.5,83.2,66.75,64.25,66.6,66.0,60.5,62.0,59.75,81.0
321,python input,94.33333333333333,87.4,66.75,54.25,67.6,79.0,62.0,56.4,41.25,42.5,45.4,44.75,70.0
322,install pip,69.33333333333333,73.2,71.0,66.25,71.0,86.0,87.0,91.2,80.75,84.0,80.4,75.75,58.0
323,install pip python,79.66666666666667,78.8,76.0,71.5,78.6,92.25,90.25,92.6,82.0,81.5,79.6,76.0,56.0
324,python prompt for input,27.666666666666668,41.0,37.75,29.25,43.0,28.25,27.75,35.8,23.5,33.25,10.6,11.75,0.0
325,how to install pip,57.666666666666664,62.8,69.5,63.0,68.2,80.25,78.0,85.2,74.25,75.75,74.0,67.25,58.0
326,jupyter notebook,82.33333333333333,74.4,66.75,56.0,73.2,83.75,71.5,74.6,61.25,64.75,64.6,67.5,64.0
327,check python version,66.33333333333333,66.2,64.5,57.5,71.0,82.0,72.0,72.8,68.0,72.0,68.0,58.75,29.0
328,vscode,70.66666666666667,70.4,64.75,60.25,77.0,88.25,79.25,78.8,72.75,74.0,72.8,75.25,74.0
329,how to check python version,74.33333333333333,59.0,70.0,55.0,69.4,83.5,67.75,73.0,60.25,74.0,77.4,68.0,17.0
330,command prompt change directory,49.0,41.8,55.75,60.75,76.8,67.0,37.25,72.8,42.75,45.5,64.8,33.5,28.0
331,how to run a python file in command prompt,0.0,31.0,18.0,18.75,11.8,19.25,5.5,4.4,27.5,8.0,10.6,15.25,0.0
332,how to open anaconda prompt,21.0,4.6,6.25,0.0,35.4,32.75,41.5,52.6,45.5,69.0,30.6,8.25,0.0
333,4.11.5 better password prompt,0.0,37.8,0.0,9.25,16.2,0.0,58.25,0.0,0.0,40.25,0.0,30.5,0.0
334,python was not found run without arguments,0.0,17.2,22.0,11.25,0.0,40.25,18.0,0.0,22.0,12.75,28.6,21.75,0.0
335,miniconda,68.0,73.4,57.75,53.75,72.0,80.5,73.0,78.0,75.0,76.75,69.4,68.75,55.0
336,python ide,87.0,75.8,74.75,75.25,81.4,77.0,77.75,73.0,62.0,66.0,60.0,70.75,85.0
337,matplotlib,77.66666666666667,81.2,77.75,58.25,68.6,89.75,78.5,77.6,65.25,68.75,66.0,61.5,53.0
338,replit,60.333333333333336,65.8,66.75,59.25,78.0,85.25,72.0,65.0,58.75,31.0,24.0,46.25,46.0
339,list python,90.0,94.8,78.75,62.75,67.2,88.5,74.25,65.0,51.0,50.75,52.0,50.0,49.0
340,python function,88.33333333333333,89.8,76.25,58.75,68.0,86.25,71.5,67.6,53.75,53.75,55.6,55.25,56.0
341,python code,84.33333333333333,82.8,79.5,69.5,78.4,90.75,80.5,80.2,67.25,67.25,68.2,71.75,75.0
342,what is python,85.0,83.6,73.25,62.0,73.8,90.0,75.5,75.6,64.75,60.25,61.4,64.25,67.0
343,python pandas,85.66666666666667,90.6,82.75,68.75,76.2,92.75,83.0,77.6,64.5,66.75,67.4,61.0,43.0
344,python dictionary,87.0,96.6,87.5,65.25,71.0,87.5,79.5,74.6,56.5,59.25,58.2,57.75,46.0
345,ball python,93.66666666666667,89.6,86.75,85.75,87.6,92.25,87.5,84.6,87.0,91.25,95.2,94.25,92.0
346,python array,94.66666666666667,96.6,87.75,61.25,68.8,90.25,74.5,70.4,52.5,56.0,55.4,54.0,48.0
347,python print,92.66666666666667,88.8,74.75,59.25,71.4,86.25,72.0,64.6,52.0,54.25,54.8,54.5,56.0
348,set python,90.0,91.6,79.75,69.25,72.6,90.25,78.75,75.2,63.25,66.0,65.8,67.25,59.0
349,python loop,90.66666666666667,94.0,74.25,58.0,67.2,85.75,70.5,58.4,49.75,45.25,49.6,46.75,44.0
350,monty python,80.66666666666667,78.2,69.0,74.5,73.0,71.25,79.25,79.6,85.0,75.25,67.0,67.75,66.0
351,python class,77.33333333333333,83.8,82.75,68.75,70.6,84.5,76.75,72.2,62.75,59.5,63.6,61.25,51.0
352,python import,82.33333333333333,83.0,83.25,68.25,71.6,89.5,79.25,78.4,65.25,66.5,67.8,64.0,55.0
353,python api,69.33333333333333,75.2,70.0,68.5,73.6,85.5,79.75,84.6,77.5,79.25,77.8,71.5,61.0
354,python time,86.66666666666667,90.0,82.0,66.25,74.2,88.75,78.0,75.4,66.5,68.25,70.6,68.5,58.0
355,python json,86.0,88.2,84.0,72.75,77.0,92.25,88.25,86.4,80.25,81.0,78.8,79.5,51.0
356,json,84.66666666666667,84.2,79.0,70.25,78.8,95.0,87.75,85.4,82.5,86.75,80.8,82.0,55.0
357,numpy,83.66666666666667,86.4,79.0,58.0,69.2,92.75,75.75,74.6,60.5,60.75,62.6,59.25,62.0
358,python version,78.33333333333333,77.0,73.25,67.25,79.8,89.75,81.75,87.8,81.25,82.25,82.4,79.75,58.0
359,python csv,77.66666666666667,84.6,86.0,68.75,67.0,86.5,75.0,72.6,57.0,61.25,61.6,54.75,42.0
360,pip,75.33333333333333,80.6,80.25,70.0,76.8,92.0,95.25,94.6,86.25,86.5,86.8,82.75,78.0
361,python open,77.66666666666667,84.4,83.5,68.25,77.0,91.75,78.5,75.8,68.75,69.25,68.4,68.5,64.0
362,16 foot python australia,0.3333333333333333,0.6,0.0,0.25,1.0,0.0,0.5,1.0,0.0,0.75,0.2,25.0,0.0
363,python snake australia,0.0,0.2,0.0,0.0,0.0,0.0,0.0,0.4,0.0,0.0,0.0,25.0,2.0
364,python 3.11,10.666666666666666,42.0,45.25,44.75,52.8,44.5,44.75,50.4,45.25,44.5,48.8,57.0,36.0
365,python eats woman,0.0,23.2,4.5,1.0,0.6,0.5,0.0,0.0,1.75,0.5,0.4,0.5,0.0
366,poetry python,71.66666666666667,79.0,59.0,63.0,73.2,79.5,77.25,77.8,89.25,84.75,90.8,87.5,37.0
367,python playground,52.333333333333336,61.4,49.5,52.75,64.4,90.5,79.0,66.8,51.25,68.0,63.6,44.75,48.0
368,replit python,78.0,68.0,56.5,46.5,58.0,72.0,55.0,53.4,35.0,41.0,31.2,35.0,23.0
369,python f string,90.33333333333333,80.4,70.5,53.25,66.6,75.5,65.75,72.8,59.75,55.0,56.4,56.0,35.0
370,online python compiler,85.33333333333333,82.0,61.5,54.75,57.4,78.5,65.0,61.4,44.25,44.75,42.2,43.5,55.0
371,prompt for chat gpt,0.0,0.0,0.0,2.0,20.2,25.0,61.75,88.6,91.5,72.5,59.0,54.5,25.0
372,chatgpt prompt,0.0,0.4,0.25,9.75,17.4,48.0,66.0,92.0,84.25,67.25,61.6,57.5,51.0
373,ai prompt,14.666666666666666,15.8,14.25,29.5,31.6,43.5,55.75,81.8,83.25,77.75,82.4,67.0,63.0
374,chat gpt dan prompt,0.0,0.0,5.75,0.0,4.6,52.0,45.0,25.2,27.0,9.5,14.4,3.5,0.0
375,dan gpt prompt,0.0,0.0,0.0,5.5,0.0,63.25,49.75,34.8,32.25,18.25,10.8,5.5,26.0
376,chat gpt dan,1.0,0.0,0.5,3.25,2.0,58.0,54.25,33.2,17.0,12.0,6.4,6.5,5.0
377,dan chat gpt prompt,0.0,0.0,5.75,0.0,4.6,52.0,45.0,25.2,27.0,9.5,14.4,3.5,0.0
378,chat gpt prompts,0.0,0.6,2.75,26.25,32.8,42.25,70.75,90.8,83.75,61.5,57.2,58.75,36.0
379,chat gpt jailbreak,0.0,0.0,0.0,4.0,0.8,45.75,82.0,55.4,34.5,19.5,16.4,12.5,26.0
380,chat gpt prompt generator,0.0,11.6,0.0,4.5,27.0,16.75,42.5,48.2,59.75,6.0,31.8,12.0,0.0
381,what is chat gpt,0.0,0.0,0.25,21.5,47.0,62.25,77.0,92.8,67.5,44.75,34.4,38.25,48.0
382,dan chatgpt prompt,3.6666666666666665,0.0,1.25,2.75,0.0,57.0,46.0,37.4,30.0,20.0,8.4,8.0,0.0
383,how to use chat gpt,0.0,0.4,0.25,24.75,48.4,59.25,80.25,92.0,69.5,51.5,44.2,38.75,50.0
384,chat gpt login,0.0,0.0,0.0,7.75,53.4,77.75,81.0,88.8,72.0,49.0,36.6,31.5,27.0
385,prompt generator art,60.0,46.2,50.75,66.0,58.4,56.0,72.5,63.0,75.25,54.25,65.4,56.5,59.0
386,art generator,20.333333333333332,20.6,23.5,52.5,27.8,27.25,26.25,28.6,27.25,24.0,23.4,22.0,21.0
387,ai art prompt,38.333333333333336,37.4,34.75,60.0,56.4,77.75,66.75,59.6,83.5,56.0,71.8,62.0,48.0
388,art prompts,67.0,70.0,60.5,67.25,79.4,80.75,74.5,78.6,77.25,57.25,67.6,66.5,93.0
389,random prompt generator art,13.333333333333334,46.6,32.75,26.0,27.4,18.25,64.25,32.0,16.75,29.25,22.2,22.0,0.0
390,random art generator,69.33333333333333,69.0,86.5,79.25,80.4,81.0,74.25,69.2,64.75,46.0,47.0,50.0,65.0
391,random prompt generator,62.0,56.8,69.5,57.5,61.0,79.5,73.75,38.0,61.75,47.5,38.4,53.0,0.0
392,drawing prompt,77.0,54.2,62.25,59.75,68.4,72.5,76.5,71.2,74.0,49.25,52.0,68.0,67.0
393,ai art prompts,33.0,34.8,28.25,63.25,55.6,49.5,66.25,75.0,65.75,44.0,57.8,48.5,100.0
394,image prompt generator,36.666666666666664,30.2,22.25,39.0,35.6,32.0,67.5,39.4,77.5,55.75,73.6,70.0,74.0
395,ai image generator,28.0,26.2,27.5,54.25,35.6,38.5,47.75,68.8,69.25,64.75,66.6,58.75,62.0
396,ai art generator free,28.333333333333332,33.2,37.25,74.75,69.2,63.0,64.25,88.8,88.75,85.75,84.2,74.25,70.0
397,art ideas,87.0,88.2,86.0,81.25,91.4,92.5,88.75,88.4,85.0,74.0,65.4,83.0,87.0
398,drawing prompt generator,22.0,37.2,29.0,38.25,47.2,53.25,78.75,56.4,50.0,40.5,33.0,39.25,34.0
399,negative prompt stable diffusion,12.333333333333334,28.4,12.0,59.5,48.4,43.75,66.75,60.2,44.5,53.0,52.2,45.0,0.0
400,ai art generator online,48.666666666666664,38.4,44.0,85.0,70.8,61.75,58.75,67.8,74.75,67.0,65.0,48.0,30.0
401,best prompts for ai art,15.666666666666666,0.0,22.5,52.5,31.0,19.5,8.75,34.0,37.0,8.25,16.0,25.25,0.0
402,dall e 2,71.66666666666667,75.4,49.5,78.75,78.4,65.0,62.25,55.8,39.0,30.0,26.6,21.5,24.0
403,lexica,34.333333333333336,30.6,32.75,42.75,52.2,53.0,66.5,64.2,68.5,74.0,56.6,43.75,63.0
404,jasper art,21.666666666666668,34.4,47.5,54.75,71.0,40.75,41.5,36.2,31.0,20.25,20.2,20.75,18.0
405,novelai,12.666666666666666,66.8,42.25,36.25,26.8,29.0,22.5,20.8,19.75,19.75,17.6,17.0,18.0
406,prompt hunt,0.0,4.4,7.0,0.0,15.0,0.0,10.25,34.4,45.75,9.25,41.8,22.0,0.0
407,craiyon,87.33333333333333,62.6,51.75,51.75,46.2,47.5,40.75,45.2,42.25,30.75,28.4,27.5,23.0
408,ascii art generator,36.0,44.8,39.0,53.25,65.0,47.0,68.75,60.8,57.25,38.5,59.2,55.75,100.0
409,deep dream generator,38.0,41.6,26.75,65.0,63.0,78.25,62.0,82.0,61.5,40.5,17.8,39.25,43.0
410,linux,83.33333333333333,81.4,73.75,70.5,82.6,87.5,80.5,76.8,74.0,74.75,77.2,81.25,67.0
411,command prompt on mac,49.0,37.2,31.25,27.25,48.0,37.25,29.25,38.4,30.25,35.75,33.0,35.0,100.0
412,what is windows powershell,49.333333333333336,65.4,57.25,56.75,60.2,73.0,66.75,73.8,71.75,71.0,55.0,74.0,30.0
413,what is my ip address,86.0,84.0,81.5,80.75,86.6,90.5,90.75,83.6,86.0,84.75,85.6,80.75,69.0
414,command prompt to ensure policies are up to date,24.333333333333332,19.2,11.5,4.0,21.8,11.25,15.25,2.8,8.25,10.25,44.4,0.0,0.0
415,what is bash,79.0,69.2,53.0,48.25,61.8,73.0,70.5,73.0,65.5,79.75,68.6,64.75,73.0
416,elevated command prompt,22.333333333333332,31.4,55.25,56.0,46.4,55.75,42.25,60.0,53.5,53.5,37.4,43.25,0.0
417,a computer can still operate without,5.0,9.4,46.75,7.75,21.4,17.75,25.0,15.0,0.0,7.5,12.8,6.5,44.0
418,a customer wants to increase his storage capacity by 25gb,20.0,16.0,32.0,10.0,23.4,23.25,0.0,0.0,0.0,6.0,26.8,12.0,0.0
419,the of an argumentative essay must include a statement that describes what the essay will discuss.,0.0,7.4,21.5,0.0,6.4,6.0,17.25,29.0,8.25,15.0,20.0,0.0,0.0
420,chatgpt dan jailbreak,3.6666666666666665,1.2,2.25,0.0,1.6,27.25,55.75,41.4,22.5,13.5,16.2,9.25,0.0
421,chatgpt dan 5.0 prompt,20.333333333333332,17.6,0.0,25.0,4.0,25.0,18.75,0.0,0.0,9.0,8.2,25.75,0.0
422,dan 5.0 prompt,0.0,9.6,0.0,0.0,6.0,38.75,8.25,4.4,6.0,0.0,10.0,8.5,0.0
423,chatgpt dan 6.0 prompt,0.0,0.0,8.75,0.0,12.4,48.0,0.0,0.0,7.75,25.0,6.4,36.75,0.0
424,chat gpt dan 7.0 prompt,12.333333333333334,0.0,0.0,0.0,7.6,41.25,31.25,11.2,12.75,0.0,20.0,10.25,0.0
425,dan chat gpt,0.0,1.0,0.0,2.0,3.4,59.5,59.0,35.0,17.75,13.0,8.2,6.5,11.0
426,dan chatgpt jailbreak,5.333333333333333,2.0,1.5,4.25,0.0,35.5,61.75,37.0,28.75,15.75,8.6,7.75,22.0
427,dan jailbreak,2.6666666666666665,2.0,1.5,0.0,0.0,39.75,68.0,46.0,31.75,10.5,12.0,13.5,9.0
428,dan reddit,56.666666666666664,57.0,55.75,55.5,70.6,81.25,76.0,70.6,70.0,65.0,74.8,79.5,90.0
429,dan for chatgpt,0.0,2.6,3.0,4.0,7.0,51.75,77.5,46.6,39.5,29.75,20.6,3.75,0.0
430,dan chatgpt reddit,6.0,0.0,1.5,3.25,9.4,62.0,40.0,22.0,11.25,12.0,7.2,2.25,0.0
431,dan ai,10.666666666666666,8.8,13.5,14.25,15.2,76.0,59.25,75.0,61.5,42.0,35.8,32.75,24.0
432,chatgpt and dan,0.0,4.0,0.0,0.0,3.0,68.0,31.5,45.0,10.5,12.5,30.6,5.25,97.0
433,dan mode chatgpt,0.0,3.4,6.25,0.0,8.4,26.25,32.75,65.0,10.5,33.0,4.2,0.0,100.0
434,what is dan chatgpt,23.666666666666668,3.0,0.0,9.5,6.0,29.75,42.5,28.8,15.5,12.5,4.0,4.25,0.0
435,dan prompt chat gpt,0.0,0.0,5.75,0.0,4.6,52.0,45.0,25.2,27.0,9.5,14.4,3.5,0.0
436,chat gpt dan jailbreak,3.0,8.2,2.5,4.75,1.8,46.75,75.75,30.2,20.5,14.5,12.2,0.0,0.0
437,chatgpt dan 5.0,0.0,0.0,2.75,4.5,0.0,33.0,5.0,1.4,0.0,3.25,2.2,3.0,0.0
438,dan 5.0,3.3333333333333335,1.4,2.0,0.0,1.8,31.75,2.25,3.8,0.0,0.75,1.4,2.5,0.0
439,how to jailbreak chatgpt,0.0,0.0,0.0,4.5,0.0,24.5,54.75,62.8,33.5,27.25,10.6,14.0,23.0
440,dan script,30.333333333333332,24.2,32.5,9.25,30.2,50.0,47.25,58.6,62.25,29.5,32.0,29.75,0.0
441,dan script chatgpt,7.0,3.6,5.75,3.25,4.6,10.75,11.5,4.6,7.25,2.25,2.2,0.0,100.0
442,chatgpt dan command,31.333333333333332,12.2,0.0,20.25,19.2,22.25,54.5,22.8,24.5,14.5,11.0,8.25,0.0
443,chat gpt prompt engineering,0.0,0.0,0.0,8.5,8.2,36.75,42.0,61.8,44.5,33.25,38.2,20.5,0.0
444,chatgpt prompt engineering course,25.0,14.0,10.5,27.5,11.2,0.0,57.0,8.2,27.0,36.25,50.6,10.25,0.0
445,chatgpt prompt engineering for developers,21.0,30.2,0.0,24.0,26.8,48.25,12.75,25.2,34.25,0.0,34.4,0.0,0.0
446,what ibm software,61.0,51.6,23.25,37.25,43.8,44.75,48.0,28.4,23.25,47.25,25.8,33.25,0.0
447,there is an emerging set of ai techniques called “generative ai”. what does this refer to?,16.666666666666668,0.0,0.0,7.25,0.0,0.0,0.0,28.8,25.0,6.25,5.6,0.0,0.0
448,what type of ai model does chatgpt use?,16.0,10.0,12.0,7.75,0.0,6.75,0.0,0.0,0.0,0.0,63.8,15.25,0.0
449,what is the prompt,78.0,79.4,63.25,52.5,63.4,85.25,85.75,87.8,70.0,52.75,49.4,58.5,60.0
450,what is prompt mean,71.33333333333333,53.8,43.25,40.75,61.8,55.75,71.0,45.6,57.5,34.0,41.8,52.75,0.0
451,what is google prompt,47.666666666666664,56.6,56.5,40.75,57.2,22.0,70.5,30.2,69.75,64.0,45.4,56.5,0.0
452,prompt care,76.66666666666667,82.6,93.5,90.0,70.0,71.75,74.25,71.8,70.75,69.25,69.0,69.0,74.0
453,what is a thesis,80.66666666666667,77.8,70.5,57.0,66.0,85.75,73.75,66.8,52.25,28.75,19.2,37.75,48.0
454,what is a negative prompt stable diffusion,0.0,0.0,15.5,0.0,0.0,7.0,41.25,17.0,0.0,26.75,36.2,17.25,0.0
455,ai prompt engineer,3.6666666666666665,1.6,1.75,3.0,3.0,10.5,28.5,62.4,35.5,48.75,51.2,27.5,20.0
456,what is one potential problem with short intertrial intervals?,25.0,44.6,15.25,30.25,52.6,9.0,0.0,0.0,16.25,24.75,20.0,0.0,0.0
457,which of the following shows a tympanic measurement?,50.0,0.0,14.25,15.0,31.8,35.5,12.0,0.0,0.0,0.0,18.8,32.5,0.0
458,why is paris at juliet’s tomb?,14.0,0.0,8.5,29.5,4.2,12.5,42.75,26.8,38.0,18.0,19.6,20.0,0.0
459,when you write an interpretive literary analysis using a quotation,0.0,20.0,12.5,0.0,8.8,24.25,0.0,11.6,23.75,15.75,13.4,23.75,0.0
460,you just dropped and broke a mercury-filled thermometer. what should you do?,46.333333333333336,0.0,40.5,5.75,0.0,17.75,41.0,9.0,5.5,6.25,0.0,0.0,0.0
461,the in an essay should contain the essay’s topic and viewpoint.,14.0,7.4,11.5,0.0,20.8,0.0,35.0,6.2,9.75,0.0,6.8,0.0,0.0
462,when determining the level of care needed during an emergency,0.0,13.4,35.5,0.0,0.0,0.0,0.0,17.6,22.25,25.0,17.6,23.25,0.0
463,stable diffusion negative prompt list,0.0,0.0,10.5,23.75,8.2,12.5,0.0,0.0,0.0,36.0,26.6,18.25,0.0
464,stable diffusion prompts,39.333333333333336,38.4,30.0,47.5,40.6,67.0,67.75,81.6,60.5,52.5,49.8,43.0,62.0
465,stable diffusion prompt guide,21.333333333333332,36.0,24.25,27.0,23.6,64.25,36.25,32.6,69.25,29.75,23.4,7.25,0.0
466,stable diffusion models,25.666666666666668,30.2,29.0,39.75,45.6,65.0,81.5,80.0,66.25,65.25,63.4,43.75,40.0
467,easy negative stable diffusion,0.0,0.0,0.0,14.0,0.0,10.5,0.0,0.0,18.0,11.0,20.0,10.5,0.0
468,prompts for chatgpt,2.3333333333333335,4.4,1.5,6.25,17.6,31.5,58.5,76.0,82.25,62.0,66.8,68.5,73.0
469,gpt prompts,0.0,0.4,0.5,20.75,29.2,35.25,63.5,84.6,69.75,56.0,51.2,52.25,30.0
470,best prompts for chatgpt,7.666666666666667,0.0,7.5,0.0,16.4,28.25,40.75,50.8,70.75,36.0,70.0,49.25,83.0
471,writing prompts,87.33333333333333,88.4,74.75,59.75,84.6,87.0,78.0,76.4,60.0,40.25,36.2,62.75,69.0
472,prompts for chat gpt,0.0,0.0,2.0,10.25,16.0,20.5,46.25,66.8,77.5,58.25,46.6,45.5,24.0
473,reddit chatgpt,0.0,0.0,1.0,42.25,54.6,77.75,86.75,92.0,73.0,57.25,54.0,49.75,54.0
474,chatgpt prompts for writing,0.0,0.0,0.0,8.25,22.6,4.25,37.5,22.8,45.5,27.75,34.2,34.0,0.0
475,awesome chatgpt prompts,0.0,0.0,7.75,42.25,42.6,36.0,32.0,25.4,28.75,25.5,21.0,4.25,0.0
476,chatgpt prompts github,15.0,7.0,6.0,34.0,23.4,8.5,51.75,4.8,39.5,23.75,35.2,0.0,0.0
477,how to use chatgpt,0.0,0.2,0.25,24.0,46.4,67.0,81.75,95.2,77.5,60.75,54.8,46.5,61.0
478,how to write chatgpt prompts,5.333333333333333,11.0,25.0,5.5,3.0,24.75,4.5,26.6,11.5,0.0,19.8,0.0,0.0
479,chatgpt prompts for business,0.0,7.4,0.0,6.0,19.8,16.25,9.75,39.2,12.5,36.75,41.2,51.0,0.0
480,chatgpt prompts for marketing,0.0,16.8,9.25,8.0,18.2,12.25,14.5,43.6,28.0,50.0,40.6,30.25,0.0
481,best chat gpt prompts,9.333333333333334,0.0,0.0,19.75,16.6,41.25,53.0,55.6,44.0,34.0,33.6,14.5,0.0
482,essay prompts,96.33333333333333,84.0,50.0,45.25,40.0,33.25,34.5,36.4,41.75,35.0,46.4,55.75,69.0
483,chatgpt prompts for resume,17.333333333333332,12.2,14.5,0.0,0.0,39.25,15.0,23.8,24.0,23.5,22.6,62.25,97.0
484,chatgpt jailbreak prompts,18.666666666666668,0.0,0.0,20.5,0.0,9.75,23.0,23.0,29.0,25.0,12.6,7.25,0.0
485,chatgpt jailbreak,0.6666666666666666,0.0,1.5,5.25,3.4,46.25,85.0,81.4,51.5,38.25,32.4,24.0,27.0
486,ai writing generator,11.333333333333334,12.6,22.5,60.25,82.6,72.0,61.75,69.0,58.75,40.5,36.8,45.0,57.0
487,ai prompt engineer jobs remote,0.0,6.4,0.0,0.0,0.0,25.0,12.0,15.0,21.75,0.0,4.8,9.25,0.0
488,anthropic,10.0,7.0,9.0,8.75,24.2,33.75,30.0,38.4,57.75,42.75,65.0,48.75,50.0
489,chat gpt jailbreak prompt,0.0,0.0,17.75,6.25,0.0,23.0,55.75,50.4,32.75,17.25,22.8,13.25,0.0
490,chat gpt jailbreak prompt reddit,3.3333333333333335,4.8,3.25,2.5,0.0,0.0,1.75,4.4,3.75,4.0,0.0,5.75,100.0
491,midjourney prompts guide,0.0,0.0,0.0,34.0,9.8,22.25,36.5,26.2,61.25,37.0,8.2,32.75,0.0
492,midjourney v5 prompt guide,0.0,0.0,36.75,24.0,0.0,0.0,25.0,26.0,0.0,0.0,0.0,16.0,0.0
493,ai prompt engineer jobs,0.0,0.0,7.5,0.0,1.8,2.75,18.5,39.4,20.0,35.25,23.0,14.25,55.0
494,prompt engineer job,12.0,7.6,0.0,26.75,7.0,29.25,25.75,47.0,8.0,48.25,53.2,6.25,0.0
495,ai prompt engineer salary,0.0,0.0,0.0,5.75,0.0,18.5,12.5,16.8,38.25,21.75,10.8,0.0,100.0
496,prompt engineer salary,11.666666666666666,10.8,0.0,11.75,4.4,4.0,27.5,30.6,20.5,37.25,14.2,30.75,0.0
497,ai prompt engineer certification,0.0,0.0,13.75,0.0,0.0,0.0,29.75,18.0,24.0,16.5,39.2,0.0,100.0
498,ai prompt engineer course,32.333333333333336,8.6,7.75,6.75,5.8,25.0,8.75,5.4,0.0,13.25,37.0,14.25,98.0
499,anthropic prompt engineer,0.0,0.0,8.0,45.5,11.8,29.5,0.0,26.4,14.25,27.75,13.2,0.0,0.0
500,what is a prompt engineer,0.0,8.4,15.75,0.0,8.4,14.0,33.0,45.2,17.0,37.25,26.0,15.0,0.0
501,how to become a prompt engineer,0.0,14.0,6.25,5.75,3.8,11.5,17.0,18.6,16.5,22.5,14.6,16.75,100.0
502,how to become an ai prompt engineer,11.333333333333334,7.2,0.0,0.0,6.6,0.0,0.0,5.6,7.5,12.75,23.4,0.0,100.0
503,writing prompt generator,84.33333333333333,63.4,59.25,50.75,69.0,80.25,81.75,63.6,66.75,60.0,48.2,61.75,84.0
504,writing generator,55.666666666666664,57.0,54.75,68.75,83.6,85.75,74.25,80.6,66.25,49.75,45.4,56.5,60.0
505,writing prompt ideas,52.333333333333336,60.8,34.75,36.75,40.2,49.75,63.5,47.0,44.0,33.5,14.2,41.25,0.0
506,creative writing prompt,50.333333333333336,58.0,56.0,41.0,39.8,35.5,41.75,54.8,39.5,31.5,14.2,68.5,0.0
507,opinion writing prompt,65.33333333333333,41.8,39.25,36.75,25.6,56.0,32.0,45.8,50.0,19.0,15.8,15.25,0.0
508,writing prompt examples,64.0,38.6,25.75,16.25,19.0,31.0,58.75,40.4,27.5,32.75,5.0,18.25,0.0
509,ai writing,14.666666666666666,17.8,18.75,54.5,69.4,72.75,76.0,90.6,81.5,62.5,66.0,69.0,76.0
510,writing prompt book,22.333333333333332,30.8,40.0,57.25,31.4,54.0,45.25,54.8,15.25,34.75,31.8,36.0,70.0
511,narrative writing prompt,61.333333333333336,17.0,25.75,26.0,18.4,55.25,33.5,30.4,18.5,20.25,7.6,23.0,64.0
512,writing prompt 4th grade,68.33333333333333,30.2,79.0,38.0,47.8,57.25,72.5,31.8,26.75,16.25,0.0,51.0,0.0
513,writing prompt picture,48.666666666666664,6.6,16.25,48.75,41.0,18.5,51.0,32.6,24.75,14.25,9.6,31.75,48.0
514,writing prompt for kids,64.66666666666667,49.6,34.25,26.25,49.2,61.25,30.5,34.4,18.25,24.25,10.2,26.25,0.0
515,3rd grade writing prompt,47.666666666666664,30.6,26.5,29.5,34.2,13.75,25.5,39.4,32.25,11.5,18.6,35.5,0.0
516,writing prompts generator,74.0,89.4,59.0,51.25,67.8,66.25,70.75,41.6,46.25,49.0,42.8,49.0,90.0
517,5th grade writing prompt,43.0,20.4,33.0,5.25,35.2,17.0,38.75,47.0,27.0,16.5,8.6,52.25,100.0
518,during the revision phase for an argumentative essay,15.0,28.0,19.75,17.5,27.4,32.75,34.75,11.6,11.25,26.25,0.0,12.5,0.0
519,nearpod,89.33333333333333,71.2,52.75,29.25,64.0,62.5,52.75,43.0,21.75,5.75,4.4,46.5,38.0
520,seesaw,78.0,55.6,45.0,33.5,45.8,48.75,41.75,41.0,33.75,13.0,8.8,33.5,35.0
521,how do details from the excerpts support the author’s purpose? in the first excerpt,12.666666666666666,13.4,18.0,0.0,9.6,0.0,0.0,0.0,0.0,3.5,23.8,18.25,0.0
522,while revising an argumentative essay,37.0,8.6,18.25,9.75,42.4,22.75,64.25,43.8,27.75,38.5,11.8,30.0,0.0
523,prompt engineering jobs nyc,4.333333333333333,0.0,0.0,0.0,0.0,0.0,4.25,4.4,0.0,4.0,0.0,0.0,100.0
524,linkedin,83.66666666666667,85.6,74.75,69.5,92.4,93.75,89.0,85.4,80.5,85.5,84.8,91.75,67.0
525,upwork,77.33333333333333,82.0,73.25,72.0,90.4,92.5,88.25,87.4,87.0,88.5,91.4,83.0,78.0
526,openai prompt engineering course,0.0,0.0,0.0,0.0,6.8,0.0,0.0,0.0,52.5,39.25,32.0,25.0,0.0
527,open ai prompt engineering course,7.333333333333333,5.0,12.0,0.0,3.4,0.0,0.0,8.2,13.25,0.0,0.0,25.0,0.0
528,prompt engineering by andrew ng,0.0,16.8,19.25,17.75,0.0,0.0,6.5,0.0,0.0,0.0,30.2,16.75,0.0
529,how to use prompt perfect plugin,21.0,6.4,12.5,15.0,25.2,0.0,11.75,28.8,7.0,0.0,5.4,10.5,0.0
530,snack prompt ai,0.0,0.0,0.0,9.75,8.6,6.5,0.0,33.4,36.5,0.0,0.0,0.0,0.0
531,one click personal trainer,8.666666666666666,8.2,0.0,0.0,5.4,0.0,9.25,25.2,37.25,8.0,9.6,0.0,0.0
532,deeplearning ai prompt engineering,4.333333333333333,3.8,5.75,0.0,0.0,6.0,0.0,6.2,25.0,0.0,2.6,6.75,24.0
533,deep learning ai prompt engineering,0.0,5.6,0.0,0.0,0.0,17.25,18.75,7.8,8.0,25.0,13.0,32.0,0.0
534,github prompt engineering,0.0,3.4,4.75,0.0,4.2,3.75,24.75,21.6,18.5,0.0,24.8,15.25,38.0
535,what is a thesis statement,76.33333333333333,76.2,68.5,54.5,67.0,88.25,71.0,62.8,52.25,27.75,18.0,35.75,45.0
536,what is a prompt in ai,0.0,7.8,6.5,17.25,34.8,12.0,10.5,47.6,21.75,24.25,33.2,38.75,0.0
537,which topic would prompt an argumentative essay?,10.0,50.0,8.75,7.5,10.6,24.25,23.0,0.0,41.25,8.0,12.0,8.5,94.0
538,which question can help a writer analyze a prompt and develop a claim for an argumentative essay?,0.0,20.6,10.5,0.0,43.6,6.5,29.25,13.8,0.0,0.0,0.0,23.25,0.0
539,an effective claim for an argumentative essay is,43.333333333333336,46.2,32.0,30.75,43.0,58.75,57.75,69.0,82.0,41.5,30.4,35.5,0.0
540,which question can help a writer analyze a prompt and develop a claim for an argumentative essay,14.0,11.6,4.5,6.25,12.8,8.5,13.0,4.0,11.0,12.25,3.4,40.0,0.0
541,edgenuity,86.66666666666667,75.2,60.25,46.75,70.2,79.0,72.5,70.2,59.75,56.75,32.6,72.5,65.0
542,which statement best describes the conclusion of an argumentative essay?,17.0,38.8,23.25,19.75,25.4,58.5,56.0,66.4,38.75,12.25,0.0,15.75,0.0
543,which statement best describes the introduction of an argumentative essay?,35.0,15.6,10.75,16.75,18.6,54.25,27.25,31.8,31.75,21.5,17.2,16.5,48.0
544,which of the following is true of temperature?,31.333333333333332,64.0,49.75,36.5,30.6,54.25,46.5,61.6,51.25,21.0,19.2,12.5,46.0
545,what is the philosophy on corrective feedback within the autism partnership method?,15.0,0.0,13.75,0.0,13.4,27.0,0.0,34.2,26.5,37.5,14.8,21.25,0.0
546,all of the following supplies can be found in the emergency crash cart except.,9.333333333333334,0.0,18.0,6.0,13.8,6.5,0.0,0.0,0.0,0.0,13.6,7.0,100.0
547,what is a prompt on tiktok,0.0,0.0,12.75,0.0,0.0,0.0,0.0,16.2,18.25,9.5,33.2,7.75,0.0
548,ai image prompt,15.333333333333334,23.4,15.75,37.75,37.2,34.5,38.5,46.2,77.75,61.0,66.4,62.25,92.0
549,art prompt generator,41.666666666666664,31.8,35.5,46.0,40.6,39.25,50.25,44.0,52.0,37.5,45.4,42.5,100.0
550,ai prompts,18.666666666666668,19.8,20.25,43.25,44.0,49.5,54.75,84.2,88.0,80.75,84.0,73.25,78.0
551,ai text prompt,33.666666666666664,10.2,18.5,40.75,51.8,58.0,51.75,59.8,64.5,49.5,65.6,61.5,65.0
552,image generator ai,28.0,26.2,27.5,54.25,35.6,38.5,47.75,68.8,69.25,64.75,66.6,58.5,61.0
553,ai prompt jobs,0.0,1.6,0.0,0.0,1.0,9.25,30.0,41.0,20.0,24.0,26.4,26.75,15.0
554,negative prompt,32.666666666666664,44.4,36.25,53.5,44.6,57.0,68.5,73.2,59.25,57.5,64.2,52.5,52.0
555,dan ai prompt,31.333333333333332,14.8,0.0,11.75,0.0,24.75,24.5,55.8,45.75,13.0,21.6,0.0,0.0
556,free ai image generator,11.0,14.6,17.5,31.75,29.8,34.25,45.25,75.0,92.0,90.75,95.6,86.5,90.0
557,ai chatbot,4.666666666666667,4.6,6.5,48.5,45.4,84.5,59.0,79.0,59.75,47.5,46.6,36.5,39.0
558,best ai art generator,34.0,29.8,32.5,73.75,59.6,52.5,52.75,61.6,63.25,54.0,50.0,45.0,57.0
559,bard ai,0.0,0.0,0.0,0.0,0.0,33.25,27.75,32.8,70.25,46.25,42.0,39.0,41.0
560,best ai image generator,15.333333333333334,25.2,18.75,43.25,45.4,47.75,64.0,85.6,82.75,82.25,76.0,66.0,82.0
561,ai music generator,13.0,12.6,15.75,26.25,46.0,44.25,39.25,75.8,70.5,63.75,51.2,46.5,65.0
562,writing,96.33333333333333,93.6,82.5,71.25,90.4,91.0,87.5,85.2,73.25,58.75,56.0,74.75,81.0
563,story prompt generator,43.666666666666664,28.8,37.5,29.75,48.0,53.25,42.75,51.0,46.25,37.25,29.4,22.75,0.0
564,story generator,75.33333333333333,79.6,73.75,80.5,84.8,89.25,82.75,89.8,85.0,64.25,59.2,64.0,56.0
565,story prompt,69.66666666666667,62.6,57.0,60.5,62.6,77.0,75.5,69.6,51.25,49.75,44.2,60.75,59.0
566,ai image prompt generator,30.666666666666668,24.8,20.0,42.75,29.4,31.75,40.0,40.6,39.25,40.25,58.8,44.0,87.0
567,gpt prompt generator,20.333333333333332,4.8,7.0,19.75,7.8,30.25,41.75,56.6,66.5,27.0,50.2,22.75,70.0
568,ai anime generator,2.0,7.0,13.75,45.0,13.4,15.25,12.0,15.0,16.0,17.0,16.0,14.25,14.0
569,ai prompt writer,17.666666666666668,3.0,12.75,25.75,6.2,30.0,37.5,42.0,45.0,8.0,42.6,8.5,0.0
570,ai video generator,9.666666666666666,14.2,13.5,28.25,39.0,50.75,55.25,77.6,95.25,84.0,84.6,75.25,71.0
571,novel ai,30.333333333333332,86.2,61.25,61.75,49.8,47.5,41.5,43.6,45.75,38.5,35.6,30.75,25.0
572,nightcafe,84.0,77.0,68.5,86.5,84.6,73.0,67.0,70.4,69.75,59.5,59.4,65.5,66.0
573,fantasy name generator,54.666666666666664,53.6,53.25,54.5,61.2,71.0,61.0,61.4,60.75,56.25,60.0,71.75,100.0
574,character,73.0,77.6,66.5,71.0,77.2,84.5,78.5,87.8,93.5,84.0,82.6,83.0,87.0
575,ai character,0.0,1.0,1.25,4.0,11.2,17.75,19.5,66.6,88.5,67.0,77.6,64.5,59.0
576,chat ai,1.0,1.0,2.5,36.5,43.8,52.0,56.75,80.4,67.75,46.25,43.8,43.75,49.0
577,what is ai,12.333333333333334,12.8,13.75,23.5,26.0,34.0,36.0,63.6,50.5,40.5,40.8,40.25,42.0
578,ai image,31.0,31.2,31.75,58.25,44.4,50.0,63.25,87.4,87.75,85.5,87.2,78.75,80.0
579,google ai,14.0,14.2,13.5,20.5,27.6,54.0,47.25,65.6,81.75,57.0,50.8,52.75,52.0
580,my ai,1.0,1.2,6.0,4.5,3.0,4.25,4.25,33.0,10.75,7.75,8.0,10.75,7.0
581,chatgpt ai,0.0,0.0,0.75,38.5,53.6,69.25,72.0,87.0,74.5,58.0,53.8,52.0,57.0
582,gpt,1.0,1.0,1.5,27.5,43.0,58.75,79.25,90.2,70.0,49.25,39.8,42.25,44.0
583,voice ai,8.666666666666666,10.2,15.75,18.25,29.0,81.25,79.5,82.0,76.5,70.0,74.6,65.0,66.0
584,chat gpt ai,0.0,0.0,1.0,41.0,58.4,61.75,77.0,90.6,75.0,52.0,43.8,42.75,44.0
585,snapchat ai,0.0,0.0,0.0,0.0,0.0,0.75,0.25,30.2,5.75,2.25,1.0,7.0,1.0
586,ai chat gpt,0.0,0.0,1.0,41.0,58.4,61.75,77.0,90.6,75.0,52.0,43.8,42.75,44.0
587,ai stock,5.0,5.2,4.75,9.0,19.0,34.75,27.25,33.8,58.75,59.25,48.4,40.25,26.0
588,chatbot,10.333333333333334,9.8,11.25,45.25,46.6,76.25,51.25,51.8,40.5,34.0,33.8,28.5,28.0
589,beta character ai,0.0,0.8,1.25,6.25,15.6,26.25,29.75,70.8,78.75,47.75,38.6,32.75,29.0
590,snapchat my ai,0.0,0.0,0.0,0.0,0.0,1.0,0.25,28.0,4.25,1.75,1.0,4.0,1.0
591,how to get snapchat ai,0.0,0.0,0.0,0.0,0.0,0.25,0.0,27.2,4.75,1.5,1.0,1.25,1.0
592,chat gpt open ai,1.0,0.0,2.5,60.25,77.6,57.0,69.25,72.0,55.5,37.25,33.0,29.75,31.0
593,google ai bard,0.0,0.0,0.0,0.0,0.6,38.5,27.5,28.2,61.25,34.75,29.0,25.75,28.0
594,google bard,0.0,0.4,0.25,0.0,0.2,32.75,32.25,29.2,64.75,36.75,33.8,29.0,28.0
595,janitor ai,0.0,0.0,0.0,0.0,0.0,0.0,0.0,0.0,0.0,43.5,15.8,8.75,8.0
596,how to get rid of snapchat ai,0.0,0.0,0.0,0.0,0.0,0.0,0.0,29.8,6.5,2.25,1.2,1.5,1.0
597,lensa ai,0.0,0.0,5.5,33.0,2.6,1.25,1.0,1.0,1.0,0.5,0.6,0.0,0.0
598,character. ai,0.0,0.4,0.5,1.5,6.4,13.75,18.75,56.8,84.5,61.5,50.2,38.5,43.0
599,eleven labs,0.0,0.0,0.0,0.0,4.2,29.5,74.5,35.6,22.5,20.5,19.0,13.75,12.0
600,perplexity ai,0.0,0.6,0.0,22.0,21.4,39.0,37.0,55.2,60.75,53.0,59.2,64.0,67.0
601,open chat ai,0.0,0.4,3.25,75.75,70.0,49.75,55.0,54.0,43.5,29.75,26.4,23.5,22.0
602,ai headshot generator,0.3333333333333333,0.4,1.25,0.5,0.0,1.75,34.5,19.8,13.0,11.5,43.0,29.25,15.0
603,character ai nsfw,0.0,0.8,0.0,3.25,14.0,18.5,20.5,73.8,75.0,73.0,74.2,57.75,44.0
604,how to get rid of my ai on snapchat,0.0,0.0,0.25,0.0,0.0,0.0,0.0,27.2,3.5,1.5,0.6,1.0,1.0
605,character ai chat,0.0,0.2,1.0,5.5,24.8,35.0,28.5,75.4,78.0,56.0,65.0,51.5,56.0
606,osf,87.0,89.0,85.5,84.5,86.8,86.5,88.0,86.6,91.5,93.25,91.2,93.75,81.0
607,prompt care near me,41.0,40.8,50.75,54.5,35.4,34.25,37.75,37.4,19.25,39.25,30.6,27.25,19.0
608,urgent care,68.0,77.0,93.75,89.5,70.4,72.25,66.75,64.6,68.25,65.25,63.2,65.0,74.0
609,prompt urgent care,37.0,31.6,37.0,58.5,22.0,32.5,33.25,31.8,32.25,42.25,36.6,25.0,64.0
610,prompt medical care,47.666666666666664,36.6,34.25,36.0,54.8,27.25,51.0,47.2,37.5,52.0,23.8,37.25,70.0
611,prompt care peoria il,41.0,45.2,40.25,32.0,52.2,22.5,32.25,31.2,39.0,29.75,45.4,41.5,60.0
612,prompt care bloomington,42.0,23.6,63.75,38.5,18.8,40.75,28.75,7.6,24.75,46.5,33.2,16.0,0.0
613,prompt care bloomington il,15.333333333333334,12.4,32.75,26.5,3.2,34.25,8.25,21.0,8.5,21.25,16.0,7.0,0.0
614,enloe prompt care,23.666666666666668,34.2,22.5,50.5,28.6,31.0,21.5,24.8,39.75,57.0,50.2,61.25,0.0
615,morton prompt care,22.333333333333332,48.6,5.5,28.75,32.4,20.0,45.0,16.4,8.75,16.0,21.6,42.5,56.0
616,prompt care hours,15.666666666666666,0.0,14.5,52.25,26.6,39.75,38.0,8.2,21.5,16.0,19.0,22.5,69.0
617,prompt care chico,0.0,32.4,28.75,40.0,14.6,5.75,7.25,27.2,22.5,18.5,26.2,15.25,100.0
618,university prompt care,30.666666666666668,58.6,35.0,47.25,18.2,14.75,0.0,27.8,35.0,13.5,0.0,13.5,0.0
619,urgent care near me,67.33333333333333,80.0,91.75,88.25,66.2,65.75,62.75,60.0,62.25,60.0,60.4,60.25,65.0
620,franciscan prompt care,0.0,35.4,45.75,38.0,34.6,28.75,53.75,25.6,6.25,12.0,28.4,49.0,96.0
621,prompt care springfield il,0.0,10.4,0.0,24.25,13.6,18.75,18.0,12.0,10.25,46.25,21.8,19.5,0.0
622,walgreens prompt care,43.0,0.0,28.5,40.5,8.4,19.25,34.25,9.2,10.0,9.5,25.2,16.75,0.0
623,norton prompt care,0.0,8.2,40.0,21.5,15.0,10.0,38.75,20.0,19.25,0.0,30.4,0.0,86.0
624,piedmont prompt care,0.0,25.0,24.5,0.0,42.4,35.5,22.0,24.6,39.25,35.5,38.6,33.75,83.0
625,prompt care galesburg il,19.0,0.0,44.75,23.0,20.2,7.5,0.0,4.4,23.0,6.25,17.2,13.5,0.0
626,memorial prompt care,18.666666666666668,31.8,30.25,4.75,16.8,4.5,11.0,20.4,29.5,38.0,14.2,14.0,0.0
627,osf prompt care peoria il,25.0,20.0,23.0,11.25,26.4,16.25,10.5,5.6,19.25,28.0,19.6,18.75,0.0
628,prompt care morton il,19.333333333333332,10.2,6.25,18.0,22.0,10.5,22.0,12.0,13.75,26.0,9.8,7.75,100.0
629,prompt care lawrence,21.0,46.0,45.75,38.75,24.4,16.0,6.75,0.0,33.75,32.75,16.2,13.0,91.0
630,osf prompt care morton,3.6666666666666665,7.0,9.25,9.75,7.0,19.75,9.75,14.0,20.0,0.0,0.0,5.75,100.0
631,piedmont urgent care,71.0,84.6,90.5,85.5,79.8,69.25,68.75,69.0,68.75,66.0,71.0,84.0,74.0
632,which of the following is an example of a primary prevention strategy,8.0,0.0,18.75,12.0,0.0,0.0,6.75,25.2,47.0,27.0,0.0,0.0,0.0
633,in an emergency situation,59.0,63.8,64.25,60.0,60.0,75.0,81.5,87.0,64.5,58.25,60.4,56.5,79.0
634,the emt certification exam is designed to,9.0,10.0,15.0,17.25,21.4,7.75,0.0,6.4,11.25,6.0,20.0,20.0,0.0
635,which of the following scenarios involves the administration of als,16.333333333333332,0.0,0.0,0.0,6.8,9.0,10.0,15.6,8.25,0.0,27.6,15.0,0.0
636,er near me,83.33333333333333,85.6,92.0,86.0,79.2,77.75,77.25,78.4,82.5,89.0,88.6,79.25,100.0
637,uti symptoms,86.66666666666667,83.6,83.75,83.5,87.2,85.25,86.5,87.6,92.0,95.25,96.0,92.5,91.0
