,Month,2022-08,2022-09,2022-10,2022-11,2022-12,2023-01,2023-02,2023-03,2023-04,2023-05,2023-06,2023-07,2023-08
0,sma,69.0,83.0,84.2,69.0,69.25,68.4,71.25,71.25,69.8,71.5,75.5,75.6,79.0
1,titan: (Ind,46.0,46.25,48.4,44.75,45.75,49.2,56.75,54.25,48.2,49.25,70.75,54.0,52.5
2,flipka,58.0,84.25,72.8,50.25,45.0,46.2,60.75,62.75,60.2,53.75,58.75,51.6,59.5
3,samsu,71.0,80.0,71.8,56.25,53.5,53.0,56.75,51.0,44.6,45.75,53.25,59.0,66.5
4,watch,77.0,82.5,84.4,78.0,79.25,82.2,87.5,75.75,81.4,80.75,86.0,90.6,97.5
5,wat,6.0,35.25,32.4,40.75,43.5,53.4,58.25,55.25,60.6,67.25,79.25,88.8,97.0
6,ani,40.0,33.5,40.6,36.0,42.0,44.2,47.0,55.25,55.6,54.25,58.5,83.4,83.0
7,series ,74.0,83.0,72.8,65.25,75.25,77.0,71.5,79.5,75.6,78.75,89.75,80.6,72.0
8,smart wat,75.0,81.0,86.4,70.75,70.5,67.6,73.0,71.75,69.8,72.5,78.25,81.4,83.0
9,what ,100.0,94.75,94.0,88.0,77.75,71.6,75.75,69.25,64.4,63.75,71.0,69.0,66.5
10,bo,57.0,75.0,76.6,56.5,55.0,61.0,67.75,67.25,61.6,57.25,60.0,59.2,55.0
11,fire bol,47.0,62.75,65.2,52.5,55.75,75.4,90.0,91.0,81.4,86.25,89.25,86.8,92.0
12,app,50.0,95.0,71.8,66.5,58.5,61.4,57.25,56.25,53.2,53.5,55.0,55.4,53.0
13,noise sma,65.0,74.0,70.0,51.5,52.0,52.4,56.0,53.0,53.0,57.5,58.5,64.2,62.0
14,fi,54.0,71.0,63.8,52.5,56.5,71.2,84.75,89.25,78.2,76.75,83.75,76.6,82.5
15,gir,80.0,89.0,89.0,78.5,72.5,69.8,75.25,69.0,70.4,67.75,69.5,71.4,73.5
16,fastra,80.0,81.25,81.2,71.75,73.25,76.0,80.25,77.25,78.8,89.75,83.75,85.2,88.5
17,,73.0,69.5,73.0,65.75,71.75,80.4,77.75,75.25,76.2,86.75,82.25,77.4,82.5
18,rol,60.0,65.5,67.2,63.5,72.5,63.6,68.5,66.75,63.0,70.25,80.5,89.2,91.0
19,apple wat,2.0,69.25,55.8,66.25,63.0,69.8,67.75,65.0,64.4,66.5,70.0,68.0,61.0
20,tu jhoothi main makkar full movie watc,0.0,0.75,0.6,0.0,0.5,0.4,1.0,68.25,73.4,73.0,44.25,14.8,7.5
21,apple watch ult,1.0,61.5,33.8,36.0,38.5,43.2,40.0,34.0,37.0,40.0,34.25,38.0,38.0
22,movies ,61.0,58.75,66.0,60.0,72.0,66.0,62.25,75.25,71.6,84.0,82.75,81.0,74.0
23,huawei wa,0.0,1.25,0.0,0.75,51.75,57.6,27.5,57.0,44.2,40.25,17.5,12.8,13.5
24,dizo watc,17.0,89.75,36.4,30.5,23.5,10.6,10.0,7.25,7.0,5.25,4.0,3.6,5.0
25,where to watch ,0.0,0.25,0.2,1.25,13.75,0.8,3.0,28.75,11.8,7.75,1.0,0.2,0.0
26,where to watch fifa w,0.0,0.0,0.6,35.5,17.0,0.4,0.25,0.0,0.0,0.0,0.0,0.8,1.0
27,r,1.0,0.5,0.0,0.0,0.25,0.6,0.0,0.0,0.6,0.5,67.0,17.8,13.5
28,i wat,0.0,47.5,42.8,60.0,56.25,76.8,77.5,67.25,65.2,81.5,87.0,77.6,73.0
29,apple watch ,11.0,72.5,47.6,53.5,50.25,54.2,49.75,48.25,47.6,50.25,49.25,44.8,44.5
30,i watch ,12.0,80.25,64.8,86.25,75.75,86.8,78.5,79.25,78.4,85.5,82.5,68.0,61.5
31,a,1.0,1.0,0.6,0.75,0.25,1.2,0.5,1.0,1.0,0.75,1.5,71.0,85.0
32,drishyam 2 watc,1.0,0.75,2.6,58.5,43.5,25.0,6.75,7.0,4.2,3.5,4.0,4.6,2.5
33,m,76.0,82.5,87.8,80.0,79.75,82.2,88.75,77.0,82.0,81.5,87.5,89.4,95.5
34,ullu web series watch online m,0.0,2.0,2.2,1.5,3.5,25.0,20.25,24.5,43.0,59.25,24.5,16.8,19.0
35,realme wat,30.0,75.0,68.0,51.0,56.75,47.0,49.0,37.25,28.8,24.75,23.0,20.0,16.5
36,jaipur watch,0.0,1.25,0.8,0.75,0.75,28.4,6.75,3.25,3.2,3.25,2.25,2.0,3.5
37,google pix,7.0,14.75,57.6,48.5,46.5,41.6,33.25,53.25,20.8,15.5,15.25,15.8,17.5
38,pix,7.0,17.5,67.4,39.0,37.0,34.2,28.0,40.25,18.8,16.75,16.0,16.0,17.5
39,best,53.0,71.5,54.4,46.0,47.25,54.0,54.25,53.75,50.8,52.5,60.75,66.0,62.5
40,boat,56.0,75.25,61.6,53.5,59.25,68.4,71.75,71.25,66.0,68.5,76.25,79.0,71.5
41,earbuds boat u,52.0,29.75,36.2,13.75,33.75,26.2,67.75,63.25,35.8,56.75,73.5,72.6,72.0
42,boat: (In,72.0,83.75,76.0,66.0,68.75,75.6,80.75,73.75,66.4,64.75,73.25,75.4,79.0
43,earbuds ,65.0,81.0,67.8,64.0,67.75,66.6,64.0,65.75,70.8,72.75,75.25,81.4,80.0
44,watch onlin,79.0,79.0,85.4,82.75,85.0,85.6,78.5,82.5,76.0,81.75,88.5,83.4,88.0
45,wireless earbuds u,51.0,39.75,31.6,38.75,16.5,34.4,16.25,37.5,24.2,41.75,37.0,27.8,29.5
46,bluetooth earbuds u,0.0,47.5,47.8,6.0,18.0,19.6,30.0,40.75,45.8,38.75,70.5,35.0,13.5
47,b,80.0,88.25,84.6,72.75,76.75,76.2,73.25,70.25,67.0,68.5,70.0,69.0,69.0
48,bluetooth,67.0,81.75,74.6,67.75,74.25,75.8,73.0,73.5,69.0,69.5,72.0,71.0,67.0
49,earbuds b,67.0,81.75,74.6,67.75,74.25,75.8,73.0,73.5,69.0,69.5,72.0,71.0,67.0
50,earphones u,77.0,70.75,61.8,56.0,65.0,65.6,69.5,55.75,58.6,66.5,78.0,75.0,75.0
51,e,85.0,88.25,75.4,68.75,71.0,71.4,69.5,65.5,60.4,59.25,70.5,74.4,71.0
52,flipkart,45.0,70.25,54.6,40.5,48.0,50.2,51.75,49.75,41.8,44.5,53.75,56.4,56.5
53,earbu,69.0,89.5,82.6,72.0,77.25,80.2,85.25,77.25,67.0,71.5,82.75,88.2,85.0
54,earbuds un,57.0,63.25,64.0,47.75,63.25,64.8,59.5,64.5,60.6,68.5,82.0,88.8,87.5
55,noise: (Ind,75.0,82.0,70.2,63.75,62.5,66.4,72.0,59.25,58.2,61.0,65.0,70.4,70.0
56,buds u,66.0,73.5,35.8,54.25,50.75,57.0,59.75,52.0,42.6,67.5,65.75,79.4,74.0
57,buds: (In,67.0,79.25,63.2,54.25,58.25,62.2,77.5,68.5,58.6,59.5,77.5,84.2,69.5
58,tws earbuds u,0.0,12.25,10.6,16.75,48.75,20.6,35.75,0.0,17.8,12.5,15.0,11.4,35.5
59,tws,65.0,76.75,83.4,69.5,80.0,82.4,76.75,62.75,60.4,65.0,72.25,71.6,66.5
60,airpods u,58.0,56.0,69.2,62.75,53.25,62.4,67.0,65.25,63.8,66.5,72.5,53.6,44.5
61,ptron earbuds u,0.0,0.0,7.2,18.5,16.25,33.4,0.0,9.0,51.6,41.75,57.5,21.4,47.0
62,airpods: (India,63.0,87.75,71.4,63.0,67.5,67.6,67.5,64.0,60.0,64.0,71.5,70.2,66.5
63,ptron: (Ind,85.0,83.0,73.0,63.0,76.0,75.2,78.75,66.5,63.0,59.25,62.75,63.8,68.5
64,ptron,56.0,70.25,73.2,64.5,71.25,83.8,80.75,69.5,67.8,69.0,74.25,80.8,79.0
65,he,77.0,87.25,78.4,72.0,70.0,75.8,72.0,72.5,67.2,70.25,83.75,81.0,81.0
66,noi,67.0,76.25,71.6,53.0,50.5,54.8,60.5,55.0,55.0,59.75,61.75,66.8,64.0
67,truke,52.0,60.0,62.2,56.75,77.0,63.6,63.5,60.5,60.4,51.75,57.5,59.2,49.5
68,hoppup,20.0,47.5,37.8,24.0,25.0,28.8,33.25,25.5,27.8,28.0,56.0,52.6,72.0
69,boat earbuds u,0.0,16.5,13.4,8.25,0.0,18.6,10.5,5.75,12.8,15.5,43.25,31.6,12.5
70,price,48.0,73.25,55.0,51.5,51.75,55.0,51.25,47.25,44.8,47.75,50.75,54.8,53.0
71,shopsy: (Indi,80.0,79.75,52.6,39.0,45.0,40.6,49.25,91.5,61.4,58.0,73.75,58.4,78.5
72,earbuds u,41.0,31.5,52.6,39.0,56.75,35.0,31.75,21.5,16.2,34.25,51.75,30.6,87.0
73,ear buds u,0.0,18.25,26.4,34.5,36.75,30.6,39.5,28.25,44.8,41.0,57.0,38.2,53.0
74,movie ,58.0,61.75,65.4,64.75,70.5,70.2,66.0,79.0,75.2,82.5,91.5,85.4,84.5
75,best neckband u,20.0,39.75,32.4,33.0,26.0,17.2,57.5,37.0,9.8,27.25,44.0,33.4,33.5
76,best earbuds un,59.0,70.5,55.2,41.0,38.25,54.2,49.0,54.25,46.0,49.5,59.0,63.8,61.5
77,ptron ,41.0,56.0,51.8,54.25,53.25,49.4,77.0,46.25,39.0,36.0,38.75,40.8,39.0
78,earbud: (Indi,71.0,82.0,71.0,71.0,69.5,73.2,65.75,69.25,67.8,75.75,84.5,88.6,84.0
79,noise,74.0,77.5,62.4,59.75,58.25,65.4,71.25,56.75,53.6,57.5,71.75,75.6,75.5
80,best airpods u,22.0,19.5,38.4,8.75,10.0,8.2,23.5,16.75,25.8,16.75,32.75,0.0,17.0
81,gaming,34.0,44.0,47.4,44.75,59.25,57.6,57.25,57.5,51.2,52.0,80.25,70.8,65.0
82,k,64.0,79.5,77.6,51.25,50.0,55.6,73.0,80.75,85.4,76.75,81.0,79.2,93.5
83,tit,73.0,80.75,91.0,83.25,83.75,82.2,95.25,84.75,84.6,88.0,90.75,91.8,98.0
84,kurti set u,42.0,66.25,59.2,34.25,26.75,41.8,59.0,62.25,68.0,54.0,72.25,73.4,73.0
85,kurt,76.0,89.5,74.2,50.0,43.5,50.6,67.0,74.25,77.4,73.25,83.0,75.2,79.5
86,meesho kurti u,32.0,62.5,52.4,46.0,41.75,41.2,65.5,51.75,67.0,31.5,69.25,69.8,52.5
87,meesho: (Indi,70.0,85.75,71.4,61.75,63.25,65.0,73.25,71.5,71.0,68.5,77.75,80.8,85.5
88,plazo k,67.0,81.25,75.6,48.75,42.0,44.2,54.25,66.0,60.2,53.0,60.25,46.6,49.5
89,meesho k,58.0,85.25,76.2,46.0,42.0,44.0,70.5,72.5,76.4,73.25,73.75,71.4,75.0
90,kurti set with dupatta u,27.0,46.5,62.4,18.25,16.75,21.6,38.0,39.0,36.6,40.75,53.75,59.4,54.0
91,kurti set with,64.0,81.75,80.2,55.0,50.5,57.8,76.0,76.0,88.8,83.5,75.25,76.2,92.5
92,kurti f,45.0,52.25,49.0,38.75,38.0,47.0,64.0,66.5,72.2,67.75,78.75,78.2,97.0
93,kurti for women u,47.0,36.5,36.2,34.0,35.25,20.0,64.25,66.25,67.8,48.75,64.0,75.2,64.0
94,flipkart kurti u,29.0,47.0,59.4,23.75,28.5,26.8,43.0,56.5,36.6,36.5,38.0,50.8,47.0
95,kurti ,67.0,82.25,78.8,50.25,44.25,58.4,78.0,86.25,92.2,80.0,82.25,74.0,83.5
96,kurti pant set u,40.0,40.5,37.2,21.0,17.5,29.4,44.0,46.5,53.4,30.25,44.5,49.8,42.5
97,flipkart k,56.0,87.5,79.4,51.5,44.0,45.8,66.25,71.5,70.2,56.25,64.5,66.2,70.0
98,flipkart kurti set u,31.0,63.0,52.8,34.75,46.25,12.0,29.5,66.75,30.4,39.0,49.5,45.6,53.0
99,meesho kurti plazo set u,39.0,37.5,40.0,17.75,24.5,24.8,41.25,34.75,55.2,10.25,33.75,29.8,63.0
100,mynt,74.0,85.5,72.4,46.0,45.75,46.0,59.5,63.25,65.8,62.5,70.0,66.6,80.5
101,myntra: (Indi,51.0,78.0,66.4,59.75,74.0,55.2,55.0,54.25,58.8,61.5,64.0,49.8,49.0
102,cott,65.0,62.5,52.4,38.5,35.5,40.4,66.0,83.0,89.4,82.5,95.5,73.8,80.0
103,dress u,84.0,72.25,75.0,58.25,67.25,67.2,81.0,81.75,82.8,73.5,81.75,80.0,83.5
104,kurti set f,36.0,47.0,49.2,32.0,34.25,42.6,57.75,63.5,71.2,68.0,74.0,74.6,91.5
105,kurta set u,19.0,21.75,41.8,23.25,19.25,28.0,42.25,44.5,60.8,62.75,81.0,75.2,95.0
106,kurti set for women u,41.0,6.5,39.8,6.0,22.5,33.6,32.0,29.25,33.0,31.25,49.5,54.2,11.5
107,chikankari k,43.0,42.25,48.2,24.0,21.5,42.2,71.75,81.75,82.0,75.75,79.75,80.8,94.0
108,heels for women u,31.0,33.5,39.4,29.0,22.75,30.0,30.25,25.5,37.4,35.25,39.75,29.0,88.0
109,chikan kurti f,22.0,26.5,42.4,25.5,44.0,26.6,35.25,61.75,46.2,40.75,45.75,44.8,43.5
110,meesho kurti palazzo set u,0.0,25.0,33.4,0.0,15.75,10.2,21.0,14.5,0.0,34.5,0.0,0.0,30.5
111,max kurtis u,0.0,17.25,10.2,0.0,20.0,0.0,19.5,12.25,24.6,11.75,21.0,20.0,0.0
112,black chikanka,48.0,35.25,37.2,16.25,20.25,28.2,52.25,54.75,68.6,70.0,76.5,71.0,93.0
113,short kurti f,30.0,30.0,24.4,21.0,20.5,30.2,54.5,60.5,66.8,68.75,90.0,80.6,92.5
114,chikanka,59.0,54.0,49.6,31.5,27.0,42.4,63.0,76.25,78.8,85.75,94.75,81.8,90.5
115,meesho kurti set with dupatta pa,0.0,5.25,20.4,5.25,13.75,41.8,10.0,32.0,10.0,17.75,20.0,12.0,34.0
116,chikankari kurti u,24.0,4.75,17.4,17.0,4.25,11.0,29.75,38.5,12.0,30.5,15.5,35.4,50.0
117,white kurti f,39.0,38.0,34.4,27.0,32.0,39.6,51.5,54.5,48.2,36.5,49.0,47.8,88.0
118,meesho kurti set with dupatta u,30.0,17.25,21.6,10.75,18.0,15.0,14.75,24.0,21.4,0.0,6.75,28.6,50.0
119,sho,51.0,50.5,46.4,34.5,29.25,39.4,59.25,67.25,69.4,67.75,82.75,78.8,96.5
120,chikankari kurti f,19.0,26.0,27.0,21.25,12.25,29.8,36.0,46.5,51.2,66.5,75.5,67.4,84.0
121,kurta f,54.0,55.0,58.6,44.75,43.5,52.4,68.75,71.0,76.6,75.5,82.5,80.0,95.5
122,kurta set for women u,20.0,25.0,47.2,39.0,9.0,22.8,32.75,65.0,63.6,52.5,64.0,73.0,80.5
123,sleevele,71.0,61.75,59.2,33.5,30.75,36.0,54.5,58.5,71.0,84.25,86.75,77.2,90.5
124,kurta set f,44.0,48.5,53.2,37.25,34.75,47.6,61.0,65.5,71.6,73.5,77.5,76.2,96.5
125,women jeans u,100.0,60.75,52.2,46.0,54.25,64.6,57.25,59.0,79.0,82.25,71.25,56.2,78.5
126,jeans f,70.0,77.0,72.4,74.25,81.5,75.8,75.25,84.25,85.8,88.25,97.0,91.4,98.0
127,jeans for women u,69.0,48.0,44.0,38.5,65.75,56.8,55.25,68.0,72.2,62.5,70.5,66.4,75.0
128,jeans for men u,38.0,35.75,42.0,31.0,36.0,38.4,52.75,35.25,44.6,26.75,47.5,34.6,36.5
129,jeans,68.0,77.75,84.8,76.0,76.75,82.4,83.25,76.5,85.0,72.75,75.0,69.0,79.5
130,wide l,60.0,67.25,56.6,59.75,66.25,59.2,61.75,80.5,80.8,83.5,91.25,81.4,93.0
131,wide leg jeans u,33.0,55.5,51.2,0.0,45.25,25.4,13.25,59.0,52.6,31.75,64.75,55.4,65.0
132,bla,80.0,81.75,85.4,85.5,86.5,88.2,88.75,84.5,85.4,76.25,81.0,72.6,79.0
133,top: (I,97.0,96.25,87.6,87.25,86.75,91.2,93.5,90.5,86.8,89.5,97.5,89.4,93.5
134,bag,44.0,45.0,41.2,43.25,49.5,53.8,60.5,71.5,81.2,73.75,83.75,78.8,94.0
135,baggy jeans u,0.0,8.25,6.2,14.0,2.75,18.0,8.25,40.0,17.4,9.75,31.5,24.2,6.0
136,whi,86.0,86.75,86.4,84.5,80.5,86.2,91.0,88.75,93.4,86.5,87.25,76.8,97.5
137,high waist jeans u,53.0,6.0,30.6,16.5,16.0,18.4,47.75,18.0,34.2,19.25,15.5,19.0,42.5
138,me,67.0,78.0,83.6,79.25,78.0,82.4,80.0,76.75,82.2,75.5,81.0,71.4,78.5
139,wide leg jea,52.0,58.5,47.0,54.75,56.25,52.6,58.75,66.5,69.6,78.5,86.5,75.8,95.0
140,shoes u,61.0,65.75,71.8,81.5,84.5,91.2,76.25,68.25,81.2,81.0,79.75,79.6,92.5
141,jeans u,68.0,44.25,52.2,38.0,46.75,37.4,57.25,67.0,46.2,66.75,51.0,54.8,60.0
142,top f,67.0,79.0,72.6,72.75,69.5,70.8,84.25,89.0,95.4,90.5,97.5,92.2,99.5
143,jeans top f,61.0,64.75,67.0,66.5,66.25,70.0,78.25,85.75,86.2,92.5,96.25,79.2,95.5
144,high waist jea,84.0,79.75,70.6,71.25,76.75,76.6,67.0,79.0,88.0,76.75,88.0,85.2,88.0
145,car,31.0,31.5,30.4,28.5,36.25,43.8,54.75,58.0,70.2,73.75,80.75,76.6,99.5
146,baggy je,72.0,50.0,51.8,50.75,60.75,61.4,64.0,78.25,69.6,77.25,71.25,54.2,62.0
147,sweatshirt,17.0,26.25,60.8,91.5,72.75,46.0,21.0,16.0,14.0,10.0,14.0,19.6,19.0
148,sweatshirt for men u,0.0,14.0,35.6,51.75,8.25,21.8,34.0,18.5,17.2,5.25,14.25,43.4,18.0
149,black wide leg jea,41.0,24.25,37.2,35.0,35.0,30.4,39.0,63.25,53.6,62.5,65.5,51.6,40.5
150,cargo pants,46.0,45.25,51.6,40.5,46.5,56.2,57.0,68.0,77.6,75.25,89.25,87.0,98.5
151,baggy j,26.0,31.25,28.8,28.0,32.75,45.6,54.75,62.5,72.6,64.5,77.75,82.4,94.0
152,blue wide l,24.0,45.0,31.8,18.0,31.0,34.4,36.25,49.75,61.4,73.0,60.25,85.0,85.0
153,cargo pants for women u,28.0,0.0,14.6,17.75,6.75,4.8,12.75,33.0,5.4,20.75,11.25,16.8,33.5
154,cargo jeans f,8.0,21.25,12.4,15.0,17.5,23.2,27.25,42.75,51.6,61.25,68.0,70.8,99.5
155,straight fit jea,28.0,56.5,59.4,44.0,52.0,61.8,42.0,61.25,55.6,77.25,84.25,78.8,95.0
156,urbanic jeans f,69.0,65.0,49.6,54.0,76.5,64.4,56.5,74.75,57.0,73.75,69.25,68.6,79.5
157,wide leg jeans f,23.0,42.0,52.0,41.5,57.0,60.0,60.5,43.0,46.6,68.25,57.75,42.2,80.5
158,cargo jeans,31.0,33.0,39.4,37.0,40.75,46.8,60.0,56.75,68.0,60.5,77.5,71.6,91.5
159,cargo pants u,0.0,20.75,8.6,3.0,11.25,15.4,9.75,45.0,44.2,53.5,60.0,55.6,49.5
160,ripped jeans f,22.0,52.0,44.2,48.5,44.75,48.4,57.0,60.25,59.6,59.75,72.75,73.8,86.0
161,straight f,56.0,63.25,58.6,62.75,63.5,68.0,67.0,77.75,79.6,84.5,90.0,85.4,89.5
162,bootc,72.0,73.25,80.2,78.25,79.75,85.4,87.5,87.5,91.2,81.25,87.25,79.0,86.0
163,best e,78.0,85.0,64.4,55.25,57.25,60.6,57.75,54.5,51.6,54.5,62.25,66.4,61.5
164,best earphones u,67.0,67.0,47.0,44.0,50.5,66.6,46.5,52.75,65.2,68.0,65.0,67.0,59.5
165,earphones b,77.0,89.5,75.6,64.75,70.5,67.4,62.25,59.25,52.4,53.5,66.0,64.2,64.0
166,boat earphones u,40.0,36.5,43.6,28.25,49.75,51.4,24.5,46.25,35.2,55.25,37.25,43.8,44.0
167,wired e,91.0,77.25,56.4,52.0,58.0,66.6,67.5,67.0,64.2,73.75,90.0,94.4,90.5
168,wired earphones u,58.0,28.5,25.0,29.5,15.25,40.4,27.75,27.5,41.4,51.0,46.0,63.2,37.5
169,wireless e,81.0,86.75,76.0,65.5,70.0,67.4,62.75,59.75,57.2,55.0,61.0,63.6,58.5
170,wireless earphones u,36.0,33.75,33.2,24.25,43.0,19.8,34.0,33.75,25.2,8.25,19.25,27.4,66.5
171,best wired e,100.0,82.0,48.8,43.75,41.5,52.2,48.0,51.25,46.4,61.0,65.5,73.6,66.0
172,earbuds: (India,59.0,77.0,68.8,62.75,66.25,72.8,74.0,72.0,63.0,68.25,82.5,84.0,82.0
173,headphones u,75.0,62.75,58.0,74.75,51.25,56.8,74.75,50.5,59.4,68.5,84.25,78.4,65.5
174,best boat earphones u,49.0,20.75,14.0,9.5,4.5,21.4,13.0,33.0,46.4,43.75,19.75,46.0,46.5
175,best bluetooth e,80.0,86.5,65.8,58.25,56.25,63.2,59.0,56.0,48.2,47.25,55.75,57.8,56.0
176,neckband u,26.0,54.75,47.8,54.25,43.75,54.0,48.5,63.75,48.2,56.25,66.25,40.0,82.5
177,neckband e,60.0,79.25,66.0,56.25,63.0,65.6,62.5,57.25,52.0,55.0,64.0,68.2,74.5
178,neckband earphones u,0.0,19.75,20.0,54.5,40.75,9.4,24.25,44.0,12.4,33.0,37.0,20.0,0.0
179,earphone u,50.0,49.25,33.6,36.25,23.25,21.8,36.5,22.5,23.6,39.25,51.75,34.2,48.5
180,realme: (Indi,66.0,84.0,76.4,59.0,72.0,65.2,57.5,63.75,61.6,72.25,90.75,93.6,87.5
181,realme e,75.0,80.75,59.4,53.5,57.25,57.2,54.25,60.0,58.8,60.75,67.0,70.0,57.0
182,oneplus wired e,100.0,52.25,11.8,9.75,16.0,10.8,15.0,10.0,13.8,16.75,17.25,20.2,16.0
183,motorola e,0.0,12.75,14.8,15.5,16.75,24.8,9.75,14.75,12.2,28.0,25.5,24.4,50.0
184,wireless earphones un,43.0,58.75,49.0,42.5,51.0,45.0,30.75,15.5,19.4,25.0,28.0,48.2,15.5
185,realme buds,21.0,30.5,27.8,30.5,45.5,49.2,46.25,47.25,51.4,65.25,66.25,78.6,31.0
186,boat earbuds under 500 ,0.0,30.5,0.0,0.0,24.0,0.0,7.5,16.5,23.4,38.25,0.0,18.4,34.5
187,realme wired e,37.0,47.5,37.6,32.0,44.5,53.6,59.25,69.5,62.8,72.25,76.0,78.6,57.0
188,best neckband e,32.0,62.5,44.0,36.0,39.25,36.4,40.25,40.5,32.8,35.25,38.5,38.4,45.5
189,type c e,72.0,68.0,71.0,51.25,58.5,60.4,63.75,59.75,54.0,63.25,79.5,91.0,97.5
190,sony wired e,23.0,53.5,55.6,43.25,40.25,55.6,44.0,50.75,30.4,49.0,61.25,62.8,69.0
191,boat earphon,45.0,57.5,53.0,50.0,59.75,65.4,72.5,75.25,64.4,71.25,87.25,94.4,88.0
192,best headset u,0.0,20.25,7.8,36.0,15.75,9.0,11.0,0.0,8.4,20.75,11.0,15.0,0.0
193,sc,69.0,67.5,54.2,56.25,47.25,48.0,55.75,71.0,67.6,78.25,92.25,70.2,56.5
194,school bag u,52.0,43.75,16.4,35.75,17.75,13.4,23.5,42.0,50.0,34.25,70.5,51.6,56.5
195,bags: (In,84.0,89.0,79.6,82.25,82.25,83.6,85.0,83.0,81.6,87.25,98.25,93.0,90.5
196,bags u,61.0,60.25,49.4,45.75,61.75,40.4,52.5,53.25,57.2,74.5,85.0,88.8,61.5
197,sling bag u,19.0,16.75,6.0,10.0,31.75,19.8,12.25,29.0,26.0,43.0,29.0,54.2,9.0
198,s,72.0,70.25,66.4,64.0,74.5,73.6,72.5,72.5,81.6,86.75,91.25,87.6,100.0
199,bag f,64.0,64.5,55.8,60.25,62.0,68.2,69.0,69.75,73.2,77.25,90.0,91.2,99.5
200,college bag u,0.0,5.75,0.0,12.25,19.5,16.2,8.25,21.5,10.0,6.0,41.75,40.8,87.0
201,col,76.0,78.75,57.6,56.5,48.5,47.6,45.75,46.5,47.4,62.0,88.0,92.8,92.5
202,school bag for girls u,0.0,15.0,6.4,0.0,31.25,11.4,13.0,25.0,20.2,26.0,59.5,7.4,14.0
203,school bags u,60.0,38.0,19.8,0.0,27.75,23.8,26.75,20.0,24.0,65.0,62.5,37.2,50.0
204,school bag ,52.0,50.0,37.6,37.5,34.5,38.6,39.75,70.0,57.8,72.75,91.5,65.6,47.5
205,school bag f,56.0,55.25,41.0,39.75,35.5,34.2,44.0,72.5,64.6,77.75,85.75,55.4,47.0
206,school bag for boys u,74.0,15.0,33.0,4.75,16.25,5.2,29.75,16.25,22.0,0.0,36.5,11.0,0.0
207,laptop bag u,0.0,0.0,26.2,0.0,13.25,3.8,4.25,8.5,12.0,11.5,14.5,10.6,0.0
208,la,67.0,72.5,66.4,64.25,65.5,67.2,71.0,67.25,64.0,66.5,80.75,91.8,92.5
209,bts bag: (India,61.0,76.5,59.6,56.25,58.0,58.8,64.75,85.25,58.8,64.25,61.5,43.0,30.0
210,sling bags u,49.0,48.5,18.4,47.0,33.5,4.2,36.75,31.25,49.8,41.75,33.25,53.6,18.0
211,bts bag u,44.0,11.25,36.8,8.25,0.0,34.8,28.5,30.5,12.4,15.25,30.75,6.2,0.0
212,backpack u,21.0,36.25,30.4,16.25,30.0,17.6,6.0,17.75,37.6,40.75,43.25,42.4,85.5
213,tr,74.0,80.75,80.2,82.0,84.25,77.8,79.75,79.75,84.2,89.5,97.75,88.8,90.5
214,sling b,54.0,61.0,47.4,47.75,57.5,60.0,60.75,61.0,71.0,72.25,81.75,82.0,94.0
215,college bags u,91.0,54.75,6.4,14.0,23.75,0.0,26.75,10.25,26.4,28.75,37.75,41.4,29.0
216,office bag,62.0,62.5,52.2,57.75,52.75,64.4,72.75,60.75,53.8,76.0,68.75,71.8,58.5
217,sling bag f,54.0,68.25,58.6,70.75,65.0,51.6,61.75,47.75,54.8,74.75,59.0,74.4,68.5
218,sling bags f,73.0,71.0,64.8,63.5,73.5,73.2,65.75,61.75,76.6,75.75,86.75,76.8,97.0
219,kurti p,67.0,81.25,75.6,48.75,42.0,44.2,54.25,66.0,60.2,53.0,60.25,46.6,48.5
220,kur,76.0,83.75,83.0,54.0,46.25,49.0,61.5,60.25,64.0,56.0,57.5,42.2,45.5
221,kurti plazo set u,16.0,50.25,62.2,38.75,23.5,35.2,56.5,47.75,48.6,39.25,47.5,45.2,29.0
222,meesho kurti set u,14.0,73.25,58.0,29.75,35.0,34.0,72.25,54.0,60.6,28.0,62.75,63.8,53.5
223,mees,76.0,89.5,74.2,50.0,43.5,50.6,67.0,74.25,77.4,73.25,83.0,75.2,79.5
224,amazon k,59.0,77.75,63.8,38.5,37.5,43.2,54.75,65.5,61.4,56.0,66.0,67.2,65.5
225,amazon kurti set u,34.0,43.75,20.4,16.0,5.25,51.4,47.5,41.0,20.6,23.75,52.75,21.4,0.0
226,kurti pant set with dupatta u,27.0,41.5,46.2,15.0,19.75,31.8,28.75,19.75,29.2,11.75,32.25,23.8,43.0
227,kurti pant set with,66.0,72.75,70.6,56.75,36.0,53.6,66.5,67.0,85.6,67.5,76.25,68.0,81.5
228,www.meesho.com online ,25.0,77.25,69.0,44.0,47.0,58.0,66.25,56.25,56.2,52.0,75.25,81.4,70.0
229,ajio kurta set u,0.0,15.5,17.6,8.5,8.25,10.8,25.0,6.25,29.2,14.25,16.0,0.0,13.0
230,amazon kurti ,65.0,74.25,52.0,20.75,21.25,19.6,24.0,40.75,42.2,44.25,29.0,25.2,45.5
231,sleeveless kurti u,83.0,9.0,52.6,0.0,0.0,16.0,0.0,0.0,0.0,39.0,11.25,38.6,44.5
232,amazon kurti pant set u,0.0,50.5,27.8,0.0,19.25,0.0,49.75,10.0,11.8,9.5,14.5,13.6,34.0
233,kurta sets u,0.0,37.75,16.6,6.75,10.0,20.0,35.5,46.75,24.6,11.25,31.5,45.0,35.0
234,anarka,74.0,89.0,86.6,62.5,56.5,62.6,78.75,80.25,80.2,68.75,70.5,71.4,87.0
235,meesho kurti plazo set un,0.0,20.25,26.2,0.0,0.0,54.2,0.0,0.0,24.8,0.0,13.5,10.2,0.0
236,meesho kurti pant set with,75.0,36.5,50.4,25.5,31.5,26.4,59.75,32.75,55.0,50.0,42.0,22.6,42.0
237,amazon kurta set u,0.0,32.25,20.0,31.75,0.0,10.4,12.0,26.5,5.4,17.5,14.75,7.2,20.5
238,kurti and ,22.0,75.0,61.8,34.75,50.0,53.8,50.75,65.5,61.8,58.75,68.25,59.4,62.0
239,anarkali kurti u,26.0,40.25,16.8,0.0,13.75,7.4,16.5,15.5,33.6,19.0,20.5,28.2,43.5
240,meesho kurti set with,45.0,61.5,52.2,41.75,28.5,29.6,56.5,59.5,61.6,48.5,44.25,50.8,58.5
241,gift u,56.0,30.75,38.2,31.75,63.5,32.0,33.25,25.25,33.6,32.75,32.25,37.4,50.5
242,best gifts u,0.0,15.75,18.8,0.0,56.75,28.0,19.0,21.25,26.2,15.75,28.5,17.2,16.5
243,gifts,29.0,26.75,29.2,32.5,64.25,38.6,38.0,29.75,28.6,31.5,32.25,32.2,33.0
244,gifts for men u,0.0,9.5,10.8,2.75,44.0,4.8,8.75,15.25,8.6,3.0,7.25,11.6,14.0
245,secret san,0.0,0.25,0.2,2.5,47.5,1.8,0.0,0.0,0.2,0.25,0.0,0.0,0.5
246,secret santa gifts u,0.0,0.0,0.0,1.5,52.5,7.6,1.25,0.0,0.8,3.25,1.25,2.0,2.0
247,gifts for women u,0.0,0.0,0.0,16.5,61.0,13.8,13.75,9.25,31.2,32.75,10.25,0.0,38.5
248,gifts f,45.0,45.5,43.6,47.0,70.25,45.2,46.0,41.75,39.8,38.0,41.0,45.0,48.0
249,gifts ,51.0,49.75,50.6,51.0,75.5,54.0,53.0,41.25,40.2,41.25,45.5,48.2,54.0
250,gifts for boys u,27.0,0.0,26.2,36.0,53.25,35.2,42.25,17.25,21.4,42.5,7.0,12.6,17.5
251,marriage gifts u,0.0,10.25,23.6,31.25,44.75,0.0,10.0,28.5,7.6,13.0,11.5,13.0,18.5
252,marria,36.0,18.25,28.6,53.25,39.25,57.8,60.75,30.75,45.6,61.0,35.25,17.6,36.5
253,gifts under 500 for bes,66.0,14.0,20.6,8.0,9.25,33.4,20.25,5.5,21.8,7.5,0.0,6.8,12.5
254,gifts for b,48.0,46.25,52.4,53.0,68.0,74.0,68.0,46.5,45.2,44.25,49.75,55.2,47.0
255,gift for men u,8.0,6.0,11.2,6.75,50.25,19.4,15.75,21.25,11.6,15.25,18.5,8.0,14.5
256,useful gifts u,0.0,30.0,41.2,0.0,24.5,0.0,0.0,0.0,14.6,5.5,0.0,12.6,0.0
257,gift f,52.0,60.0,57.6,57.25,77.75,62.0,60.25,50.0,52.2,50.0,53.25,62.6,65.5
258,diwali gifts u,0.0,10.5,42.6,4.25,5.5,2.6,20.5,10.25,0.0,6.25,4.75,0.0,0.0
259,gift for girls u,42.0,55.0,23.0,35.5,35.5,46.4,22.5,41.25,58.4,42.25,19.75,43.8,19.5
260,watches u,58.0,80.25,77.8,68.75,64.25,66.6,71.25,59.5,70.2,67.0,85.0,70.4,72.5
261,gifts for ,38.0,18.0,37.8,65.25,45.75,61.8,74.5,39.25,55.0,70.25,41.25,21.8,48.0
262,corporate gifts u,32.0,51.0,6.0,0.0,0.0,7.8,23.0,25.0,17.4,33.5,17.0,20.4,66.0
263,gifts under 500 for e,0.0,0.0,15.0,8.25,29.0,14.8,8.25,16.5,9.4,29.75,14.5,49.8,19.5
264,secret santa gifts,1.0,0.0,0.6,1.0,43.0,0.8,0.25,0.25,0.0,0.5,0.5,0.4,1.0
265,secret santa gifts for guys under 50,0.0,0.0,0.0,8.5,0.0,0.0,4.5,11.25,3.8,7.25,0.0,20.0,21.5
266,christmas gifts under 50,0.0,0.0,33.8,17.0,16.5,0.0,0.0,0.0,0.0,11.5,0.0,0.0,0.0
267,watches,79.0,84.75,86.4,86.25,87.0,86.2,87.5,81.5,81.8,81.5,88.75,90.8,96.0
268,secret santa gifts f,0.0,0.0,0.0,1.5,38.0,2.0,1.25,0.75,0.0,0.0,0.0,1.0,1.0
269,unique gift ideas u,0.0,25.75,0.0,35.5,30.75,36.0,7.5,15.5,17.0,0.0,7.75,0.0,16.5
270,ferns an,38.0,39.75,38.2,43.0,45.25,39.0,64.25,30.25,30.4,37.5,34.75,33.6,45.0
271,best secret santa gifts u,0.0,0.0,15.6,25.0,40.25,13.4,16.5,13.75,11.6,29.75,0.0,0.0,0.0
272,bluetooth he,80.0,90.25,80.6,71.75,74.0,73.0,72.0,67.75,62.2,64.5,69.75,66.0,68.5
273,headphones b,85.0,94.0,85.0,78.0,79.75,79.6,77.25,73.5,67.0,69.25,75.75,71.2,74.5
274,best he,62.0,79.25,66.6,62.75,60.75,64.8,58.5,63.75,60.8,62.75,71.25,75.2,77.5
275,best headphones u,36.0,63.25,52.6,41.25,46.75,48.2,48.5,41.25,46.8,46.0,66.5,57.0,62.0
276,headphones under 500 ,40.0,39.0,33.4,32.5,24.75,25.4,33.0,37.0,33.8,47.5,24.5,42.4,47.0
277,wireless he,79.0,87.75,80.8,74.25,73.25,76.0,69.25,75.75,68.0,72.0,85.25,88.2,92.5
278,boat he,79.0,86.5,77.6,67.25,69.5,77.2,79.0,75.75,69.6,68.0,80.5,77.2,79.5
279,boat headphones u,0.0,37.25,30.0,39.0,60.0,52.4,61.5,37.75,43.6,53.5,33.5,45.6,68.5
280,gaming headphones u,0.0,37.0,9.0,15.5,23.75,32.6,13.5,26.0,29.8,38.5,33.0,28.6,21.5
281,gaming he,49.0,71.5,55.6,54.75,54.0,56.4,56.25,71.25,59.0,65.75,89.25,87.4,84.0
282,wired he,68.0,74.5,61.8,59.5,60.75,59.4,67.0,68.75,70.8,75.25,87.75,87.2,93.0
283,wired headphones u,47.0,8.5,14.6,21.0,13.0,37.6,27.5,24.5,17.4,43.25,51.5,43.4,44.5
284,headphones price u,20.0,24.0,16.8,27.75,17.5,8.4,34.25,17.0,37.8,11.75,15.25,18.0,0.0
285,headphones with mic u,35.0,37.25,12.8,0.0,7.0,22.2,23.0,0.0,46.0,52.5,38.5,22.4,0.0
286,headphones ,82.0,87.0,67.0,62.75,68.25,64.0,67.5,71.25,64.4,71.25,79.25,83.4,86.0
287,h,79.0,91.0,83.0,76.5,74.5,76.2,69.25,70.5,66.2,66.5,74.25,74.2,70.0
288,headphone u,53.0,38.75,33.8,23.75,19.5,19.8,35.0,48.5,24.8,55.0,28.25,28.6,35.0
289,headphones un,49.0,71.75,62.6,62.5,49.5,60.8,57.75,51.5,68.2,70.0,72.5,87.6,81.0
290,boat bluetooth he,79.0,81.75,74.4,61.75,61.75,65.6,63.5,64.25,57.0,54.25,64.5,59.6,70.5
291,smart watch u,62.0,78.0,88.6,64.0,62.75,59.6,66.75,69.25,65.2,67.25,68.75,64.8,72.5
292,jbl ,0.0,36.25,32.6,8.0,25.0,25.0,19.5,10.0,13.0,6.5,18.0,25.4,36.0
293,zebronics he,71.0,69.75,62.2,47.5,66.25,61.0,67.5,64.5,63.2,70.75,68.0,88.0,82.5
294,neckband he,52.0,81.25,73.4,70.0,70.5,69.4,63.25,64.75,67.0,67.25,72.0,68.0,78.5
295,boat roc,33.0,50.75,62.0,36.75,41.75,27.6,36.75,34.0,31.0,22.75,19.5,32.0,14.5
296,croma: (Ind,28.0,55.25,45.2,37.25,35.5,38.0,34.5,35.75,39.0,36.5,36.25,34.8,45.5
297,sony he,65.0,81.75,75.2,76.75,71.0,79.0,77.25,69.5,72.0,74.0,92.75,87.4,93.0
298,headphon,85.0,94.5,80.4,74.0,70.25,73.0,73.5,68.75,60.8,62.25,71.75,74.4,68.5
299,sony: (In,89.0,90.75,90.6,77.5,86.75,88.2,83.0,84.25,71.4,70.5,80.5,76.8,83.5
300,headpho,65.0,81.75,75.2,76.75,71.0,79.0,77.25,69.5,72.0,74.0,92.75,87.4,93.0
301,noise he,58.0,66.75,53.0,73.0,66.5,66.4,65.75,67.5,58.8,61.25,69.5,84.2,82.5
302,jbl he,81.0,88.5,78.8,83.25,79.0,79.8,76.25,73.75,79.6,76.0,85.5,85.6,99.0
303,jbl: (I,82.0,87.5,82.4,72.25,73.0,81.0,77.0,73.25,63.2,67.75,68.75,76.2,83.5
304,boat headphones b,79.0,81.75,74.4,61.75,61.75,65.6,63.5,64.25,57.0,54.25,64.5,59.6,70.5
305,boat b,75.0,85.0,76.6,56.5,61.5,66.6,62.75,59.25,53.8,51.5,60.0,61.2,61.5
306,flipkart he,57.0,74.75,51.6,37.25,40.75,39.4,44.0,40.5,39.2,40.25,41.5,43.2,46.0
307,apple he,57.0,75.5,73.0,57.25,55.75,66.4,63.0,65.0,61.2,73.0,80.5,73.2,67.5
308,amazon he,43.0,80.0,60.6,53.5,50.5,53.2,48.5,50.0,42.4,46.75,57.0,55.4,57.0
309,oneplus he,73.0,83.5,79.6,67.0,69.0,71.4,63.0,63.25,65.8,63.5,73.5,77.6,74.0
310,noise two he,0.0,2.75,0.0,35.0,30.5,31.0,23.75,40.0,42.8,41.75,55.5,55.0,78.5
311,noise two wireless he,33.0,9.25,15.6,39.5,49.25,13.2,49.75,12.25,30.4,31.75,19.5,44.0,44.5
312,apple headph,19.0,18.75,27.8,30.25,37.75,41.2,54.5,42.5,45.4,48.25,64.5,72.6,62.5
313,noise 2 he,0.0,35.75,13.0,45.75,31.75,51.8,25.75,35.0,52.6,67.0,42.75,75.6,84.0
314,sony wh,9.0,11.0,10.0,9.75,11.25,8.4,37.0,14.75,10.6,9.75,11.0,17.8,12.5
315,boat aird,25.0,58.5,51.0,41.0,40.5,46.4,52.0,40.5,33.8,34.5,35.75,40.6,35.0
316,boat anc he,35.0,32.75,30.4,29.75,36.5,40.6,55.5,53.75,68.0,70.25,69.25,66.8,89.0
317,oneplus bullets wir,16.0,21.25,26.8,21.25,26.25,23.6,23.75,24.25,22.6,23.25,27.5,29.2,88.5
318,boat headphones,48.0,43.75,41.0,17.25,28.25,38.8,40.0,48.5,37.8,59.75,66.0,64.2,99.0
319,sony headphones wh,8.0,33.5,30.2,44.0,37.0,36.8,36.0,28.75,31.6,31.75,54.25,52.6,43.5
320,realme headphon,0.0,16.25,20.2,36.0,27.5,38.0,33.25,50.0,32.2,54.0,43.0,38.2,33.0
321,fire boltt he,32.0,23.0,21.2,15.25,29.0,33.6,10.25,37.5,35.4,56.0,58.5,17.6,56.0
322,sk,46.0,49.75,71.8,68.25,68.25,55.6,58.25,52.75,55.4,68.75,64.5,94.8,84.5
323,boat 650 he,33.0,70.5,18.0,44.5,45.5,48.8,33.75,20.0,39.4,40.0,28.5,45.2,56.5
324,boat rockerz,42.0,69.0,45.0,27.75,31.75,32.8,32.25,39.25,41.6,41.25,54.75,71.2,78.0
325,marshall headphon,0.0,66.0,45.2,14.75,35.0,23.4,18.25,32.5,8.0,26.0,25.5,25.6,51.0
326,anc he,47.0,51.75,45.2,51.0,39.25,50.2,52.75,54.0,63.0,53.0,71.25,73.6,93.5
327,anc: (I,37.0,47.0,39.0,40.25,41.25,48.4,49.5,47.0,49.8,47.0,62.5,68.0,92.5
328,headphones,45.0,45.0,25.8,14.25,42.75,50.4,53.75,22.0,37.0,34.75,43.25,46.8,72.0
329,skullcandy he,64.0,57.25,72.4,81.75,64.5,68.8,67.75,60.5,68.4,72.25,63.25,80.0,80.0
330,bluetooth headphone,44.0,53.25,47.8,38.5,34.0,56.4,61.75,51.0,43.6,70.25,69.5,49.8,41.0
331,marshall he,59.0,60.25,62.0,80.25,52.75,70.8,68.75,69.25,59.6,62.25,70.75,68.0,61.0
332,watch: (Ind,87.0,92.5,93.2,92.5,86.75,88.0,86.0,88.0,81.6,82.5,93.25,91.4,96.0
333,watch u,74.0,80.5,87.4,69.0,66.5,65.2,73.5,71.0,70.6,68.25,77.0,76.8,83.0
334,watches for men u,16.0,54.25,57.4,48.5,39.5,42.0,46.5,65.75,32.0,36.25,47.5,33.4,27.5
335,best watches u,54.0,42.0,47.2,40.25,43.25,33.0,54.25,58.5,69.6,41.75,67.75,37.0,41.0
336,women watches u,0.0,32.75,14.4,55.0,25.5,26.0,38.0,25.0,50.6,26.75,48.5,48.6,29.5
337,smart,70.0,84.0,74.4,63.5,65.75,60.0,65.25,62.0,59.0,63.5,63.0,59.0,61.5
338,smart watches u,27.0,44.5,44.6,8.5,56.25,42.8,25.0,32.5,29.6,30.0,29.75,10.2,30.0
339,watches for women u,24.0,33.25,22.8,33.75,34.0,31.4,31.75,26.75,34.8,29.5,19.25,27.8,65.5
340,watches f,78.0,81.0,77.2,74.0,85.25,72.6,83.25,71.75,77.8,81.25,90.5,92.0,95.0
341,watch for men u,61.0,49.75,60.6,33.5,44.25,61.6,62.0,39.5,54.4,49.75,61.0,30.4,75.5
342,watches un,57.0,72.5,69.0,69.5,70.5,57.6,67.25,65.75,68.8,80.75,76.75,80.0,87.5
343,best watch u,15.0,49.75,57.8,26.75,32.5,29.8,48.0,37.5,47.6,39.75,60.5,44.8,65.5
344,fastrack watches u,0.0,16.75,0.0,29.0,0.0,17.2,14.75,7.25,15.0,14.25,40.0,13.8,27.5
345,fastrack,89.0,90.5,87.4,81.25,89.75,90.6,90.25,81.5,83.2,90.5,93.5,91.4,94.5
346,watches ,79.0,85.5,82.8,64.0,67.75,62.0,59.75,59.5,60.2,52.5,56.5,52.4,46.0
347,watches for boys u,0.0,28.5,57.2,8.25,25.0,6.4,47.5,0.0,30.8,28.25,67.25,34.8,0.0
348,mens watches u,23.0,17.25,19.4,0.0,46.0,16.6,44.75,4.5,0.0,7.25,25.25,5.8,0.0
349,mens,74.0,84.75,78.0,77.75,80.0,76.2,80.75,72.0,70.6,70.5,78.25,78.6,81.0
350,best watches,72.0,83.25,71.0,66.25,73.75,72.6,81.25,70.5,63.4,75.0,71.0,84.0,89.5
351,firebolt,43.0,55.5,47.0,37.25,31.25,36.4,40.75,50.25,50.4,47.75,46.25,46.6,80.5
352,sonata watch price 500,0.0,41.75,24.8,6.25,0.0,4.4,17.75,5.0,0.0,9.0,22.0,15.2,16.5
353,formal watches,62.0,44.75,47.4,59.0,66.75,71.8,57.75,43.5,62.8,60.0,51.75,39.2,59.0
354,casio,63.0,68.25,66.8,62.75,67.25,69.6,75.25,68.0,69.6,69.25,77.75,79.6,96.5
355,rolex,72.0,78.25,82.6,79.25,84.75,73.4,75.0,72.0,68.8,63.25,63.25,67.2,76.5
356,rolex: (Ind,88.0,87.0,90.8,75.25,70.5,65.0,67.75,69.0,56.0,58.75,72.25,71.0,73.5
357,sonata watches f,74.0,55.0,69.4,49.0,54.0,36.6,50.0,47.0,61.0,54.5,77.5,65.8,75.0
358,sonata ladies watch u,0.0,33.75,11.8,0.0,0.0,8.6,0.0,25.0,5.8,0.0,12.25,12.0,11.0
359,anal,70.0,79.5,72.2,66.25,72.0,69.4,87.5,72.5,77.8,82.25,86.5,93.0,98.0
360,rolex watches,68.0,66.75,74.4,93.75,78.5,82.2,84.0,77.5,73.6,65.0,68.5,71.2,78.0
361,watch f,56.0,62.5,62.6,59.5,60.0,65.2,74.25,65.0,69.6,73.25,82.5,86.8,96.0
362,titan watch u,48.0,36.25,25.4,22.0,21.25,13.0,32.5,14.75,23.2,56.0,21.75,11.6,39.5
363,smart: (Ind,82.0,90.75,89.6,84.25,86.0,87.8,87.5,84.25,85.6,84.5,92.5,93.0,98.0
364,be,74.0,80.5,79.4,67.5,74.5,78.4,71.75,77.5,77.4,78.25,84.75,81.0,74.0
365,watches: (India,87.0,91.5,93.2,89.75,93.0,89.0,93.0,85.0,87.6,88.75,90.0,90.6,97.0
366,watch for boys u,42.0,64.75,49.4,28.75,34.5,34.8,34.25,46.25,38.4,43.25,30.0,38.0,54.5
367,watch ,91.0,89.25,91.4,77.5,75.75,75.8,76.25,72.75,76.4,67.25,68.75,72.2,72.5
368,watch un,79.0,71.75,78.0,62.5,62.0,61.8,61.25,62.0,69.0,67.5,72.75,74.0,87.0
369,smartwatch u,47.0,54.25,67.4,50.5,62.0,39.0,33.25,38.0,39.4,49.25,44.25,42.6,37.5
370,smart watch p,62.0,62.0,81.6,62.25,66.0,55.8,68.25,67.0,63.8,62.75,70.25,79.6,85.5
371,sm,66.0,77.5,71.2,55.0,54.25,60.0,61.75,60.25,54.4,52.0,55.75,54.2,54.5
372,watch for girls u,59.0,39.0,28.6,68.5,30.25,44.6,39.5,36.5,24.0,30.0,61.5,32.6,56.0
373,smart watch for boys u,53.0,51.75,28.2,18.0,30.25,36.8,50.25,67.5,37.0,27.75,28.0,47.4,17.0
374,smart watch ,81.0,84.0,84.6,78.25,72.5,76.8,70.0,70.5,75.0,66.25,66.5,68.2,68.5
375,smart watch under 500 ,34.0,48.75,35.8,37.75,25.25,37.8,12.25,19.75,47.2,40.0,26.0,31.4,15.5
376,smart watch un,84.0,74.75,83.0,55.25,59.25,57.2,61.0,61.25,71.2,67.0,67.25,73.2,81.5
377,best sma,50.0,75.25,65.0,48.5,49.5,53.6,50.5,50.5,48.0,50.0,53.25,55.0,58.5
378,best smart watch u,35.0,21.5,41.0,19.75,32.75,37.4,41.25,55.25,36.2,55.25,55.75,34.8,17.0
379,t800 ultra sma,4.0,0.75,0.0,1.25,2.75,4.6,11.5,14.25,26.8,41.25,66.75,74.2,94.0
380,t800 ultra smart watch u,0.0,14.75,0.0,18.25,6.5,5.2,0.0,36.75,7.6,13.75,6.5,29.8,30.0
381,car whe,0.0,6.5,5.2,13.75,0.0,2.8,10.5,2.5,12.6,6.5,72.5,50.6,34.5
382,car wheel watch u,0.0,4.0,0.0,7.0,0.0,0.0,0.0,29.75,10.4,0.0,7.5,11.0,15.5
383,smart watch with 4g sim ,24.0,22.75,31.2,0.0,16.75,22.2,15.0,35.75,31.0,26.5,31.25,60.4,77.0
384,smart watch,16.0,45.25,51.6,29.75,23.0,23.6,41.5,69.25,38.6,33.0,38.5,38.0,40.0
385,firebolt sma,58.0,76.25,71.8,56.75,51.75,59.8,60.25,66.5,73.2,74.0,82.5,88.8,92.0
386,best smart watch un,39.0,70.25,59.8,47.0,59.25,61.4,63.25,58.25,77.2,75.5,68.5,75.2,86.0
387,dzo9 sma,23.0,46.5,69.0,28.75,51.0,39.6,64.25,21.5,25.0,35.5,45.25,42.8,21.5
388,sonata watch f,66.0,48.75,61.2,55.25,57.25,61.8,41.0,49.0,60.8,71.25,71.0,71.2,62.5
389,remote con,68.0,77.0,78.6,74.0,72.0,81.4,74.75,82.5,82.4,84.75,90.25,69.6,61.5
390,noise smart watch u,0.0,35.5,48.6,13.5,10.25,22.8,21.0,9.75,5.2,18.0,24.0,31.6,52.5
391,android sm,40.0,65.0,67.2,59.5,53.5,45.6,47.5,46.0,43.4,42.5,42.75,67.6,100.0
392,fire boltt sm,59.0,75.75,74.0,52.75,55.5,72.6,83.25,80.25,74.0,75.5,73.75,66.4,70.5
393,cas,47.0,54.75,55.2,52.0,50.75,52.6,60.0,56.5,57.4,58.5,70.25,70.6,97.5
394,mobi,87.0,93.5,89.2,74.25,75.25,75.0,75.75,77.25,73.4,76.75,85.75,86.0,84.0
395,mobile u,65.0,82.5,74.2,62.25,58.5,62.6,64.5,73.5,71.2,62.0,76.5,72.4,85.5
396,keyp,75.0,82.0,75.8,61.0,57.0,60.2,58.75,61.0,57.6,62.5,77.0,87.6,76.5
397,keypad phone u,76.0,59.0,49.2,30.5,63.75,22.6,39.75,28.25,28.4,45.0,41.5,61.2,57.5
398,best phone u,0.0,35.5,45.8,38.75,16.25,39.0,35.75,32.75,31.8,25.75,42.0,43.0,27.5
399,pho,68.0,85.25,84.0,77.0,69.5,69.2,70.75,70.0,63.0,62.25,70.0,63.2,62.0
400,phone watch u,58.0,48.75,51.2,31.5,57.0,45.0,38.0,21.25,30.2,39.5,5.25,20.8,16.5
401,smart phone u,0.0,18.0,34.6,21.0,18.5,24.4,22.5,16.0,23.4,23.5,40.25,21.8,26.0
402,phone un,54.0,73.75,75.6,54.0,56.0,62.8,55.5,61.75,59.2,70.0,72.5,83.6,71.5
403,keypad mobile u,27.0,51.75,30.4,38.5,61.0,30.8,45.25,20.75,30.4,21.0,40.75,51.8,66.5
404,keypad mobi,86.0,86.5,73.4,60.5,60.25,60.4,61.75,56.5,54.4,63.5,74.5,85.8,74.5
405,keypa,92.0,95.25,88.8,76.75,73.25,75.0,72.0,70.25,67.2,72.25,84.25,91.2,86.0
406,iphone u,47.0,71.0,56.8,43.25,60.75,30.4,26.5,57.75,25.0,55.25,48.5,41.0,41.5
407,j,41.0,40.25,39.4,28.75,27.0,28.4,26.5,26.75,25.4,25.5,30.75,58.4,45.0
408,jio phone u,26.0,9.25,14.0,25.0,21.5,6.4,6.0,26.75,9.2,18.0,18.0,18.2,13.0
409,camera: (Indi,86.0,93.25,90.6,82.5,83.75,91.2,91.25,90.0,84.8,87.0,92.5,88.0,91.5
410,vivo: (In,63.0,67.5,85.6,78.25,67.75,53.0,55.5,59.0,60.4,61.0,63.5,60.2,63.0
411,keypad mobile p,33.0,40.0,44.8,14.5,12.0,18.8,37.0,37.75,19.0,21.25,36.5,69.2,29.0
412,cheape,57.0,77.75,71.4,52.5,57.75,60.6,62.0,72.0,73.4,77.5,86.75,89.4,81.5
413,second ha,76.0,79.75,67.8,62.25,61.0,67.8,72.75,76.75,72.4,77.25,88.0,78.4,69.0
414,smart phone und,80.0,70.5,73.4,55.75,59.25,66.0,60.0,69.5,68.2,74.0,92.5,84.8,83.5
415,iphone 14,14.0,76.5,46.6,36.5,35.5,34.2,33.25,31.5,29.2,30.0,34.25,35.8,34.0
416,mobile price 50,0.0,8.75,7.2,17.25,0.0,0.0,19.25,0.0,28.8,25.75,0.0,25.0,54.0
417,cheapest keyp,0.0,23.25,16.2,21.25,30.75,14.6,0.0,49.75,33.2,41.75,31.25,18.4,50.0
418,gimbal f,82.0,77.5,70.8,65.75,55.0,72.6,66.25,61.5,69.4,69.0,67.75,67.4,60.5
419,gimbal for phone u,0.0,0.0,26.6,0.0,0.0,9.0,0.0,10.0,8.8,0.0,25.0,0.0,0.0
420,best phone un,78.0,80.0,63.2,39.75,36.0,44.8,45.0,42.75,42.6,69.0,69.25,71.4,49.0
421,best gami,57.0,72.75,60.2,44.5,44.5,50.6,55.0,71.75,64.4,75.25,93.5,89.8,95.0
422,button phone u,36.0,18.75,9.2,9.0,0.0,29.2,0.0,7.5,4.8,7.0,25.25,0.0,0.0
423,kechao,66.0,72.25,64.4,58.75,58.25,66.8,63.75,57.0,66.2,76.25,69.75,76.0,56.0
424,smart phone un,42.0,56.25,63.4,48.0,47.25,59.6,53.0,56.25,58.2,52.75,75.0,75.6,78.5
425,phone u,54.0,67.75,67.4,44.25,58.5,51.4,57.0,54.5,52.8,62.5,68.75,65.6,71.0
426,mobile phone u,96.0,71.75,74.8,56.5,48.5,58.0,34.0,42.5,46.6,41.0,62.75,57.8,56.5
427,mobile watch u,50.0,15.5,35.6,18.75,11.25,22.2,28.5,22.75,15.8,33.0,13.25,35.6,7.5
428,mobile un,72.0,85.75,86.8,64.75,65.25,62.6,78.0,62.5,74.2,73.75,84.5,88.6,79.5
429,4g mobile u,0.0,6.5,30.0,9.25,19.0,10.6,19.75,0.0,11.2,34.0,11.0,31.6,0.0
430,second han,86.0,90.5,80.8,77.75,76.25,81.8,83.0,83.75,79.6,82.5,94.0,89.6,76.0
431,keypad mobile un,33.0,56.25,59.0,41.0,41.25,31.4,51.5,45.5,42.8,50.25,47.0,62.8,60.5
432,ji,70.0,72.0,69.8,61.25,61.5,64.0,58.75,59.0,58.0,56.25,62.25,77.4,72.0
433,mobile und,71.0,80.5,77.4,59.75,62.25,63.0,63.25,65.5,71.6,79.75,88.0,94.8,98.5
434,mobile watch 4g u,35.0,11.5,30.8,8.0,13.25,24.4,0.0,32.25,12.8,7.0,0.0,13.0,15.5
435,mobile phone un,63.0,77.5,72.8,51.75,47.5,54.4,59.5,69.5,67.6,73.5,69.5,78.8,83.5
436,mobiles u,32.0,41.75,13.2,14.5,17.75,8.8,17.75,10.0,5.0,25.25,25.5,28.0,34.0
437,nokia keypa,91.0,95.25,87.8,68.5,62.75,60.8,62.5,60.5,60.8,68.0,78.25,83.8,80.0
438,cashify: (India,37.0,56.5,47.6,36.0,41.25,50.0,57.0,62.5,60.8,67.25,74.25,80.0,95.0
439,top 10 smart watch u,0.0,11.25,7.0,9.0,11.25,17.0,4.5,14.75,30.0,4.25,11.0,13.0,0.0
440,mini printer u,26.0,0.0,22.8,10.5,6.75,29.8,26.75,27.75,7.0,15.0,42.75,31.6,52.0
441,i,44.0,72.25,52.6,42.0,42.5,44.8,40.75,42.0,36.4,38.5,41.75,38.6,37.5
442,vip mobil,58.0,71.5,62.8,64.25,59.0,70.6,65.75,70.75,59.8,61.75,84.25,75.6,91.0
443,lav,53.0,58.0,51.8,51.0,51.0,46.8,46.75,57.25,54.2,81.0,91.5,82.4,76.5
444,mini keypa,74.0,56.75,48.4,35.75,53.5,71.6,35.25,56.0,65.6,65.0,71.75,41.2,84.0
445,small keypa,43.0,51.75,25.2,36.0,42.25,33.2,43.5,34.75,55.8,51.5,55.25,49.4,65.0
446,best mobile und,73.0,84.75,73.6,57.5,63.5,69.0,69.25,75.0,73.0,78.5,86.75,88.8,86.0
447,footba,70.0,61.25,54.8,72.75,91.5,74.8,69.5,69.0,60.6,59.5,59.25,71.2,80.5
448,shoes: (Ind,64.0,77.0,80.6,91.5,91.0,96.4,82.25,73.5,74.0,69.5,68.75,63.8,68.0
449,football shoes u,0.0,32.0,24.8,44.75,71.5,71.4,65.0,47.25,69.2,57.25,53.5,70.2,76.0
450,football boots u,0.0,28.5,17.0,18.75,33.0,36.2,30.5,26.5,12.0,15.0,33.75,63.2,23.5
451,best ,16.0,17.75,21.4,53.5,70.0,31.4,32.0,31.0,22.8,21.5,26.0,20.4,23.0
452,best football u,35.0,33.25,33.2,46.25,68.25,73.0,34.25,29.25,21.8,18.75,46.5,42.0,22.0
453,football price u,24.0,0.0,20.4,39.5,30.25,42.8,35.5,47.5,42.4,26.75,41.25,46.8,20.5
454,nivia ,53.0,47.0,40.6,54.0,81.0,70.0,67.0,69.25,59.2,55.5,52.75,56.0,64.5
455,studs: (Ind,79.0,78.25,84.2,88.25,92.5,89.8,88.5,85.75,85.6,85.25,85.0,91.4,98.0
456,studs ,69.0,57.75,50.2,66.0,87.0,74.6,71.75,67.0,69.8,64.75,60.5,76.2,99.0
457,football studs u,0.0,5.0,12.6,6.25,15.75,8.0,27.25,4.5,29.4,19.5,21.0,21.8,13.5
458,nivia footba,70.0,58.75,48.6,68.25,84.5,76.0,77.75,78.5,54.6,59.25,63.25,72.4,94.5
459,best footba,55.0,45.5,40.4,56.75,88.25,74.8,66.0,71.25,53.2,44.0,49.0,67.0,59.5
460,best football shoes u,0.0,21.75,11.8,24.75,0.0,19.0,28.5,20.0,17.6,25.0,5.25,8.4,0.0
461,adidas ,51.0,48.5,41.4,58.25,85.0,66.2,59.0,56.5,44.0,45.5,47.5,54.2,65.0
462,football sh,68.0,61.5,48.2,64.25,90.75,74.6,72.25,74.75,54.2,58.0,59.25,69.0,82.0
463,sega footba,74.0,43.75,51.8,71.0,63.25,61.2,61.75,52.25,57.8,45.0,72.0,79.6,90.0
464,football u,39.0,25.75,20.2,19.5,28.25,46.2,39.75,32.25,26.2,30.5,32.0,32.4,29.0
465,footbal,40.0,37.75,37.4,73.0,73.5,42.4,38.0,40.75,36.4,37.25,52.75,55.8,54.5
466,sega football shoes u,0.0,22.25,7.4,33.0,9.5,40.8,7.0,7.25,21.0,13.5,0.0,6.4,37.5
467,footb,6.0,6.0,6.2,12.75,44.0,10.2,8.75,8.25,7.2,5.25,5.75,8.2,8.5
468,boot: (In,35.0,38.0,33.2,39.25,58.75,38.6,38.5,35.75,33.4,31.25,33.5,35.8,35.0
469,adidas footba,69.0,60.25,46.2,62.0,84.25,75.2,69.75,59.25,48.6,54.0,52.25,59.6,78.0
470,goalkeeper gloves u,0.0,0.0,29.8,8.5,54.75,13.4,0.0,0.0,19.4,13.0,0.0,30.0,18.5
471,d,49.0,47.75,49.2,60.0,72.5,59.2,39.5,40.75,50.6,65.25,89.0,85.8,80.0
472,football boots un,100.0,38.25,26.2,24.25,47.5,36.0,46.0,52.75,20.2,31.25,27.75,46.0,76.5
473,vector x footba,14.0,30.75,21.6,32.75,34.0,34.2,36.75,58.0,36.8,63.25,50.25,49.2,15.5
474,football shoes,63.0,55.5,64.8,75.75,88.75,79.0,71.5,65.5,55.2,62.5,47.0,58.8,82.5
475,football shoes un,47.0,20.25,20.6,42.25,55.75,49.4,48.75,36.0,36.4,32.25,29.75,62.4,59.5
476,football boots,59.0,47.25,47.2,58.75,88.0,59.2,65.75,38.5,53.2,33.75,44.75,67.4,87.0
477,saree f,67.0,70.25,79.8,82.0,73.75,93.2,81.5,78.0,86.2,77.5,73.75,71.6,95.5
478,sarees u,47.0,59.0,52.0,46.25,46.75,47.8,53.5,41.75,42.0,37.0,29.5,49.2,22.5
479,si,75.0,83.0,87.2,75.0,66.5,76.2,69.75,64.5,67.2,61.0,53.75,55.4,64.5
480,silk saree u,29.0,17.75,42.8,7.25,30.25,22.6,20.25,0.0,14.8,23.0,17.0,35.2,18.5
481,black saree u,0.0,9.75,21.8,5.75,33.75,45.4,6.5,13.25,39.4,9.75,25.75,7.4,0.0
482,party we,51.0,58.75,66.4,80.0,66.0,84.0,78.25,65.25,76.4,64.0,53.25,43.2,52.0
483,cotton saree u,30.0,5.5,16.0,10.5,7.25,35.2,6.75,14.5,4.8,4.75,7.75,20.4,40.5
484,myntra saree u,0.0,39.75,9.0,6.5,25.75,15.4,34.75,32.75,31.6,39.0,26.0,37.2,27.0
485,sare,89.0,92.5,81.6,67.0,63.25,70.2,66.25,60.75,62.6,53.75,51.0,57.4,79.0
486,yell,64.0,66.25,65.8,63.25,58.5,80.0,65.0,61.25,63.4,54.25,49.5,46.4,50.5
487,chiff,92.0,90.75,85.4,68.5,59.0,70.8,70.0,73.75,75.0,72.0,68.5,78.4,83.0
488,saree u,52.0,57.5,70.4,49.0,42.75,70.6,44.25,46.75,52.0,41.5,36.75,48.0,52.0
489,chiffon saree u,0.0,28.0,14.0,25.25,11.5,6.4,10.5,27.0,40.4,14.75,15.5,19.2,0.0
490,saree un,25.0,60.75,48.4,45.5,42.75,69.8,59.25,47.25,66.6,55.75,40.5,35.8,66.5
491,organ,73.0,74.0,81.4,70.5,68.0,89.6,85.75,79.75,81.0,72.75,62.75,56.0,63.5
492,farewell saree u,0.0,0.0,11.0,13.25,22.0,49.2,9.5,31.0,9.4,24.75,0.0,7.6,0.0
493,saree for,46.0,48.5,60.4,88.75,67.5,84.2,82.75,71.25,85.6,72.25,56.0,45.8,51.5
494,farewe,12.0,11.0,8.4,17.75,27.25,75.0,51.0,27.75,28.8,22.25,15.5,13.0,16.0
495,saree o,74.0,85.25,65.8,64.25,37.0,71.0,76.75,55.5,56.6,61.0,50.25,58.8,41.0
496,saree for ,13.0,12.0,9.2,18.75,27.5,76.0,52.5,27.25,30.2,24.0,16.5,12.8,15.0
497,meesho saree pa,57.0,59.0,66.2,65.5,59.5,60.6,81.0,59.75,56.0,46.5,44.0,41.6,51.5
498,ready to wear saree u,36.0,0.0,0.0,33.0,10.25,8.4,13.5,0.0,23.2,32.25,0.0,0.0,51.5
499,ready to we,54.0,57.0,73.8,79.5,62.25,89.6,75.25,58.75,67.4,63.75,59.0,63.6,90.0
500,sat,56.0,53.25,57.0,62.25,61.0,84.8,69.0,57.5,65.4,49.75,43.0,44.0,51.0
501,saree for farewe,24.0,10.75,7.0,20.25,30.0,74.0,45.25,23.75,24.6,22.75,17.0,15.0,15.5
502,saree on amazon u,0.0,7.5,5.4,7.75,31.75,6.6,25.0,0.0,0.0,28.0,6.25,0.0,56.5
503,bag u,41.0,45.5,39.2,41.25,45.5,40.8,27.75,57.0,56.4,54.75,65.25,73.6,56.0
504,sch,45.0,45.0,38.8,40.5,33.5,33.4,41.75,65.0,56.0,72.25,86.25,52.0,43.5
505,sl,78.0,83.25,74.8,77.5,83.75,84.0,77.25,73.75,79.6,83.75,92.0,84.6,93.5
506,bags f,71.0,73.5,64.4,71.0,72.0,76.0,73.5,71.75,76.0,82.25,90.75,90.2,97.5
507,coll,81.0,79.75,62.0,58.75,47.75,45.8,45.75,44.0,46.4,66.25,94.75,92.8,86.5
508,bags,85.0,89.75,78.4,78.0,76.75,76.6,72.25,74.5,73.6,75.0,88.25,94.6,96.5
509,bts bags u,0.0,35.0,0.0,8.0,15.0,0.0,21.0,0.0,19.8,0.0,17.5,5.0,42.5
510,lap,84.0,84.75,76.4,70.5,72.5,78.8,74.5,73.0,72.6,74.25,91.5,93.0,93.5
511,skybags u,0.0,0.0,20.0,18.25,40.5,17.8,11.75,7.5,21.4,22.75,45.0,22.6,13.5
512,lavie bags u,0.0,36.75,19.2,26.25,15.0,9.8,12.5,0.0,13.0,10.0,17.25,6.0,0.0
513,school bags f,22.0,38.75,31.0,25.25,24.5,31.4,32.5,62.75,47.0,64.75,74.75,41.0,29.5
514,wildcr,51.0,64.5,54.2,53.75,51.0,52.0,45.0,58.0,57.4,79.25,78.0,69.8,64.5
515,z,40.0,48.75,55.4,45.5,56.25,59.0,64.25,69.25,65.4,70.0,78.5,80.6,96.0
516,handbags f,79.0,73.0,62.8,66.0,76.75,75.6,73.75,74.5,76.0,85.0,91.25,89.0,97.0
517,tote bags f,57.0,55.25,45.8,48.75,50.25,60.2,62.5,60.5,58.4,64.0,78.75,79.6,89.0
518,smart off,44.0,8.5,12.4,7.5,6.25,7.4,9.5,33.5,31.0,26.0,30.0,27.4,17.5
519,tra,76.0,86.25,90.4,84.25,88.0,86.8,84.25,77.75,86.0,88.0,93.5,95.6,86.0
520,mini photo,34.0,23.75,28.8,49.75,40.5,40.4,61.0,34.25,33.8,20.5,33.5,25.0,42.0
521,mini photo printer u,24.0,0.0,5.6,60.25,0.0,31.0,13.5,9.0,10.0,29.5,0.0,0.0,14.0
522,mini print,11.0,28.0,20.4,30.25,28.0,23.0,33.0,31.25,27.4,26.75,62.0,41.2,45.0
523,mini printer,0.0,67.0,19.8,24.75,22.75,36.6,39.5,42.25,17.6,29.0,48.5,54.0,44.5
524,hotel in v,29.0,33.25,38.2,38.0,46.5,38.4,50.5,58.25,62.2,52.75,67.25,44.6,76.5
525,hotels in v,13.0,22.25,30.0,31.75,38.75,30.2,45.25,45.0,49.4,43.5,55.25,34.2,54.0
526,mathura to vrindavan ,49.0,46.5,50.6,52.25,52.75,48.4,64.0,86.0,71.2,72.25,91.0,66.8,77.5
527,monster truck 4x4 remote,0.0,17.0,20.0,7.75,21.0,10.0,21.0,8.0,27.8,28.5,8.0,29.0,9.0
528,posca marke,33.0,42.5,57.0,54.5,53.0,54.8,45.0,39.75,37.8,34.0,37.0,21.4,25.5
529,ohuhu,72.0,48.5,40.6,63.0,59.25,71.2,71.75,70.25,54.4,55.75,77.5,59.0,60.0
530,posca markers u,83.0,12.75,29.0,26.0,19.0,19.2,39.0,57.25,43.8,17.5,25.75,18.8,20.5
531,posca markers price ,56.0,35.75,41.8,23.5,56.5,20.8,36.25,13.5,18.0,9.25,20.75,31.8,11.0
532,alcohol markers u,0.0,32.5,33.6,26.25,0.0,35.4,9.0,30.0,8.8,10.25,7.75,14.0,41.5
533,black pants,70.0,63.5,72.4,71.0,73.0,75.4,79.0,70.5,88.0,80.75,81.75,75.6,86.5
534,cargo pants for m,36.0,37.5,40.0,38.5,46.0,40.4,44.5,51.25,58.4,70.0,56.0,63.8,65.5
535,cargo bla,43.0,43.75,43.8,45.75,44.5,53.2,61.25,62.5,71.8,77.25,76.0,82.8,98.5
536,shirt: (Ind,77.0,86.75,81.6,74.0,70.0,72.2,85.25,87.75,92.6,88.25,92.75,81.6,90.0
537,shirt,66.0,71.25,70.2,60.25,55.75,61.4,77.5,76.75,91.0,77.25,82.75,72.0,82.5
538,jeans car,35.0,38.25,29.0,33.5,36.5,46.0,55.5,62.75,74.2,75.75,89.25,76.2,95.5
539,jeans pants,46.0,65.25,74.4,55.25,72.0,84.8,77.75,72.25,78.6,70.5,84.5,70.4,86.0
540,jeans: (Ind,78.0,85.5,90.4,84.25,84.0,88.0,85.75,83.25,87.8,80.75,83.5,75.2,75.5
541,cargo pa,66.0,58.5,56.0,53.75,50.25,63.6,64.0,70.0,75.4,74.0,79.0,87.8,94.5
542,baggy car,33.0,27.0,24.6,21.25,30.25,42.0,48.25,50.5,75.0,62.25,81.75,75.8,94.0
543,baggy p,32.0,27.0,24.2,22.75,34.5,39.4,48.25,60.75,78.4,74.5,79.75,79.0,91.0
544,baggy pants,23.0,23.75,22.2,14.25,23.75,34.2,33.25,47.0,59.8,67.75,71.25,61.6,84.0
545,best cargo pants,34.0,47.5,33.6,37.25,31.25,47.6,35.0,56.0,47.4,48.5,81.5,68.4,81.5
546,joggers car,44.0,45.75,47.4,42.5,48.5,47.4,65.75,65.0,68.4,78.25,90.0,84.0,90.0
547,joggers,65.0,64.0,71.8,69.75,70.25,73.8,91.75,84.0,88.8,74.25,85.75,65.6,44.5
548,best car,69.0,44.75,43.0,36.25,45.0,52.4,56.5,56.75,61.6,58.5,86.0,83.0,71.5
549,joggers pants,36.0,38.5,47.0,57.0,44.25,45.0,63.25,64.25,71.6,61.5,77.25,66.2,75.5
550,joggers: (India,80.0,78.75,82.2,83.5,84.0,83.8,89.0,91.0,91.2,84.0,92.25,87.8,87.0
551,cargo,44.0,47.0,53.6,50.0,53.5,60.2,69.5,73.5,73.6,69.75,86.25,79.6,74.5
552,cargo joggers,46.0,39.75,59.8,52.5,52.25,66.0,84.75,72.25,74.8,78.75,88.25,58.4,34.0
553,t shirt: (India,79.0,87.5,71.0,64.5,62.0,60.4,78.5,89.75,92.2,91.5,97.75,89.4,86.0
554,fugazee: (India,16.0,24.75,66.4,83.75,71.0,65.2,45.75,59.75,53.2,53.25,73.5,62.6,59.5
555,bonker,61.0,63.0,68.2,60.5,66.75,55.0,78.25,93.0,88.4,78.0,78.75,74.0,73.5
556,loose fit jeans,27.0,44.75,41.4,30.75,28.25,30.8,30.75,37.5,47.6,50.5,43.25,45.2,53.0
557,baggy cargo pants f,0.0,27.75,16.8,17.25,19.5,23.6,12.75,21.75,39.8,32.0,57.25,70.6,56.0
558,the soul,56.0,61.25,63.4,72.75,58.75,56.0,64.0,74.75,78.6,84.25,89.25,90.8,89.5
559,best cargo pants brand ,27.0,10.0,15.0,20.5,14.25,5.6,31.75,16.5,0.0,8.25,0.0,20.0,0.0
560,chelsea b,47.0,57.0,58.8,73.75,84.75,87.0,61.25,44.25,47.0,39.75,39.25,33.8,37.5
561,offduty: (India,38.0,45.0,47.2,50.75,48.25,83.0,64.25,58.0,65.2,63.75,71.5,79.6,73.5
562,snitch: (Indi,12.0,12.25,13.8,13.25,14.0,48.0,54.75,36.25,34.8,31.75,32.75,34.2,40.5
563,snitch car,0.0,0.0,16.6,13.75,36.5,37.6,40.0,47.0,31.0,37.25,50.75,64.0,65.0
564,soul,65.0,70.0,72.8,82.75,74.5,69.2,75.5,86.25,86.4,88.5,95.5,98.2,96.0
565,varsit,19.0,25.5,55.0,93.25,82.75,53.0,21.0,12.75,9.6,8.75,9.0,10.4,11.5
566,parachu,9.0,8.5,9.0,13.25,11.25,17.0,28.75,47.5,57.4,60.75,79.25,73.2,91.0
567,fugazee car,0.0,14.75,28.4,19.0,29.5,29.4,8.25,55.75,44.8,30.75,36.0,19.8,28.5
568,zudio: (Ind,35.0,32.5,37.8,31.5,49.75,53.4,41.25,47.5,50.4,52.25,78.5,72.8,97.5
569,relaxed fit cargo pants,0.0,41.0,24.0,26.0,0.0,11.4,12.0,27.75,9.0,17.25,34.5,25.8,16.0
570,bell bottom jeans,49.0,46.75,57.0,53.5,57.5,62.6,83.75,68.0,82.2,67.25,79.75,68.6,68.0
571,royal enfield car,0.0,0.0,22.6,29.0,0.0,7.2,18.25,10.5,6.6,4.5,6.0,34.8,0.0
572,relaxed fit car,0.0,5.5,22.2,6.75,0.0,34.0,17.0,34.0,46.0,55.0,47.75,38.8,34.0
573,shoes,62.0,72.75,77.0,88.0,92.75,95.2,81.5,65.75,73.4,67.5,69.25,64.6,69.0
574,ni,71.0,81.5,83.0,91.25,95.75,97.2,87.5,74.25,74.6,68.75,71.25,57.6,64.0
575,nike: (In,67.0,79.25,76.8,86.5,93.25,90.6,80.5,75.5,72.6,73.75,78.5,71.0,70.5
576,pu,62.0,75.5,73.8,78.75,91.0,84.8,72.25,65.25,67.8,69.25,65.25,59.0,63.5
577,wom,54.0,65.0,63.0,86.5,89.0,82.4,64.25,62.75,62.8,61.5,70.25,64.0,65.5
578,puma: (In,61.0,78.25,69.8,84.25,92.0,79.4,66.25,63.75,65.8,72.25,73.0,69.8,70.5
579,adid,64.0,71.5,72.8,80.75,89.5,95.2,76.25,67.0,66.0,67.0,67.75,64.8,67.5
580,adidas: (Indi,60.0,65.75,67.4,77.5,84.25,77.6,66.0,63.25,60.2,70.5,70.5,66.4,66.0
581,shoes f,63.0,70.5,71.6,87.25,91.75,85.8,73.25,72.75,72.2,70.25,78.5,75.2,77.5
582,spor,69.0,74.0,77.6,90.5,95.75,93.8,75.75,64.75,71.4,66.25,66.75,58.8,63.0
583,runni,71.0,82.5,76.4,91.0,92.75,92.0,77.5,69.25,65.2,65.5,67.5,63.2,69.0
584,jordan: (Indi,64.0,68.75,72.2,93.0,86.0,82.2,79.5,71.5,69.0,88.75,69.75,61.0,61.0
585,jord,72.0,80.75,81.8,94.0,97.0,96.8,90.5,74.75,70.2,68.0,64.25,53.4,60.0
586,camp,47.0,59.75,76.2,86.25,91.25,88.4,74.5,59.0,61.6,56.5,56.5,46.0,47.0
587,campus: (Indi,82.0,87.75,82.2,81.75,72.25,73.6,71.75,66.5,70.0,80.25,90.75,94.0,96.0
588,form,61.0,67.25,73.0,85.75,73.75,86.4,85.25,64.5,70.8,63.75,64.75,60.2,64.5
589,sneake,70.0,83.0,80.0,86.25,91.25,93.8,86.75,81.0,79.4,76.25,76.25,69.6,73.0
590,skeche,57.0,64.75,66.6,72.25,87.5,85.8,69.5,67.25,75.2,68.25,69.0,60.2,64.5
591,casual blue color high heel den,0.0,0.25,0.0,0.0,0.0,0.0,0.0,0.0,23.0,59.75,1.25,1.0,0.5
592,bersac,20.0,34.0,12.6,17.75,26.75,30.2,61.5,69.75,79.2,62.0,52.25,61.2,88.5
593,flathea,0.0,0.0,0.0,0.0,1.0,41.2,13.0,3.0,1.6,0.75,1.25,0.6,1.0
594,mc st,2.0,5.75,29.6,63.5,62.75,44.2,48.0,35.0,24.0,13.0,12.5,6.0,6.5
595,balma,36.0,60.25,72.4,59.5,79.5,84.2,56.75,48.5,42.4,33.0,28.5,26.4,28.0
596,zay,27.0,33.25,26.4,35.0,31.5,64.8,46.25,39.0,27.2,38.0,78.75,47.6,76.5
597,balmain sho,31.0,45.75,62.2,49.0,74.5,68.4,48.5,38.0,32.6,26.5,24.75,20.6,25.5
598,neha kakkar height in feet witho,17.0,80.25,56.8,54.25,65.0,52.2,50.0,35.5,57.2,33.25,60.75,28.2,34.5
599,neem,43.0,39.75,68.2,78.5,57.0,52.8,58.75,35.0,12.4,9.5,11.25,8.6,9.5
600,xxxtentaci,26.0,41.75,64.0,63.0,68.0,78.6,78.25,68.0,72.8,77.5,73.25,56.8,31.5
601,arbuno,65.0,59.75,44.4,52.25,70.75,42.2,39.5,41.25,36.8,54.25,35.0,26.2,22.5
602,colour changi,23.0,25.0,21.0,28.5,37.25,36.8,61.5,30.25,27.8,23.75,24.5,14.4,13.0
603,jordan shoes ,58.0,62.25,56.0,59.5,63.5,85.6,81.5,59.0,54.4,48.0,42.25,27.8,29.5
604,attitudi,37.0,35.5,51.4,75.5,62.25,79.4,63.75,47.0,45.4,29.0,31.5,32.0,32.5
605,liberty shoes sha,9.0,37.75,63.6,38.0,24.0,21.4,17.5,13.25,18.4,12.25,12.25,12.0,7.5
606,zud,55.0,53.5,50.2,47.0,64.5,69.2,56.25,50.0,62.0,60.5,86.25,81.0,79.5
607,lifesty,52.0,73.5,76.0,84.0,85.25,81.8,55.75,70.75,47.4,49.0,48.0,31.2,32.0
608,skati,34.0,33.25,31.4,35.75,33.0,35.6,38.25,46.75,67.4,73.25,85.75,68.2,57.0
609,bac,62.0,67.5,73.2,76.25,89.75,95.6,81.0,77.5,70.4,63.25,63.25,59.8,63.0
610,bacca buc,60.0,59.0,72.8,73.25,83.25,88.6,70.25,67.25,64.8,62.25,54.0,53.8,60.0
611,asian shoes,29.0,32.75,40.6,56.75,61.75,74.0,73.25,54.25,53.4,59.75,53.25,53.2,49.0
612,formal shoes f,69.0,55.75,52.8,69.75,65.0,60.4,56.5,57.0,47.6,40.25,69.75,75.2,88.5
613,new balan,62.0,68.25,72.4,78.0,82.25,93.2,81.75,80.0,79.6,80.5,76.75,77.2,81.0
614,vape price in india u,47.0,14.5,33.6,28.75,53.75,31.6,44.75,25.75,36.2,19.25,45.75,18.8,32.0
615,vape price ,58.0,53.5,72.6,79.75,75.25,67.4,57.25,45.25,42.6,42.25,38.25,40.0,33.0
616,ear b,65.0,79.25,59.2,50.0,40.0,44.6,47.75,55.75,55.0,71.0,70.75,82.8,83.5
617,ear bu,67.0,78.25,69.8,79.75,56.5,68.0,75.5,77.0,67.8,73.75,67.25,64.6,65.0
618,ear buds un,0.0,19.0,39.4,33.0,29.5,31.8,41.0,34.5,30.8,40.75,62.0,52.6,34.5
619,boat ,68.0,76.25,66.8,51.25,44.0,47.4,51.75,62.0,57.2,72.5,81.5,85.0,81.0
620,onep,38.0,47.5,41.4,36.75,38.0,47.0,79.75,58.0,46.4,44.25,57.5,71.4,51.5
621,oneplus ,28.0,57.0,54.0,45.75,61.0,51.4,68.0,74.0,58.2,66.25,66.25,64.4,59.0
622,oneplus: (India,65.0,86.75,85.0,63.75,69.0,75.4,76.0,73.5,82.8,80.5,88.0,91.2,87.0
623,ear ,39.0,68.5,57.6,41.0,45.0,34.8,51.75,62.25,41.0,51.75,59.75,60.6,53.0
624,no,65.0,79.25,64.4,56.0,55.25,60.0,76.0,61.5,43.6,49.25,64.0,75.4,71.5
625,noise ,45.0,72.0,59.4,48.75,50.75,48.2,54.75,57.25,36.8,38.5,54.5,65.0,56.5
626,nothing: (India,67.0,65.75,53.6,45.5,47.5,54.6,52.0,60.5,46.2,49.75,55.5,74.0,52.5
627,nothing ,22.0,43.75,40.2,43.0,43.0,42.6,35.25,65.0,42.4,34.25,37.75,41.4,55.0
628,noth,40.0,51.0,40.4,45.5,44.5,43.2,45.25,62.0,41.4,42.25,45.75,54.2,51.0
629,not,22.0,24.25,40.4,29.25,22.0,22.0,18.5,50.75,18.4,16.5,17.75,21.0,17.5
630,realme ,55.0,77.5,57.8,56.25,54.75,44.2,42.25,53.75,52.6,62.25,46.25,56.0,83.0
631,rea,68.0,79.75,58.2,51.0,51.25,52.6,49.75,50.0,46.2,47.0,55.25,73.0,55.0
632,sams,50.0,77.25,60.2,50.5,49.5,54.8,66.5,54.5,49.0,50.25,63.75,65.4,62.0
633,samsung ,35.0,68.25,64.4,38.25,51.25,35.2,48.75,51.0,49.6,46.5,62.75,50.0,82.0
634,wireless ,60.0,68.5,53.6,55.25,50.0,41.8,50.5,56.5,57.6,77.25,76.25,57.0,63.0
635,bluetooth ,57.0,67.75,70.2,33.0,59.0,40.4,64.75,54.5,44.6,52.5,73.0,43.8,69.5
636,ear bud,39.0,68.0,61.0,53.5,58.5,58.6,60.25,49.75,29.0,45.25,47.5,66.8,41.5
637,realme techlife b,95.0,90.0,49.6,60.75,56.75,60.6,61.5,74.0,67.2,63.75,63.0,59.8,62.0
638,realme bud,9.0,74.0,39.2,23.75,27.0,27.4,23.5,18.75,16.2,19.0,19.0,19.0,18.5
639,boat nir,0.0,0.0,0.0,0.0,0.0,0.0,0.25,33.25,63.4,46.75,40.0,22.0,13.5
640,ear buds for noise r,34.0,24.25,13.0,37.25,21.25,30.6,13.5,31.25,18.0,0.0,0.0,8.2,21.0
641,nothing ear 2 vs oneplus bu,37.0,11.5,4.4,5.75,30.75,8.4,7.25,40.5,47.6,12.75,23.75,6.0,25.0
642,nothing e,1.0,7.5,32.8,13.75,10.0,7.6,4.5,4.25,1.8,1.5,2.0,3.2,2.0
643,realme buds a,39.0,64.25,34.6,28.0,30.75,33.4,31.75,24.0,23.6,24.5,26.25,25.0,20.0
644,oppo enc,44.0,57.0,44.0,49.75,61.25,61.6,52.5,58.5,57.8,63.0,67.25,83.8,87.0
645,oneplus nor,10.0,14.25,10.4,7.0,10.0,11.6,14.5,18.5,64.6,62.5,77.75,84.0,75.0
646,oneplus bu,1.0,4.25,5.6,5.75,6.5,24.8,69.25,31.75,16.2,19.0,31.0,23.2,20.0
647,oppo,51.0,52.0,36.2,36.0,59.5,48.8,39.25,34.75,49.0,37.25,38.25,28.6,23.0
648,jbl tu,69.0,70.0,71.6,47.0,57.25,50.6,63.0,54.5,52.4,58.75,54.75,76.2,86.5
649,one plus n,41.0,70.0,59.2,51.25,55.25,51.0,54.5,50.5,55.8,47.5,55.5,78.2,59.0
650,oneplus n,16.0,22.0,18.2,15.75,17.0,17.2,19.25,19.5,28.2,24.25,33.25,53.4,28.5
651,oppo en,44.0,70.25,54.2,53.0,67.75,76.2,62.0,64.75,60.6,59.25,71.0,79.6,68.5
652,nothing ea,10.0,8.25,15.0,13.75,17.5,15.2,14.5,51.0,35.0,26.75,46.5,36.4,30.5
653,oppo enco a,42.0,56.5,42.4,41.75,58.0,72.0,50.75,63.0,51.2,54.25,67.5,80.0,67.5
654,gifts under 500 for secr,0.0,0.0,0.0,2.0,51.0,5.0,0.0,0.0,0.0,0.0,2.25,1.8,9.5
655,va,56.0,48.0,65.0,70.25,78.5,87.8,68.5,57.75,49.4,54.5,49.75,53.4,49.5
656,smoke: (Ind,78.0,79.0,84.0,84.75,86.0,87.0,92.0,85.25,69.0,67.25,76.5,71.8,67.0
657,vape,56.0,30.0,36.6,47.25,31.25,40.0,39.25,62.5,43.6,31.25,22.25,25.0,21.5
658,vape ,75.0,63.0,83.4,91.75,89.5,83.4,71.25,59.25,50.8,49.5,47.0,51.0,47.0
659,yuoto: (Ind,100.0,83.75,84.2,79.5,77.75,79.0,61.0,55.75,42.6,38.25,36.25,32.2,25.5
660,v,66.0,69.5,76.8,82.0,76.5,89.0,70.75,57.5,47.6,45.0,38.75,40.8,46.0
661,vap,59.0,62.75,74.6,87.5,94.0,82.6,64.75,49.5,38.2,42.0,39.5,36.8,34.0
662,hookah: (Indi,64.0,66.75,65.8,70.25,81.25,75.6,63.25,56.25,51.6,53.0,54.75,52.8,52.5
663,hoo,60.0,62.5,75.4,87.0,93.5,83.4,66.25,51.75,39.8,39.25,38.5,38.6,32.5
664,iget: (In,70.0,75.0,80.4,77.75,86.25,90.8,77.0,69.0,58.8,56.75,52.75,61.8,69.5
665,vape c,70.0,55.5,62.4,69.75,71.5,87.0,68.75,54.5,45.0,48.5,45.25,49.6,46.5
666,c,78.0,75.75,74.8,77.0,83.25,83.4,78.0,75.25,64.8,68.0,71.25,71.6,71.0
667,what,35.0,27.25,31.4,35.75,42.0,38.2,37.25,67.0,35.8,26.75,24.75,25.6,26.0
668,elf ,20.0,35.25,52.2,75.75,72.0,74.0,65.0,75.75,45.4,39.0,39.0,34.0,40.0
669,elf bar: (India,36.0,44.25,57.8,87.25,87.25,84.2,81.25,81.5,59.6,58.5,64.0,55.8,50.0
670,thanos: (Indi,15.0,12.25,13.0,11.75,11.75,10.2,9.75,10.0,9.2,35.25,51.75,19.8,19.5
671,p65,8.0,2.25,0.0,0.0,6.0,51.4,18.0,5.25,5.2,0.0,7.75,12.6,5.5
672,iget pro va,0.0,8.75,24.4,17.75,15.25,31.8,23.25,47.0,31.0,19.5,23.75,27.2,31.0
673,kin,0.0,10.25,0.0,20.0,12.5,26.0,31.0,19.5,7.4,12.0,12.25,34.6,0.0
674,chil,21.0,10.25,47.4,14.0,31.5,15.4,7.25,25.25,10.0,8.5,13.75,0.0,0.0
675,the vape sto,0.0,0.0,0.0,0.0,0.0,6.8,31.5,49.0,10.6,6.5,11.0,38.0,38.0
676,iget ,0.0,8.0,25.4,20.0,29.5,67.0,47.0,44.25,37.8,32.0,22.0,28.4,48.5
677,elfba,0.0,2.75,3.2,16.25,71.25,85.8,70.5,47.5,41.4,37.0,32.75,28.4,16.5
678,elfbar: (Indi,13.0,13.75,26.6,40.75,76.75,92.2,81.5,74.25,61.2,60.0,63.25,53.6,54.0
679,wape,0.0,0.0,5.6,30.75,40.25,28.0,36.25,21.25,6.4,17.5,21.25,18.8,17.5
680,elf,9.0,11.5,16.8,22.75,61.25,69.2,53.75,50.0,52.8,41.0,58.0,50.0,70.5
681,elf ba,51.0,42.25,67.6,72.5,80.75,68.6,58.0,37.75,36.8,30.25,31.0,15.8,21.0
682,elf bar va,0.0,38.25,38.0,53.75,51.25,43.2,36.75,41.0,31.8,40.75,44.0,45.2,39.0
683,lost m,0.0,7.0,3.4,28.25,27.0,49.4,24.75,22.75,21.4,11.25,32.25,7.6,29.5
684,thanos va,0.0,30.75,27.6,39.25,42.25,64.6,33.5,55.5,37.2,29.75,27.25,44.6,37.0
685,ra,30.0,21.0,23.6,20.75,71.25,40.0,39.25,23.75,21.8,23.25,21.25,17.8,21.5
686,vape 5000 puf,29.0,38.5,22.2,11.0,56.0,21.8,48.75,36.5,13.6,8.75,27.25,9.0,0.0
687,vape 50,33.0,24.0,36.4,37.5,43.0,85.8,45.5,46.75,35.0,25.75,36.0,32.8,55.5
688,iget leg,0.0,61.75,48.6,42.25,40.25,36.8,29.5,32.5,41.2,30.0,35.5,24.2,14.5
689,ige,68.0,66.5,80.2,69.5,80.0,69.0,71.0,54.25,52.6,38.25,53.0,33.2,26.5
690,kk vape: (India,24.0,33.25,26.4,43.75,75.5,34.0,46.75,48.5,17.8,13.75,9.5,21.8,27.0
691,vape price u,15.0,22.0,32.6,40.25,51.0,67.2,51.75,38.75,28.6,27.25,26.0,28.8,31.0
692,vape pen u,45.0,20.0,7.2,47.5,33.25,52.0,59.75,29.0,15.6,13.0,31.75,19.0,13.5
693,vape hookah u,49.0,20.0,11.4,48.75,39.0,26.0,54.5,24.75,28.6,19.75,22.75,8.0,17.5
694,vape hook,57.0,49.25,65.6,73.25,81.5,70.4,59.25,38.0,29.2,31.0,32.5,32.6,36.0
695,vape hookah price u,0.0,23.5,12.0,11.75,20.25,33.6,6.5,6.75,20.8,0.0,30.25,37.4,22.0
696,vape smoke u,0.0,23.0,21.8,15.25,27.5,16.4,14.75,30.0,18.8,4.0,14.0,27.2,24.0
697,vape smo,43.0,53.0,70.8,73.0,80.0,78.2,52.5,76.0,55.4,56.75,55.5,66.0,69.5
698,vape smoke price u,0.0,21.75,13.0,21.25,22.25,5.2,8.25,35.5,12.4,29.5,13.0,39.6,29.0
699,vape un,17.0,13.75,38.4,59.75,58.25,64.0,68.75,42.0,48.2,49.75,49.75,39.6,7.5
700,vape price under 500 ,0.0,0.0,15.8,7.0,32.0,0.0,0.0,0.0,7.6,22.5,13.0,42.8,0.0
701,vape pe,46.0,39.5,58.6,88.25,80.5,79.2,57.75,36.25,31.2,34.75,34.0,31.8,39.0
702,pe,67.0,68.5,66.6,89.0,93.25,84.6,60.5,49.0,42.6,46.75,40.0,40.0,35.0
703,vape u,0.0,0.0,22.8,18.0,10.0,19.0,19.75,7.5,17.2,11.0,12.5,10.0,15.0
704,vape s,56.0,43.25,58.0,70.5,90.75,56.6,56.25,43.5,43.0,52.5,43.25,40.8,41.0
705,e c,48.0,45.5,49.2,48.75,55.25,62.6,55.75,42.5,34.0,36.0,36.75,33.8,31.5
706,disposa,74.0,72.25,71.6,79.25,78.5,74.6,58.75,52.5,52.8,45.0,54.75,38.8,54.0
707,wape: (In,62.0,60.25,75.6,84.75,91.75,92.4,77.0,62.75,55.6,50.75,57.25,51.0,47.5
708,vap: (I,59.0,77.75,76.0,88.5,86.0,90.6,82.75,87.5,87.0,80.0,88.0,84.8,84.5
709,vape pri,41.0,26.75,32.6,33.0,24.5,60.0,31.0,44.75,36.4,47.75,28.75,21.2,38.5
710,al,84.0,85.25,86.6,89.25,85.25,90.6,83.0,81.5,80.0,90.25,89.0,93.0,92.0
711,vape shops,51.0,47.5,77.0,77.75,71.5,48.6,44.75,50.0,37.4,47.75,58.0,47.4,35.0
712,cargo jea,8.0,16.5,17.2,14.5,16.75,27.6,31.0,48.0,54.2,60.25,72.25,71.4,99.0
713,jeans pants f,35.0,60.5,49.2,46.5,58.0,55.0,46.75,68.25,74.2,77.0,86.25,77.2,97.5
714,cargo p,44.0,44.5,49.8,42.25,46.0,55.2,57.5,65.75,76.6,71.5,86.25,83.2,95.5
715,cargo pants for wom,13.0,27.0,22.2,21.0,18.75,21.0,24.75,31.5,44.0,68.0,80.0,62.0,47.0
716,black car,42.0,43.5,43.4,45.0,44.0,52.6,61.0,62.0,70.8,76.75,75.25,82.0,98.0
717,black pants f,62.0,51.25,64.8,59.5,63.0,56.4,62.25,55.25,70.0,77.75,93.25,76.8,93.5
718,black cargo pan,16.0,33.0,23.6,23.25,33.0,30.6,40.0,43.5,38.4,66.0,78.5,65.6,84.0
719,shirt f,64.0,71.0,64.0,61.0,56.75,60.8,73.5,83.5,87.8,83.75,93.75,87.6,92.0
720,baggy pants f,36.0,25.75,16.0,20.25,28.0,23.6,23.25,44.0,54.4,45.75,77.75,66.0,76.0
721,baggy pan,43.0,30.5,39.4,31.75,29.75,38.0,51.25,64.0,69.2,63.25,84.75,73.4,78.5
722,white pants f,67.0,43.25,47.0,46.25,41.5,45.6,46.25,59.5,63.8,68.0,78.5,70.4,95.5
723,cargo trouse,44.0,34.75,7.2,30.25,23.0,26.6,34.0,56.5,55.8,69.0,64.25,64.8,96.5
724,high rise cargo pants f,0.0,18.0,18.8,0.0,8.0,18.6,0.0,13.75,26.0,12.25,18.5,9.0,26.0
725,parachute pan,0.0,2.5,5.6,16.0,3.0,4.8,5.25,26.5,43.4,55.0,74.25,75.4,73.5
726,parachute car,0.0,9.0,10.2,10.75,12.5,18.0,0.0,42.25,63.8,60.5,55.75,72.8,57.5
727,formal pants f,82.0,73.0,62.8,71.0,62.0,64.2,77.0,72.0,77.6,76.5,90.75,91.0,84.5
728,bell bott,64.0,69.75,78.0,75.75,74.25,78.6,80.25,78.25,91.0,79.75,83.5,64.2,68.5
729,boyfriend jeans f,46.0,60.0,57.8,45.25,65.0,61.6,47.75,67.25,59.0,64.25,71.25,64.8,56.5
730,h and m: (India,65.0,76.0,77.6,89.75,87.5,80.2,70.0,66.5,65.8,62.0,70.75,71.8,70.0
731,co ord s,22.0,15.25,15.0,18.25,23.75,32.8,31.75,37.75,39.8,52.0,93.0,89.0,88.5
732,oversized tshi,20.0,36.25,28.2,11.75,20.0,20.8,41.25,65.25,74.6,69.75,85.25,60.0,66.0
733,denim shorts f,35.0,55.75,41.6,39.25,34.5,37.4,50.0,68.75,75.8,64.75,92.75,78.8,79.0
734,tops to wear with car,0.0,7.25,7.4,25.0,32.75,8.4,7.0,21.5,13.8,17.5,22.75,12.2,39.5
735,baggy,34.0,38.0,54.6,48.5,52.25,50.2,51.75,59.25,46.6,49.25,52.25,36.2,35.0
736,co,49.0,59.0,57.0,60.75,61.5,70.6,71.5,69.5,73.8,79.25,84.0,87.6,96.5
737,summer dress f,6.0,9.25,8.2,6.0,13.0,18.8,41.5,56.75,80.4,62.5,54.25,23.2,16.0
738,converse shoes f,74.0,81.0,82.0,70.0,73.0,62.2,75.75,51.75,57.0,58.5,59.5,63.6,58.5
739,cotton cargo pants,0.0,15.0,20.2,24.0,21.75,22.6,31.75,55.75,56.0,37.5,61.75,35.6,77.5
740,bodyc,66.0,85.25,70.6,81.25,93.0,82.8,79.5,82.5,80.4,76.0,83.25,80.6,93.5
741,freaki,16.0,17.0,14.4,13.75,14.0,13.0,37.75,39.25,32.8,67.5,84.75,63.4,52.0
742,parachute pant,0.0,0.0,4.8,0.0,15.5,10.8,13.5,9.0,16.6,41.75,39.0,36.8,69.0
743,street sty,84.0,90.75,75.8,91.25,90.0,75.2,68.5,80.25,75.2,73.75,69.75,60.2,61.5
744,vape price in india un,0.0,0.0,33.4,25.5,8.25,37.8,34.75,47.0,51.4,34.5,20.25,4.8,50.0
745,vape hookah price un,0.0,8.75,13.4,47.75,21.0,27.6,30.75,33.75,5.4,31.75,4.5,16.8,16.5
746,men shoes u,39.0,54.5,57.4,61.25,65.5,78.0,61.5,54.25,57.8,54.75,61.25,56.0,81.0
747,shoes for men u,51.0,49.5,59.6,68.5,76.75,80.2,57.0,56.0,59.6,55.25,60.5,64.8,82.5
748,shoes for women u,49.0,41.0,37.4,50.25,52.75,46.8,33.75,33.5,42.4,38.25,48.0,53.8,50.5
749,sports shoes u,43.0,39.75,42.2,57.5,51.0,81.0,53.0,36.75,57.4,51.0,53.25,52.2,54.5
750,nike shoes u,0.0,39.0,65.0,60.5,51.5,67.0,47.75,62.75,57.2,48.0,54.75,28.6,15.0
751,white shoes u,17.0,36.75,38.4,23.0,37.75,41.4,10.75,23.75,49.6,42.0,31.25,29.4,32.5
752,running shoes u,74.0,48.0,39.4,65.25,52.25,48.2,47.5,53.25,23.2,46.0,29.0,42.0,47.5
753,skating shoes u,16.0,12.5,14.6,9.75,7.0,14.8,18.0,32.0,51.4,54.0,66.0,56.0,41.0
754,skating: (India,57.0,62.5,57.2,66.25,62.75,61.2,60.25,69.5,83.0,83.75,89.5,77.2,75.0
755,black shoes u,61.0,49.25,41.4,40.5,52.25,45.4,45.5,46.0,47.8,60.25,74.75,49.0,58.5
756,jordan shoes,0.0,49.25,60.6,37.75,19.75,62.0,64.25,59.0,23.0,26.25,19.5,29.8,0.0
757,skating shoes under 10,0.0,0.0,0.0,28.0,21.0,13.0,29.75,0.0,16.0,19.25,51.0,17.4,14.5
758,skating shoes f,15.0,5.75,4.0,30.75,21.75,12.8,6.75,42.25,25.4,43.75,28.0,51.6,47.5
759,skating shoes l,0.0,37.0,9.8,0.0,6.25,24.4,25.0,5.75,30.0,6.0,23.25,7.6,0.0
760,skating shoes und,0.0,42.5,35.4,18.0,14.5,21.2,0.0,0.0,8.4,20.0,0.0,15.2,0.0
761,skating shoes under 200 ,0.0,0.0,0.0,0.0,0.0,17.8,0.0,42.0,8.2,17.75,0.0,19.8,0.0
762,kabad,40.0,42.0,65.4,88.75,62.25,32.2,25.5,26.25,23.8,19.75,21.25,26.0,37.5
763,skating shoes,64.0,23.5,33.0,6.0,14.0,0.0,29.0,11.25,17.8,8.5,6.0,31.8,12.5
764,crocs for men u,0.0,32.5,0.0,9.5,16.75,13.2,21.0,18.75,21.2,41.75,56.75,60.0,38.0
765,skating sho,31.0,22.25,26.4,24.25,31.0,33.0,37.0,34.25,52.6,67.25,80.0,51.8,58.0
766,nike ai,52.0,58.75,63.6,82.5,92.5,93.2,83.75,72.25,62.2,73.25,70.75,53.4,58.0
767,skating shoes under 50,0.0,16.75,0.0,0.0,0.0,44.8,25.75,0.0,31.2,10.25,40.0,31.0,0.0
768,sneakers f,72.0,80.25,79.4,86.0,96.25,92.2,79.0,85.0,83.2,87.0,92.0,84.0,93.0
769,spik,73.0,82.25,74.0,86.25,87.25,80.6,63.0,52.75,49.6,55.75,63.25,61.8,64.0
770,chikankari kurt,59.0,52.75,49.0,31.75,23.0,28.6,41.5,57.0,71.0,66.75,90.0,76.8,70.0
771,chikankari sho,42.0,33.5,27.8,16.5,10.25,24.8,38.5,56.25,64.0,70.25,77.0,72.0,95.0
772,hook,68.0,68.0,70.0,80.5,88.0,87.8,69.0,57.5,49.8,52.5,51.25,52.2,49.5
773,vape p,57.0,41.75,64.8,82.0,67.25,60.2,63.5,29.5,36.6,37.75,29.75,39.4,21.5
774,yu,100.0,82.5,80.6,75.5,75.5,69.6,53.75,49.0,37.0,33.0,30.5,26.0,18.0
775,yuoto va,83.0,52.75,64.0,57.0,64.75,62.0,44.75,40.75,36.6,31.75,35.5,28.0,11.5
776,iget va,19.0,43.25,41.8,51.25,51.0,73.4,58.75,41.25,34.8,33.5,34.75,30.8,35.0
777,vape pric,52.0,33.5,48.8,63.75,50.0,50.6,48.75,24.75,33.8,25.75,38.0,36.4,48.0
778,ama,66.0,56.5,78.2,84.75,83.5,83.4,68.0,47.5,57.8,43.75,51.0,57.2,55.0
779,tha,26.0,39.5,57.0,63.5,78.0,86.4,63.75,51.5,48.6,41.75,43.0,40.4,32.0
780,iget p,0.0,7.25,5.8,9.5,12.0,42.2,36.75,40.25,24.6,20.25,26.0,52.2,22.0
781,elf bar bc50,0.0,4.0,26.2,31.75,74.25,37.8,42.75,35.25,41.6,44.5,46.5,23.8,13.0
782,torn,24.0,24.75,14.6,20.0,44.0,50.8,44.25,26.75,17.0,16.75,15.0,9.4,7.5
783,refilla,37.0,54.5,55.4,48.25,60.0,61.4,49.0,43.25,15.0,17.5,20.0,41.8,0.0
784,vape ringer smo,35.0,10.75,24.6,0.0,25.0,12.0,0.0,5.5,16.0,28.0,22.75,16.6,0.0
785,i get pro pr,0.0,0.0,0.0,25.0,18.5,18.0,0.0,15.5,0.0,0.0,0.0,0.0,0.0
786,wap smo,0.0,7.75,17.2,0.0,24.25,3.6,12.25,38.5,0.0,14.75,15.25,5.0,0.0
787,elf bar bc5000 price ,0.0,38.75,12.6,16.5,15.75,9.6,22.0,14.75,0.0,32.5,0.0,34.2,50.0
788,chillax va,0.0,16.75,29.0,0.0,0.0,0.0,0.0,0.0,17.2,0.0,0.0,0.0,0.0
789,joiway va,0.0,11.5,15.4,0.0,30.0,15.4,0.0,33.0,6.0,9.25,0.0,0.0,0.0
790,vape smoke bu,0.0,13.75,20.6,31.75,15.5,9.8,4.25,35.75,11.4,5.5,27.5,14.4,0.0
791,wabe smoki,0.0,0.0,25.4,0.0,7.0,51.8,14.75,17.5,23.6,0.0,23.25,11.4,0.0
792,vape stores,0.0,26.25,25.2,54.75,20.5,43.4,32.0,7.0,25.2,55.5,36.5,44.0,35.5
793,elfb,0.0,0.0,16.4,33.0,62.25,85.4,72.25,54.25,34.0,53.75,36.25,47.2,35.5
794,5000 puffs va,49.0,18.5,19.8,13.25,29.0,25.4,10.0,22.75,27.2,17.75,26.75,12.0,50.0
795,iget legend va,29.0,18.75,7.8,0.0,46.25,5.8,25.0,11.75,21.2,12.25,36.5,0.0,0.0
796,men car,44.0,44.5,49.8,42.5,46.5,55.6,58.0,66.5,77.2,72.0,87.0,83.4,96.0
797,pants,64.0,66.25,72.6,62.75,66.0,74.0,75.25,74.25,86.2,80.5,91.25,87.8,96.5
798,cargo pan,24.0,26.25,25.0,27.5,26.75,35.2,44.75,57.75,63.6,76.75,90.75,85.4,99.0
799,cargo f,23.0,23.5,22.0,27.0,26.0,35.4,42.25,56.0,63.2,75.5,87.5,83.0,97.5
800,cargo pants f,24.0,25.25,24.8,26.5,27.75,34.8,44.5,58.25,65.6,80.25,93.75,84.4,99.5
801,pants f,57.0,60.5,56.4,60.75,56.75,60.8,65.0,76.25,83.4,86.75,96.25,89.8,96.5
802,white car,34.0,35.25,34.8,31.5,33.25,38.6,48.25,59.75,69.6,77.75,78.0,86.2,94.5
803,green car,21.0,30.0,28.8,28.75,35.0,45.2,54.25,63.0,62.4,58.25,70.0,77.4,79.0
804,ca,43.0,55.25,54.6,41.5,48.5,53.8,64.25,74.0,81.2,76.75,87.5,75.2,98.0
805,freakins car,0.0,22.0,6.6,9.0,19.25,0.0,0.0,5.25,16.0,34.5,58.25,51.8,0.0
806,kra car,80.0,17.75,31.0,16.75,0.0,15.6,45.25,33.5,32.4,28.75,31.0,0.0,0.0
807,loose fit cargo pants f,0.0,0.0,9.4,0.0,10.75,8.6,10.0,27.0,26.2,28.25,41.75,40.8,97.0
808,ecko unltd car,42.0,6.5,9.4,0.0,0.0,6.8,31.25,0.0,11.8,6.25,16.25,7.0,12.5
809,brown cargo pan,0.0,14.5,29.4,20.75,17.25,23.8,11.0,21.5,19.8,48.0,37.25,59.2,88.0
810,baggy jea,39.0,40.25,35.0,40.5,42.5,40.4,45.25,62.0,66.8,76.75,84.0,80.6,94.5
811,p,36.0,38.5,51.2,65.5,60.5,59.0,50.75,51.0,54.8,53.0,72.75,82.4,97.5
812,ivoc car,0.0,0.0,21.6,5.0,13.0,16.6,13.0,0.0,12.2,4.5,7.75,6.6,50.0
813,beige cargo pan,0.0,6.25,10.8,11.0,24.25,6.6,23.25,19.25,41.8,52.25,70.0,33.8,64.5
814,vicky kaushal car,55.0,0.0,17.2,14.0,47.25,18.4,0.0,11.75,0.0,28.0,47.25,27.0,17.0
815,zudio car,27.0,0.0,3.2,15.5,24.0,22.2,17.0,22.5,23.2,32.5,51.75,48.6,42.0
816,cargo pants for men u,34.0,25.0,23.2,20.5,13.5,46.6,17.75,35.5,28.4,37.75,46.0,62.8,46.0
817,black cargo pants,44.0,34.0,40.6,42.0,54.25,41.8,50.25,60.75,67.4,72.5,68.5,75.0,77.5
818,kurta set with dupatta u,0.0,28.25,10.4,10.5,4.75,27.0,26.75,16.25,28.2,40.75,38.5,70.4,18.0
819,cotton kurta set for women u,0.0,29.5,0.0,36.0,7.25,14.6,16.5,12.25,0.0,18.25,42.5,9.8,0.0
820,cotton kurta set f,30.0,24.25,28.6,12.0,16.75,19.6,27.75,58.5,66.2,70.25,70.25,70.4,91.0
821,kurta pant set f,24.0,51.5,53.0,32.75,29.75,38.6,49.5,54.5,57.6,45.0,53.0,47.8,63.5
822,party wear kurta set f,44.0,14.0,33.2,39.0,33.75,40.0,46.0,31.25,52.0,63.5,36.0,31.8,43.0
823,tops f,72.0,77.0,72.8,68.5,70.0,70.6,81.0,89.25,91.4,84.0,94.75,87.4,88.0
824,cotton k,41.0,40.75,41.2,27.0,26.75,33.0,55.25,75.75,91.4,86.5,84.25,85.4,92.5
825,cotton kurta f,32.0,31.25,34.4,28.25,19.25,31.2,41.75,58.75,75.8,73.5,81.5,71.2,85.0
826,kurta set for wome,30.0,24.25,28.6,12.0,16.75,19.6,27.75,58.5,66.2,70.25,70.25,70.4,91.0
827,kurti: (Ind,84.0,90.25,85.0,65.75,58.25,64.8,76.75,82.75,84.2,81.75,85.75,73.6,85.0
828,kurta ,47.0,66.0,73.6,47.0,41.0,60.2,79.5,84.0,86.4,78.25,84.25,73.2,79.5
829,dress f,62.0,76.0,77.0,84.0,81.25,83.2,78.25,84.25,89.4,82.25,89.0,86.2,97.0
830,suit f,56.0,67.0,80.6,75.25,68.0,85.6,88.75,87.25,90.4,84.5,91.25,84.4,96.0
831,suit set f,32.0,44.25,46.0,39.0,36.25,51.4,49.75,58.0,64.4,60.0,70.5,69.0,88.0
832,white kur,51.0,40.5,39.8,27.0,30.25,38.8,57.5,55.5,52.6,43.0,46.25,54.8,86.5
833,white k,37.0,44.0,40.2,33.0,26.25,45.6,53.25,59.25,58.2,50.5,60.75,62.6,90.0
834,white kurta f,54.0,41.0,37.2,28.0,26.25,38.6,54.75,53.0,48.4,38.75,49.25,53.0,84.5
835,white kurta set f,37.0,46.25,29.4,17.0,27.0,44.0,50.5,59.25,46.0,44.75,39.75,60.8,81.0
836,kurta set with dupatta f,36.0,45.0,41.0,37.25,17.25,27.6,34.25,57.5,78.8,60.75,66.25,56.0,96.5
837,kurta set with,51.0,59.0,61.2,41.75,37.75,50.8,59.5,66.5,74.6,71.5,74.75,75.8,89.5
838,black k,56.0,51.75,65.0,54.75,48.75,57.6,73.5,71.0,78.6,67.5,75.75,65.0,70.0
839,black kurta set f,38.0,29.5,44.2,36.5,34.0,28.4,40.75,40.5,47.2,19.25,59.5,60.4,70.0
840,black kurta f,36.0,41.0,45.6,41.75,38.5,45.4,54.25,61.75,58.6,54.75,67.25,73.4,79.0
841,v neck k,44.0,14.25,16.6,14.5,19.75,4.6,40.25,36.25,25.2,50.75,72.25,64.6,93.5
842,lucknowi kurta f,0.0,11.75,9.8,24.0,9.0,17.4,41.0,42.0,50.2,47.0,59.25,43.2,51.0
843,gosriki k,21.0,9.0,36.6,0.0,26.0,14.2,38.25,63.5,57.2,39.25,25.25,38.0,25.5
844,hoodies f,17.0,26.75,51.2,86.5,67.25,45.4,17.25,12.25,11.6,8.5,14.5,22.8,20.5
845,myn,23.0,69.75,41.0,31.25,52.25,26.6,23.75,21.75,21.6,39.0,46.75,32.0,35.0
846,co ord set f,18.0,11.0,12.6,18.25,21.25,35.6,37.0,38.25,37.4,51.0,72.25,80.0,88.5
847,pakistani kurta set f,0.0,9.0,6.0,10.0,12.0,13.8,19.25,6.75,11.8,0.0,25.0,27.6,76.0
848,pakistani k,19.0,18.25,12.2,11.75,17.0,19.6,13.25,34.0,48.6,30.5,85.25,60.8,74.5
849,cord set f,18.0,13.0,17.4,23.0,21.75,20.0,26.75,34.25,45.8,63.25,82.0,85.0,80.5
850,blazer f,35.0,42.5,50.8,86.0,91.0,79.8,47.75,35.75,27.6,26.0,31.25,36.4,36.0
851,nyra cut k,0.0,6.0,9.4,8.0,0.0,14.6,29.75,34.25,50.8,37.75,33.5,60.0,73.0
852,tshirt f,49.0,47.5,43.4,40.0,38.75,44.2,63.5,83.0,83.0,84.0,91.5,88.6,92.0
853,fashor k,45.0,29.5,33.2,29.75,25.0,31.8,53.75,43.5,49.0,53.25,52.25,59.6,88.0
854,office wear k,29.0,21.25,0.0,31.0,21.5,4.4,14.5,40.25,31.8,44.5,21.5,54.6,23.5
855,myntra ku,40.0,69.25,60.2,53.75,42.25,32.6,53.25,41.75,59.8,58.75,59.75,64.4,54.5
856,white chikankari k,32.0,27.5,23.2,18.5,34.25,30.6,54.0,36.0,31.0,27.5,59.75,39.6,68.5
857,white chikanka,43.0,36.75,31.6,23.0,20.0,33.2,53.25,58.75,61.8,49.25,59.5,52.4,91.0
858,jaipuri k,0.0,41.25,29.8,16.25,27.0,4.0,21.75,49.5,29.8,22.75,26.5,6.8,50.0
859,libas: (Ind,40.0,52.25,52.6,40.75,37.75,41.8,65.25,56.5,56.4,63.75,72.5,73.4,82.5
860,lib,37.0,60.5,52.2,34.25,30.0,40.4,67.0,56.0,56.8,62.0,80.0,75.0,92.0
861,libas k,34.0,60.25,55.0,33.0,27.25,41.6,69.75,52.5,54.2,57.25,81.75,75.2,97.0
862,winter k,20.0,27.25,39.0,77.25,71.0,44.0,8.75,3.5,4.2,2.25,10.0,5.6,12.5
863,oversized men,56.0,56.25,40.2,26.5,24.5,28.8,53.5,62.75,75.6,74.0,90.25,69.8,70.5
864,oversized s,55.0,58.5,42.6,28.5,26.25,31.6,54.0,67.25,79.0,79.5,91.5,81.0,76.0
865,women oversized,49.0,50.5,34.8,27.0,22.75,23.6,46.5,55.5,70.2,83.25,91.75,82.0,82.5
866,oversized shi,47.0,52.5,38.6,31.0,26.25,31.0,47.5,68.5,76.6,81.25,90.75,84.6,79.0
867,black oversized,52.0,51.5,38.8,24.25,25.25,32.8,55.25,64.0,71.6,81.75,88.0,77.4,90.5
868,black,84.0,86.75,77.6,73.5,69.0,70.8,83.75,93.25,95.6,86.25,92.5,86.4,94.5
869,oversized t shirt,42.0,42.0,29.8,22.25,22.75,26.8,45.25,52.75,71.2,70.75,83.75,72.2,75.5
870,t shirt,73.0,79.25,65.2,56.25,54.5,56.8,80.25,88.5,90.0,86.5,94.0,88.4,91.5
871,oversized shirt f,51.0,42.5,30.0,26.75,25.0,29.6,42.0,55.5,65.2,72.75,82.0,72.4,72.5
872,t shirt f,56.0,60.75,53.2,47.5,42.0,44.8,64.25,73.75,82.6,81.0,90.75,75.6,80.0
873,oversized t shirt f,41.0,35.5,26.0,19.75,17.5,18.2,34.5,40.5,58.0,70.0,82.5,65.6,70.0
874,oversize,45.0,44.75,35.8,21.25,21.0,26.4,51.0,72.5,76.6,84.75,89.75,82.4,82.0
875,oversized white,47.0,47.5,32.4,30.0,26.75,32.2,44.75,59.25,70.4,68.75,85.25,63.6,71.5
876,white,82.0,87.25,69.6,68.5,67.75,69.0,82.75,88.0,90.6,83.25,94.0,81.4,94.0
877,white oversiz,49.0,49.0,39.2,27.25,30.25,37.6,54.25,62.25,76.2,85.0,91.25,67.2,84.0
878,oversized,51.0,50.5,30.2,24.5,22.0,29.0,40.75,68.0,66.6,71.75,86.0,82.4,86.5
879,oversized ,64.0,49.25,32.4,25.25,19.75,27.4,50.0,63.0,76.2,68.0,79.75,65.0,59.5
880,oversiz,71.0,65.75,46.8,45.75,40.0,39.8,54.25,61.5,73.6,75.75,90.5,71.2,91.0
881,anime,48.0,53.0,41.2,34.25,28.75,34.0,56.0,76.0,75.8,83.5,82.0,73.0,83.5
882,anime oversized,42.0,53.0,22.8,25.0,18.5,28.0,43.75,81.25,67.6,75.75,68.5,61.6,55.5
883,bonkers,52.0,54.5,36.6,25.25,27.0,29.2,59.0,74.75,71.8,67.25,76.75,62.0,54.5
884,bonkers: (India,67.0,68.0,73.4,67.75,73.25,60.4,80.25,92.5,91.0,82.0,84.25,79.4,81.0
885,leotude oversized,27.0,0.0,0.0,8.25,10.0,6.4,30.5,7.25,46.4,43.5,49.25,45.0,69.5
886,dragon ball z oversized,0.0,5.5,0.0,17.25,25.0,0.0,0.0,10.75,4.6,4.75,8.25,0.0,17.5
887,kwabey: (Indi,31.0,41.5,42.6,40.0,34.25,44.2,67.75,81.0,82.8,91.25,93.25,78.2,75.5
888,kwabey oversized,50.0,0.0,16.0,41.75,14.0,5.4,50.0,40.0,18.6,39.25,70.25,58.0,61.0
889,zoro oversized,51.0,7.5,4.6,16.25,8.75,0.0,7.25,30.0,4.6,28.75,35.5,36.8,22.5
890,conver,90.0,94.75,88.6,86.25,82.5,89.8,82.25,77.5,75.4,67.5,60.0,57.6,53.5
891,oversized t shir,39.0,0.0,26.0,0.0,11.5,7.0,0.0,9.5,10.2,12.5,27.75,31.8,24.5
892,snitch oversized,88.0,5.0,10.6,10.0,4.5,12.8,54.25,17.5,37.2,36.75,39.75,35.6,40.0
893,vans oversized,0.0,9.25,16.0,30.25,44.5,6.6,21.25,46.5,61.2,32.0,49.25,16.8,49.0
894,one piece oversized,49.0,15.0,8.0,0.0,11.75,0.0,24.25,30.5,41.2,49.75,44.25,30.2,58.5
895,anime oversized t shir,19.0,9.0,25.0,0.0,0.0,20.0,0.0,0.0,38.6,50.0,48.25,34.8,29.0
896,anim,48.0,34.5,28.4,23.0,24.0,21.6,41.0,57.75,72.6,75.5,71.5,86.2,90.5
897,batman oversized,0.0,7.75,9.0,14.25,8.25,16.6,33.75,14.5,0.0,29.25,17.75,20.0,0.0
898,gav,2.0,1.75,1.0,0.25,1.0,0.4,37.0,7.5,5.2,4.0,3.25,2.2,2.5
899,los angeles oversized,0.0,42.25,11.4,24.25,0.0,0.0,20.75,21.75,30.8,11.5,21.0,22.6,46.5
900,zudio oversized,26.0,15.0,3.2,18.5,18.0,11.0,24.5,37.25,42.0,36.0,40.0,37.8,33.5
901,nykaa,75.0,88.25,82.0,85.75,69.25,76.8,77.0,71.0,69.2,62.25,68.75,81.4,82.5
902,palm angels oversized,94.0,41.5,5.4,6.25,20.25,12.0,0.0,27.75,0.0,38.25,33.25,10.4,0.0
903,couple oversized,0.0,0.0,6.6,5.0,4.0,5.4,8.0,22.75,16.8,8.75,40.75,25.6,28.0
904,westside oversized,0.0,0.0,0.0,28.75,0.0,6.4,25.0,31.0,30.4,35.5,33.25,12.8,26.5
905,marvel oversized,0.0,5.25,4.0,6.75,25.0,17.0,10.0,18.25,21.0,49.5,18.5,15.8,0.0
906,back print oversized,51.0,38.75,23.6,5.75,24.5,36.2,24.5,63.5,41.0,62.5,61.0,53.2,15.5
907,chikankari kur,20.0,30.25,28.4,17.25,10.75,28.6,39.5,51.25,55.2,65.5,83.75,73.6,82.0
908,short kurti ch,42.0,33.5,27.8,16.5,10.25,24.8,38.5,56.25,64.0,70.25,77.0,72.0,98.0
909,kurta: (Ind,50.0,59.25,74.6,51.0,40.75,55.2,65.75,72.25,82.2,53.0,50.0,41.6,58.0
910,mirror chikanka,41.0,45.0,56.6,30.75,23.0,32.4,47.0,62.5,63.8,73.25,80.25,82.6,65.5
911,mirror wo,67.0,78.75,70.0,47.75,40.0,47.2,67.0,69.0,78.6,71.0,60.5,75.8,72.5
912,chikankari kurti mir,38.0,32.0,53.8,28.5,6.0,23.2,43.5,60.75,60.4,68.75,74.75,84.6,80.0
913,lucknowi ch,50.0,51.75,50.4,40.0,33.75,45.0,47.0,75.0,81.4,81.5,74.0,66.6,77.0
914,luckno,68.0,71.0,60.4,46.5,31.5,48.2,61.75,87.25,70.4,68.25,88.0,67.2,85.5
915,lucknowi chikanka,25.0,36.25,28.4,28.75,11.25,31.6,36.5,53.5,51.0,68.0,75.0,45.2,64.0
916,chikank,49.0,52.0,49.4,29.25,22.25,40.2,67.25,72.0,77.8,57.0,64.25,58.4,63.5
917,mirror work chikankari kurt,0.0,0.0,9.4,0.0,25.0,10.8,31.75,43.25,28.8,0.0,29.25,27.4,0.0
918,chikankari naira c,0.0,34.25,14.4,23.25,30.5,0.0,21.75,0.0,25.4,0.0,15.0,17.8,40.0
919,short kurtis f,24.0,41.25,30.6,32.5,28.25,34.8,48.75,55.75,58.8,62.75,85.0,86.6,75.5
920,house of ch,3.0,2.5,2.6,1.25,1.0,33.6,10.25,8.0,7.4,5.25,6.0,5.2,4.5
921,house of chikanka,0.0,25.0,6.2,0.0,0.0,26.4,29.75,32.25,36.6,44.0,28.0,24.0,0.0
922,chicken cur,41.0,33.25,27.6,27.25,29.0,22.8,43.25,44.25,64.4,51.5,75.0,70.0,88.0
923,lucknowi chikankari k,0.0,0.0,0.0,6.0,0.0,7.6,9.75,0.0,0.0,21.0,45.5,47.2,18.0
924,short chikankari kurt,0.0,8.75,6.0,6.5,3.0,16.6,10.0,41.75,21.2,18.0,25.5,23.2,18.5
925,chikankari short kurt,0.0,8.75,6.0,6.5,3.0,16.6,10.0,41.75,21.2,18.0,25.5,23.2,18.5
926,chick,41.0,40.75,40.2,39.25,42.25,41.8,41.25,42.25,44.0,41.25,47.25,60.0,41.5
927,chinka,0.0,40.5,13.2,6.25,0.0,21.8,6.75,30.0,42.4,32.0,17.5,44.2,47.5
928,chikankari kurti set with,19.0,16.5,34.8,9.5,20.25,0.0,9.5,19.5,38.6,24.0,21.25,25.0,28.5
929,chikankari kurti with mir,0.0,27.5,15.0,14.0,18.5,9.2,48.0,14.75,22.8,37.5,31.25,45.2,21.5
930,chikankari sha,28.0,26.5,44.4,53.25,7.5,42.2,32.25,48.5,19.4,36.5,26.25,12.6,0.0
931,chikankari kurta set with,47.0,18.25,27.0,24.5,19.0,20.8,50.25,30.75,40.6,26.0,32.5,36.0,38.5
932,smart watch 5,72.0,59.75,82.4,55.5,68.75,48.2,66.5,66.0,61.6,64.0,67.25,71.4,82.0
933,flipkart sma,54.0,77.75,67.8,47.75,47.25,47.2,50.5,49.0,47.0,46.75,47.0,48.4,50.5
934,girls sma,78.0,86.25,92.0,79.0,65.0,68.4,77.5,67.5,74.2,69.25,73.0,79.0,87.0
935,smart watch f,80.0,86.0,91.4,79.25,64.0,66.6,74.75,67.5,73.6,66.0,71.25,77.4,88.0
936,smart watch for girls u,41.0,42.5,48.2,43.75,9.25,18.4,0.0,20.25,41.4,13.0,48.25,29.2,72.5
937,smart watc,50.0,75.0,64.6,48.0,46.25,46.0,47.25,44.75,42.6,43.75,42.75,47.0,50.5
938,boat sma,56.0,76.0,77.0,55.0,55.25,64.6,67.75,66.25,64.8,60.75,65.0,63.2,64.0
939,meesho smart watch u,26.0,5.25,31.2,7.75,0.0,56.0,66.0,33.25,7.6,17.25,28.0,53.8,39.0
940,boat smart watch u,28.0,55.25,49.6,16.75,21.5,28.4,14.0,13.25,26.8,31.25,40.25,10.2,0.0
941,apple sma,73.0,91.75,87.0,78.75,68.5,76.4,70.0,74.75,68.2,70.75,71.5,68.8,65.0
942,meesho sma,60.0,78.5,65.8,48.5,42.5,47.8,73.75,60.75,57.8,59.0,63.5,65.8,75.0
943,firebolt smart watch un,23.0,49.25,32.4,6.0,15.0,7.4,45.0,7.5,14.2,9.25,33.0,8.8,0.0
944,noise smart watch un,23.0,30.75,51.4,40.5,36.0,50.4,42.0,56.5,31.8,58.5,72.5,66.4,46.5
945,refurbished sma,11.0,29.75,38.4,33.75,29.25,24.0,24.0,27.0,16.2,15.25,24.75,8.8,25.5
946,best smartwatch un,48.0,71.25,46.8,38.25,39.75,41.6,39.75,36.5,35.0,34.5,30.25,29.6,26.0
947,round dial sma,67.0,78.75,77.4,53.0,66.25,74.0,74.25,83.75,79.6,73.0,77.75,83.2,76.5
948,,63.0,74.25,77.4,76.5,76.25,65.2,89.25,86.25,79.4,82.25,76.75,76.2,94.0
949,t500 smart watch u,0.0,30.25,19.8,44.5,35.75,18.4,0.0,0.0,7.8,31.25,25.0,8.8,0.0
950,firebo,65.0,83.25,82.4,63.5,54.75,53.6,55.75,57.75,62.4,61.75,69.0,71.4,74.5
951,fire boltt sma,51.0,69.25,67.4,57.5,57.0,77.4,77.25,82.75,80.6,85.75,87.25,84.2,89.5
952,ultra sma,6.0,7.75,10.6,12.75,15.25,21.0,25.25,26.75,35.4,41.75,59.75,73.8,92.0
953,smart w,75.0,89.25,84.8,75.0,69.75,82.0,85.25,72.25,79.2,79.25,85.75,87.8,91.0
954,beatxp sma,0.0,0.0,0.0,1.5,15.25,14.2,39.0,21.5,37.4,32.0,63.75,74.2,85.0
955,i8 pro max sma,10.0,3.25,11.8,25.5,42.5,56.4,57.0,48.0,28.6,24.0,23.25,24.4,30.5
956,t800 ultra smart wat,0.0,1.75,8.6,1.5,0.0,8.2,9.25,10.25,22.2,29.75,55.5,68.8,97.0
957,x8 ultra sma,0.0,4.25,15.4,50.75,37.75,48.2,40.75,34.5,21.0,18.25,50.25,47.6,70.5
958,t 800 ultra sma,0.0,0.0,1.6,0.0,6.0,3.6,6.0,20.0,24.6,30.5,35.5,46.2,89.0
959,ultra 8 sma,0.0,1.0,8.8,18.25,23.75,40.8,47.0,46.75,62.0,65.75,75.25,81.4,79.5
960,t900 ultra sma,0.0,15.5,2.2,4.25,13.5,4.0,10.25,20.5,31.4,49.5,71.25,69.2,98.0
961,t800 sma,0.0,0.5,0.0,1.5,4.5,8.2,10.75,14.5,26.2,41.5,63.75,67.6,94.5
962,alt sma,0.0,23.75,15.2,18.0,16.25,34.6,32.25,33.25,33.4,59.75,69.5,43.6,41.5
963,gen 8 smart wat,30.0,0.0,11.2,14.5,35.5,23.0,39.5,49.0,38.8,56.5,26.5,56.0,64.5
964,gen 8 sma,0.0,3.25,8.6,3.25,35.5,38.0,73.5,60.0,70.4,75.25,62.5,64.0,86.5
965,itel sma,0.0,17.75,8.0,14.5,11.0,14.8,31.25,26.25,49.4,66.5,44.75,66.8,47.0
966,smart watch wall,22.0,36.75,45.4,53.75,36.75,41.6,42.0,45.75,59.0,56.0,64.75,77.0,99.5
967,ambrane sma,25.0,48.25,69.2,35.25,57.5,42.4,39.75,40.0,45.2,53.0,40.25,40.4,47.5
968,pods sma,9.0,4.25,7.0,3.5,3.75,30.4,82.0,52.0,11.0,42.25,7.0,13.2,5.5
969,hammer sma,17.0,8.75,31.4,48.0,32.5,34.8,37.75,55.25,45.4,56.25,53.0,63.8,66.5
970,firebolt smart w,15.0,32.5,36.6,22.75,30.75,36.8,32.5,38.75,31.6,53.25,59.75,72.4,73.5
971,noise colorf,84.0,77.75,61.8,40.25,60.25,64.6,50.5,42.5,37.6,36.25,32.75,28.0,27.0
972,dress for women u,72.0,48.25,59.6,39.0,52.75,43.6,48.0,66.0,60.0,59.5,74.0,62.2,73.0
973,dresses u,57.0,75.5,67.6,46.5,57.0,60.2,58.75,83.25,64.2,67.5,64.75,62.6,80.0
974,bodycon dress u,75.0,54.0,44.4,49.5,28.25,36.2,65.75,55.75,27.6,25.75,20.0,23.8,45.5
975,lo,82.0,90.0,93.4,90.25,94.75,89.0,85.25,83.75,86.4,75.75,75.5,65.2,70.5
976,long dress u,17.0,31.75,35.0,7.75,33.0,27.4,39.25,41.0,27.2,28.0,34.0,53.6,14.0
977,one piece dress u,46.0,58.25,29.6,18.5,48.75,35.6,31.0,49.25,30.2,16.5,26.25,44.2,14.0
978,o,61.0,63.5,71.4,57.5,59.25,62.0,59.75,63.5,62.0,65.25,70.25,80.6,90.0
979,one pie,75.0,83.0,75.8,79.5,91.0,79.8,77.75,75.75,81.2,74.5,74.0,65.2,65.5
980,top u,60.0,75.0,74.8,61.25,75.75,69.8,66.75,74.0,69.4,73.5,70.5,79.6,85.0
981,ma,69.0,79.0,73.6,76.75,72.75,69.4,76.75,80.0,85.8,83.5,93.0,87.8,89.0
982,tops: (In,94.0,92.25,83.4,72.75,74.0,72.8,81.75,92.0,94.2,86.5,92.75,82.2,79.5
983,tops u,65.0,54.75,59.4,31.5,52.25,50.4,67.0,69.75,79.6,69.25,81.75,75.4,61.0
984,dresses for women u,30.0,25.75,47.8,24.75,39.0,44.6,42.5,43.75,67.6,30.75,70.75,62.0,75.5
985,dresses f,75.0,79.5,77.2,81.25,84.5,87.2,81.25,83.5,89.6,83.5,88.0,85.6,93.0
986,urban,62.0,70.75,68.4,73.0,88.25,96.2,87.75,88.0,82.2,75.75,81.75,81.6,74.0
987,gym wear set for ladies u,0.0,22.0,26.4,30.25,61.0,18.6,32.5,25.5,0.0,15.5,21.75,8.6,25.0
988,yellow dress for hald,32.0,11.25,20.2,14.75,40.25,19.0,64.75,34.5,38.8,20.25,26.5,19.4,0.0
989,backless dress f,36.0,31.5,23.6,39.5,30.0,33.0,19.75,33.0,31.0,36.5,34.0,35.0,68.5
990,gym dress f,53.0,33.5,39.0,52.75,45.75,56.2,57.75,84.0,64.2,61.5,79.75,69.8,53.5
991,can can skirt u,0.0,0.0,0.0,37.25,25.0,13.0,26.5,7.25,26.6,0.0,34.0,6.4,0.0
992,anarkali dress with,44.0,61.5,61.8,56.75,32.5,54.6,79.0,64.0,64.8,33.5,54.5,64.2,82.5
993,sweater for women u,0.0,15.25,34.6,45.5,35.25,38.0,14.0,0.0,4.4,2.25,13.25,7.4,9.5
994,maternity wear u,0.0,0.0,13.8,0.0,3.75,0.0,25.0,6.25,3.4,8.25,11.5,0.0,12.5
995,kaft,63.0,71.5,63.2,59.75,48.75,52.8,57.0,69.0,79.4,59.25,61.75,44.0,44.5
996,best gift u,100.0,38.25,33.8,32.25,67.0,34.0,38.5,23.75,35.2,37.25,26.25,44.4,57.0
997,birth,86.0,89.25,76.6,86.25,83.5,80.0,73.5,68.75,69.4,71.5,84.25,89.8,87.5
998,gifts: (Ind,57.0,52.25,56.4,59.25,80.0,64.4,67.25,48.25,49.2,54.0,52.0,52.0,62.0
999,gifts u,18.0,14.25,15.2,15.75,55.5,16.6,14.0,12.5,13.6,13.75,13.25,12.6,18.0
1000,gift ideas u,64.0,23.25,31.6,14.25,61.5,27.4,28.25,17.5,12.2,13.5,22.0,28.4,47.5
1001,gift,40.0,34.75,39.8,45.25,69.5,51.2,51.0,38.75,41.2,39.0,44.25,46.0,48.0
1002,gift for boys u,52.0,14.75,24.2,29.5,23.25,10.6,6.5,26.25,20.8,46.75,27.75,43.2,24.5
1003,gift ,62.0,63.0,59.6,62.25,82.5,65.6,62.75,54.25,54.6,53.25,57.5,62.2,63.0
1004,gift under 500,19.0,12.75,21.0,26.5,28.0,32.4,55.25,17.0,35.2,20.25,38.0,44.6,45.5
1005,gift for women u,0.0,8.75,23.6,10.75,59.25,6.2,11.5,20.5,10.2,0.0,9.25,23.8,83.0
1006,gift items u,0.0,6.0,25.4,23.0,28.5,9.8,30.0,31.0,18.6,12.5,14.5,13.6,24.5
1007,gift for bes,77.0,70.0,67.4,79.75,93.5,81.8,80.5,73.5,72.0,81.0,80.75,86.0,86.0
1008,gift for b,39.0,37.0,38.8,39.5,53.75,58.2,63.75,34.5,33.8,33.75,40.5,43.4,41.5
1009,gift for sister u,0.0,10.0,4.4,0.0,0.0,3.2,8.5,0.0,2.2,7.5,5.0,8.8,69.0
1010,gift for gi,46.0,44.75,48.8,48.0,67.5,63.0,71.0,42.25,41.4,39.25,45.5,53.6,53.5
1011,wedding gift u,0.0,9.75,21.4,35.0,26.5,38.0,38.5,11.5,25.4,33.5,11.25,33.6,0.0
1012,birthday gift ,79.0,89.25,73.0,79.5,80.0,74.8,74.0,72.75,76.2,74.0,78.75,91.0,84.5
1013,best gift for boys u,0.0,50.0,14.4,21.25,19.0,25.6,15.25,7.0,5.4,6.75,15.25,21.8,0.0
1014,diwali gift u,0.0,13.25,39.8,7.75,5.75,0.0,2.75,0.0,8.4,2.5,2.75,6.2,0.0
1015,best gift ,71.0,72.75,59.8,72.0,86.25,68.4,66.5,60.75,62.6,51.5,72.5,74.4,69.5
1016,bella vita,25.0,34.5,31.6,36.5,45.5,48.6,60.0,47.5,52.8,51.75,63.75,76.8,99.5
1017,wallet,78.0,75.25,80.4,77.25,89.25,83.6,80.25,74.25,73.6,72.25,80.25,91.4,94.5
1018,diwali gift,3.0,7.5,41.0,0.25,1.25,0.2,0.5,0.25,0.0,0.5,2.0,0.2,2.0
1019,diwali gift hampers u,39.0,15.75,20.0,0.0,24.25,0.0,0.0,10.25,0.0,0.0,0.0,0.0,0.0
1020,teachers ,100.0,26.25,0.6,0.75,0.0,0.0,0.0,1.0,0.0,0.0,0.75,1.2,5.0
1021,bracelet f,59.0,61.5,65.0,63.25,58.75,62.8,59.25,53.25,54.2,56.25,57.0,66.0,89.0
1022,gift for teac,100.0,25.25,0.6,0.75,0.25,0.4,0.5,0.5,0.2,0.0,0.25,1.2,5.0
1023,gift for diwali u,0.0,13.75,38.2,14.75,0.0,11.4,0.0,16.75,7.8,7.75,0.0,7.4,0.0
1024,best gift for mom ,0.0,39.75,41.8,32.5,41.5,26.4,32.75,34.0,45.2,35.5,60.0,32.2,39.5
1025,birthday gift for mal,72.0,61.5,47.6,69.5,73.5,58.2,70.25,78.5,63.4,60.75,84.25,74.4,62.0
1026,secret santa gi,0.0,0.0,0.6,2.0,48.25,2.0,1.75,0.75,0.0,0.25,0.5,0.2,0.0
1027,best gift for boyfriend u,0.0,8.5,16.0,0.0,0.0,34.2,20.75,24.5,21.8,17.5,8.0,11.8,68.5
1028,earb,56.0,75.25,61.6,53.5,59.25,68.4,71.75,71.25,66.0,68.5,76.25,79.0,71.5
1029,wireless,61.0,79.75,66.2,61.75,65.25,65.0,61.5,61.75,66.0,70.0,72.25,78.6,77.5
1030,oneplus,68.0,81.0,70.0,65.75,71.25,82.6,87.5,80.25,83.0,82.5,93.5,94.8,88.5
1031,tws: (I,67.0,82.5,89.2,76.5,78.25,79.0,79.5,70.5,65.2,68.75,76.75,81.6,75.5
1032,realme,65.0,81.0,67.2,59.75,59.25,64.2,59.0,60.5,51.8,54.25,72.5,58.2,59.0
1033,jbl,62.0,70.5,61.2,58.75,56.0,74.2,69.75,64.75,64.6,69.75,81.5,83.8,81.0
1034,earbuds,60.0,83.5,67.0,58.5,54.5,62.8,68.75,67.0,57.2,62.5,73.0,72.0,79.0
1035,skullcandy,61.0,56.0,81.0,79.25,89.75,77.8,80.5,64.5,67.4,82.75,75.25,84.6,70.0
1036,boult,40.0,63.0,51.0,44.0,48.75,62.6,66.5,73.5,67.4,76.25,86.25,85.8,95.0
1037,boat nirvana ion,0.0,5.5,2.8,0.0,0.0,1.8,1.5,21.75,88.0,72.0,68.75,43.0,25.0
1038,best earb,0.0,2.0,3.0,3.25,3.5,23.4,33.25,34.5,45.0,54.25,80.0,96.0,94.0
1039,m19,0.0,0.0,0.0,14.0,44.75,40.2,37.5,51.25,53.2,67.5,84.0,81.8,95.0
1040,bose qc e,0.0,13.25,30.0,13.0,8.0,28.4,10.5,18.5,4.6,28.25,25.5,39.2,33.5
1041,m90 pro,0.0,0.0,9.6,14.5,7.75,24.8,30.25,56.0,30.8,23.25,14.0,24.2,20.5
1042,gpods,0.0,3.0,7.0,9.25,4.25,3.6,44.5,16.75,6.4,0.0,2.75,6.2,3.0
1043,boat nirvana,0.0,0.0,2.0,1.0,0.0,2.4,5.0,44.25,73.4,62.5,57.25,36.0,20.5
1044,m10,28.0,44.5,41.0,47.25,60.75,59.2,56.5,54.25,42.6,65.0,87.0,63.2,58.0
1045,bose quietcomfort e,12.0,62.75,30.4,37.5,52.25,39.6,69.25,50.0,40.0,37.5,24.5,35.0,40.5
1046,nokia phone with,0.0,23.5,63.4,59.5,9.5,39.4,11.75,21.5,14.0,6.75,22.5,10.2,31.5
1047,skullcandy dime true wireless earbud,0.0,32.5,6.6,31.75,0.0,8.8,23.5,41.0,35.4,51.25,24.75,38.6,17.5
1048,skullcand,41.0,48.25,49.0,42.0,60.75,50.4,40.25,54.25,60.0,82.5,67.0,77.4,56.5
1049,dime true wireless,12.0,15.0,33.6,22.75,33.75,33.4,27.25,67.25,77.0,84.0,69.5,69.6,54.5
1050,m10 tws wireless,41.0,43.5,34.2,38.25,58.5,53.0,32.75,19.25,22.2,20.25,51.0,20.8,17.0
1051,acefast,0.0,10.25,38.4,55.0,60.5,13.6,40.5,23.25,21.6,25.5,29.5,48.6,0.0
1052,skullcandy dime true wireless,6.0,18.0,24.2,23.5,18.75,19.4,19.25,61.25,60.2,80.25,64.0,67.6,46.0
1053,boat ear,0.0,40.5,24.8,17.25,21.75,29.6,20.5,18.75,32.0,31.5,38.25,53.0,51.0
1054,oneplus nord ce,17.0,34.0,30.2,17.0,27.5,27.4,29.5,31.25,45.0,33.0,35.5,29.2,46.0
1055,skullcandy dime tws,46.0,33.25,81.6,62.75,70.0,61.4,67.5,17.75,15.6,11.75,8.0,9.4,8.5
1056,skullcandy ,21.0,21.75,85.6,66.25,65.0,48.8,53.25,29.0,18.8,17.5,10.25,7.2,5.0
