,Month,2022-07,2022-08,2022-09,2022-10,2022-11,2022-12,2023-01,2023-02,2023-03,2023-04,2023-05,2023-06,2023-07
0,discord bot,93.5,85.0,72.25,72.0,70.75,68.75,70.6,79.0,71.25,71.0,64.25,74.0,78.66666666666667
1,how to make a discord server,74.0,75.25,60.25,60.4,61.0,51.0,63.2,66.75,73.0,70.2,59.25,69.5,93.0
2,discord on xbox,68.5,44.0,60.5,53.0,57.0,40.0,30.0,25.0,29.0,25.6,21.0,28.0,26.0
3,how to delete discord server,66.0,66.0,46.5,56.2,65.25,73.0,63.6,77.5,74.5,62.4,66.0,80.75,72.33333333333333
4,emoji,80.0,86.0,85.5,89.2,84.0,87.0,86.2,89.0,88.0,91.4,91.25,87.75,84.66666666666667
5,discord emoji server,84.5,58.0,59.25,52.8,57.0,46.75,61.4,56.0,56.5,60.0,59.25,68.0,76.33333333333333
6,emoji discord,82.0,76.5,69.0,64.0,60.75,67.25,69.6,66.75,69.75,76.2,70.0,77.0,75.0
7,minecraft discord,82.5,70.75,49.75,49.4,53.75,67.75,63.8,64.5,56.75,70.0,60.0,78.25,70.66666666666667
8,minecraft discord server,74.0,72.75,41.25,39.6,54.25,63.5,59.8,54.75,52.75,67.8,52.5,73.5,65.66666666666667
9,minecraft server,98.5,78.75,56.0,52.6,62.25,75.75,79.4,75.75,74.5,70.4,65.75,92.0,89.33333333333333
10,discord bots,93.0,91.25,71.75,77.2,73.0,67.0,71.0,84.5,72.5,70.6,64.5,76.25,76.66666666666667
11,discord server bots,87.0,67.75,48.0,41.8,40.25,45.25,46.0,46.25,44.75,43.2,39.25,47.25,50.666666666666664
12,discord servers,87.5,74.0,62.75,59.8,60.5,63.75,76.6,77.0,68.5,67.6,73.0,87.5,90.0
13,how to join discord server,78.5,74.5,55.75,49.4,48.75,59.0,50.8,67.75,63.25,61.6,68.25,81.0,75.0
14,discord template server,75.0,63.75,75.5,58.0,61.25,75.25,66.8,60.25,56.25,64.8,60.25,60.5,79.66666666666667
15,discord template,85.0,71.75,64.75,57.2,61.0,68.75,76.0,72.5,71.75,70.6,70.75,78.0,85.66666666666667
16,what is a discord server,67.0,57.5,55.75,52.4,57.0,52.5,55.6,52.25,61.25,65.2,59.5,69.75,86.33333333333333
17,find discord server,78.0,58.0,54.75,57.4,52.5,66.0,67.2,58.5,66.5,77.2,70.5,83.25,75.33333333333333
18,discord server names,89.0,86.0,58.75,53.4,58.25,44.0,59.8,58.0,66.0,60.4,48.25,80.25,68.0
19,temu discord server,13.0,14.25,14.25,0.0,15.75,11.25,15.6,52.0,58.25,56.6,43.75,46.5,29.0
20,diablo 4 discord server,0.0,11.75,6.5,10.8,0.0,7.0,25.2,0.0,20.75,7.6,28.25,80.0,41.333333333333336
21,soundboard discord,5.5,4.25,3.0,3.2,3.5,4.25,4.2,3.5,11.25,74.8,49.5,37.75,33.0
22,honkai star rail discord server,0.0,0.0,29.0,4.4,0.0,10.5,4.6,0.0,10.0,59.8,16.0,19.0,20.666666666666668
23,join discord server,80.5,69.0,53.0,51.4,53.5,58.75,61.2,60.75,57.5,62.8,64.75,76.5,76.0
24,midjourney discord server,35.5,48.5,24.5,6.0,5.25,15.25,25.0,27.75,51.5,49.6,37.75,33.25,11.0
25,discord server soundboard,11.5,0.0,0.0,0.0,4.0,0.0,0.0,0.0,8.25,66.6,49.75,37.0,24.333333333333332
26,midjourney discord,38.5,54.5,36.5,13.6,19.0,31.25,45.4,50.0,74.25,71.2,64.75,51.75,43.666666666666664
27,midjourney,31.5,44.0,28.75,13.2,17.75,32.25,44.4,47.0,71.75,74.2,63.25,56.75,49.666666666666664
28,discord server has exclamation point,0.0,0.0,0.0,0.0,5.0,16.25,8.6,12.75,5.75,3.6,0.0,0.0,51.0
29,doors discord server,0.0,32.25,32.75,30.6,28.0,7.25,30.0,70.5,24.25,22.2,19.75,20.0,29.0
30,packgod discord server,0.0,12.75,0.0,27.2,0.0,31.75,42.0,49.25,51.25,11.8,0.0,15.25,15.0
31,blox fruits discord trading server,42.5,25.0,7.5,42.6,0.0,44.25,26.4,27.5,30.5,8.8,43.5,15.75,0.0
32,blox fruits discord server link,16.5,11.75,16.0,31.6,0.0,33.0,10.8,27.25,0.0,8.2,29.25,20.5,11.666666666666666
33,how to add stickers to discord server on mobile,0.0,0.0,0.0,37.8,34.25,8.25,0.0,0.0,34.75,42.0,15.0,27.5,0.0
34,how to make discord server,74.0,69.5,55.25,53.6,58.25,59.75,62.2,63.0,68.25,65.0,57.5,75.0,94.33333333333333
35,blox fruit discord server,14.5,20.75,46.25,49.6,50.0,70.25,40.2,43.0,40.5,52.2,36.5,28.5,49.333333333333336
36,blox fruits discord,22.5,22.5,72.5,48.4,47.25,57.5,69.0,58.75,58.5,66.2,54.25,52.5,61.666666666666664
37,blox fruit discord,20.0,22.75,67.25,54.4,50.0,50.5,55.4,57.5,40.75,66.0,44.0,42.25,54.333333333333336
38,project slayers discord server,18.5,0.0,3.25,9.0,9.75,0.0,18.6,11.5,0.0,0.0,42.5,13.5,28.0
39,blox fruits discord server,15.0,8.75,45.5,54.6,35.75,45.75,58.4,52.0,47.5,54.4,63.5,47.5,26.0
40,discord server subscription,0.0,34.5,10.25,9.8,10.5,22.25,30.2,33.5,55.25,43.4,62.25,24.0,50.666666666666664
41,overwatch discord server,28.0,0.0,0.0,63.2,35.0,25.75,17.0,34.25,22.75,10.4,16.75,7.5,41.666666666666664
42,discord kitten server,18.0,34.5,14.75,6.0,24.0,27.5,12.8,0.0,20.75,25.2,8.25,35.75,25.0
43,splatoon discord server,0.0,22.5,50.25,50.2,19.5,20.25,7.2,21.75,18.5,0.0,33.5,0.0,25.0
44,age restricted server discord,0.0,0.0,20.25,9.2,9.0,0.0,11.4,0.0,6.5,31.8,13.75,11.0,10.0
45,delete discord server,68.5,78.75,60.25,65.2,72.5,79.25,75.0,76.75,79.75,73.8,80.25,85.75,76.66666666666667
46,femboy discord server,20.5,9.5,31.25,36.4,10.25,12.75,42.2,17.5,21.75,25.2,6.0,60.25,36.0
47,pfp anime,94.5,90.75,81.0,72.8,67.25,71.5,64.2,60.0,58.75,57.4,56.75,58.75,60.666666666666664
48,anime,97.0,89.0,83.5,86.0,82.5,89.25,88.0,79.75,83.5,84.4,87.5,84.75,95.33333333333333
49,matching pfp,97.5,93.25,90.0,85.6,76.0,72.75,69.8,66.5,63.5,65.0,65.25,70.75,68.0
50,pfp discord,92.5,89.75,68.5,63.2,61.5,70.25,61.4,61.0,55.5,59.4,56.5,65.0,63.333333333333336
51,discord,96.5,94.0,85.5,82.6,82.0,85.5,87.6,87.75,91.25,90.0,86.25,96.75,92.0
52,girl pfp,96.5,84.0,79.5,73.2,71.25,78.5,74.4,72.0,71.0,71.0,70.0,76.0,75.33333333333333
53,aesthetic,72.5,78.25,90.25,72.2,72.0,69.75,74.4,65.75,63.5,62.0,59.25,56.0,55.666666666666664
54,aesthetic pfp,83.0,92.25,93.0,85.2,79.75,77.0,79.2,72.0,64.5,60.6,57.25,52.5,52.666666666666664
55,black,41.0,37.75,37.25,41.0,61.75,38.0,36.8,37.5,35.75,35.0,36.75,37.5,36.333333333333336
56,what is discord server,88.0,80.5,72.0,61.2,70.25,68.5,75.8,68.25,71.5,84.2,72.25,86.5,92.0
57,black pfp,87.0,92.75,85.0,76.0,75.5,78.25,84.6,73.75,75.5,70.4,75.25,81.75,81.0
58,cute pfp,89.5,92.0,88.5,86.6,82.5,79.0,76.2,75.5,75.0,68.4,64.0,69.0,64.33333333333333
59,gif pfp,78.5,91.25,88.75,73.4,63.25,64.25,69.2,64.75,61.25,62.4,63.75,54.0,50.666666666666664
60,gif,81.5,85.75,92.5,91.0,90.75,89.0,91.8,92.75,90.0,85.2,84.5,76.25,72.33333333333333
61,wallpaper,53.5,63.25,83.0,66.0,66.5,64.75,70.4,65.25,62.0,57.8,52.25,47.25,45.333333333333336
62,boy pfp,86.5,88.5,80.0,68.4,74.0,73.25,66.0,60.25,61.0,58.2,61.25,66.5,67.33333333333333
63,tiktok pfp,89.5,77.5,58.25,52.4,63.0,64.5,58.6,57.5,56.25,56.8,50.0,59.0,56.666666666666664
64,funny pfp,71.0,87.25,89.0,70.6,74.75,75.25,78.2,75.75,70.75,68.0,64.75,56.25,56.666666666666664
65,anime girl pfp,96.5,85.75,78.25,73.8,68.25,73.5,67.6,68.25,65.5,69.8,67.75,74.25,72.33333333333333
66,anime girl,93.0,90.25,89.25,93.4,84.25,89.0,88.0,83.5,83.0,86.4,85.5,85.0,89.33333333333333
67,discord server link,83.0,68.25,53.75,52.6,59.5,47.0,54.4,58.5,57.75,56.6,75.5,82.0,82.33333333333333
68,cool pfp,93.5,93.0,85.0,73.6,67.25,69.5,74.4,68.75,65.75,70.6,67.0,59.75,60.666666666666664
69,what is pfp,67.5,81.0,87.25,81.4,84.5,80.25,81.4,85.75,88.75,85.4,81.0,65.25,63.666666666666664
70,cat pfp,55.5,68.0,66.25,56.8,66.75,62.5,60.8,54.0,59.75,58.4,58.0,54.0,56.666666666666664
71,manga pfp,97.0,93.5,77.0,72.0,61.25,66.75,66.8,60.5,66.25,66.8,66.5,65.0,63.666666666666664
72,pfp meaning,85.5,74.0,83.0,77.0,73.5,80.25,80.8,89.25,79.0,84.2,80.75,84.25,67.66666666666667
73,meme pfp,75.0,91.0,84.5,82.0,67.75,67.25,75.4,76.75,71.25,66.8,61.5,53.5,59.333333333333336
74,ice spice pfp,0.0,2.0,1.0,1.0,0.75,2.5,4.4,46.75,20.0,12.4,6.0,5.25,4.333333333333333
75,wednesday pfp,0.0,3.0,1.25,1.4,33.0,43.0,12.2,3.5,2.5,1.2,3.0,1.75,2.3333333333333335
76,cn pfp,22.0,24.0,31.0,22.2,69.0,73.5,53.2,61.5,38.25,42.6,43.5,65.75,34.333333333333336
77,veshremy pfp,50.5,61.25,24.0,24.8,36.5,42.25,38.4,36.0,8.0,6.0,14.5,24.0,0.0
78,roblox discord server,99.0,73.25,47.5,48.0,48.75,43.25,52.4,46.5,45.25,54.6,53.75,65.25,61.333333333333336
79,nyan cat pfp,4.0,0.0,0.0,1.0,29.0,16.0,0.0,1.75,2.25,1.4,0.0,2.25,2.0
80,hello kitty pfp y2k,0.0,17.75,43.25,33.8,36.25,60.0,41.8,61.0,45.75,60.8,20.0,31.5,41.333333333333336
81,cutecore pfp,0.0,8.75,33.0,28.4,16.25,15.5,23.8,34.0,27.25,20.0,25.25,35.25,32.0
82,round pfp,17.0,34.5,48.0,13.8,27.25,58.75,60.0,56.75,44.0,69.8,47.25,32.25,16.666666666666668
83,goofy ahh pfp,52.0,26.0,47.25,52.6,45.0,54.25,34.4,43.75,35.5,38.6,53.25,26.75,18.666666666666668
84,kenny pfp,0.0,5.0,2.25,5.4,4.25,8.0,14.8,59.25,89.25,61.2,30.25,11.5,13.666666666666666
85,kenny south park pfp,0.0,0.0,0.0,11.6,0.0,8.75,16.0,62.5,86.0,47.6,31.0,12.25,20.333333333333332
86,messi pfp,13.5,3.5,7.75,12.4,23.5,49.0,30.6,23.0,18.0,15.2,18.5,24.25,8.333333333333334
87,hello kitty matching pfp,45.0,68.25,54.0,62.0,56.0,73.25,51.8,67.5,54.5,27.8,31.0,62.5,19.0
88,goofy pfp,29.5,44.0,49.5,49.0,51.5,49.0,54.6,67.0,57.5,58.6,59.25,58.0,58.0
89,roblox discord,95.5,90.75,75.5,67.6,73.25,78.75,72.6,71.25,64.5,70.0,69.25,78.75,83.33333333333333
90,hello kitty,53.0,57.5,55.25,61.8,82.0,88.5,76.4,76.0,75.0,73.6,76.25,73.75,69.66666666666667
91,coquette pfp,0.0,14.0,38.25,10.2,40.25,28.0,54.0,44.25,16.0,45.4,26.0,25.5,14.333333333333334
92,hello kitty pfp,38.5,69.0,66.5,74.2,71.0,70.75,93.2,87.25,77.5,77.2,61.75,63.5,59.0
93,cinnamoroll pfp,38.5,43.25,61.75,30.2,43.25,44.25,62.8,48.75,59.75,58.8,53.75,47.25,47.666666666666664
94,south park pfp,9.0,5.25,5.0,6.0,3.5,7.25,11.6,55.75,82.25,56.4,32.75,14.5,12.666666666666666
95,miles morales pfp,2.0,2.25,1.25,3.4,4.5,5.5,2.2,2.25,4.25,5.4,23.0,61.0,17.666666666666668
96,splatoon pfp,23.5,62.25,87.5,53.2,31.5,41.25,55.8,26.5,32.25,27.4,25.25,37.75,48.0
97,capcut,43.5,44.0,47.25,44.8,50.25,56.25,59.8,67.75,73.75,87.2,86.5,87.5,90.66666666666667
98,y2k pfp,41.0,57.0,59.75,60.2,61.75,63.25,75.4,76.0,81.0,87.4,79.0,86.5,79.33333333333333
99,denji pfp,15.0,20.5,21.25,63.4,87.0,89.0,45.8,37.75,33.25,29.8,29.75,21.25,17.333333333333332
100,how to discord on xbox,61.0,42.5,61.75,59.2,58.0,35.75,30.2,25.0,30.0,25.0,24.75,28.0,28.333333333333332
101,discord for xbox,86.0,47.75,64.0,41.4,59.5,45.0,43.0,26.0,40.75,36.2,29.0,29.75,33.333333333333336
102,is discord on xbox,87.0,51.75,49.25,40.8,45.0,40.25,31.6,28.25,31.75,30.6,33.5,35.75,30.666666666666668
103,use discord on xbox,45.5,44.25,61.25,57.4,44.75,24.5,24.6,15.0,19.0,17.0,10.25,24.75,19.333333333333332
104,how to use xbox discord,53.5,40.0,68.0,53.6,44.25,25.75,17.8,13.25,21.0,11.0,15.25,21.0,17.666666666666668
105,how to use discord,63.5,58.5,58.5,53.8,57.0,52.25,52.4,52.75,77.75,70.6,63.5,73.0,68.0
106,xbox app,57.5,56.5,55.5,51.0,53.0,70.25,57.0,54.75,51.5,47.8,43.0,51.5,54.333333333333336
107,discord app xbox,40.5,38.5,55.25,43.6,43.0,31.25,27.0,15.0,28.0,23.6,20.75,22.5,14.666666666666666
108,discord app,86.0,91.75,86.25,82.2,84.5,82.75,81.6,78.75,83.5,84.6,79.25,86.0,80.0
109,discord xbox one,55.5,50.5,44.25,41.6,57.0,43.25,38.4,30.25,35.75,32.6,15.5,33.0,37.333333333333336
110,how to get discord on xbox,92.0,54.25,56.25,54.4,49.25,27.25,37.6,20.5,27.25,22.4,18.75,32.0,29.333333333333332
111,how to use discord on xbox,52.5,44.5,69.25,60.4,49.75,24.75,18.6,5.25,17.5,17.0,6.25,20.0,18.0
112,connect xbox to discord,24.0,15.0,50.0,48.4,46.5,24.0,18.8,18.75,17.75,26.2,16.25,10.25,23.666666666666668
113,xbox and discord,46.5,43.75,59.5,38.4,65.5,51.5,34.4,42.0,36.5,32.4,25.75,30.75,33.333333333333336
114,discord and xbox,46.5,43.75,59.5,38.4,65.5,51.5,34.4,42.0,36.5,32.4,25.75,30.75,33.333333333333336
115,stream xbox to discord,34.0,15.0,47.25,47.8,51.75,69.25,78.8,58.75,63.25,58.0,45.5,78.0,58.666666666666664
116,discord xbox game pass,48.5,43.0,66.0,46.0,42.25,64.5,51.6,39.75,35.5,37.8,23.25,8.25,19.333333333333332
117,xbox game pass,51.0,49.75,49.5,46.8,59.0,76.25,58.2,51.5,49.5,45.2,39.5,47.25,61.666666666666664
118,xbox series x,41.0,43.0,41.75,45.0,71.5,69.0,44.0,46.5,35.25,29.8,29.0,38.0,37.0
119,discord xbox series x,63.5,56.0,77.75,62.4,77.5,52.5,42.6,22.5,53.75,39.6,39.75,56.5,60.0
120,how to connect discord to xbox,22.0,23.5,49.0,44.4,41.75,24.0,13.2,13.0,24.5,21.2,18.25,16.0,18.0
121,xbox download,51.0,46.25,46.5,42.4,53.25,65.5,46.0,45.25,43.75,38.2,35.75,45.75,46.666666666666664
122,discord download,70.0,68.5,60.0,56.2,61.5,76.75,63.8,61.75,59.75,66.2,61.0,65.75,66.33333333333333
123,xbox discord not working,26.5,14.5,48.0,38.0,33.25,43.25,32.2,25.25,21.0,26.6,11.5,18.0,10.0
124,how to transfer discord call to xbox,0.0,8.5,39.25,50.0,42.5,23.25,39.0,0.0,0.0,0.0,0.0,13.0,41.666666666666664
125,how to join discord call on xbox,0.0,6.5,11.75,5.2,30.0,0.0,15.2,25.25,0.0,5.2,20.75,0.0,45.333333333333336
126,how to join a discord call on xbox,28.0,22.75,7.0,25.0,16.25,0.0,35.6,14.25,27.25,0.0,0.0,6.75,0.0
127,discord not showing up on xbox,0.0,0.0,0.0,29.2,11.5,0.0,8.6,0.0,19.0,19.4,8.0,5.5,6.333333333333333
128,discord not loading on xbox,48.5,0.0,25.0,13.8,25.25,33.0,34.0,22.0,0.0,9.6,14.25,21.0,0.0
129,discord not transferring to xbox,0.0,32.5,9.5,27.0,0.0,22.0,14.0,0.0,17.75,22.6,0.0,25.0,16.666666666666668
130,xbox emulation hub discord,23.5,0.0,0.0,9.2,21.75,0.0,34.6,8.25,27.25,11.2,15.75,25.0,8.333333333333334
131,how to join xbox insider,50.0,0.0,24.25,24.0,10.0,0.0,12.0,0.0,12.25,23.0,26.0,0.0,0.0
132,xbox app for mac,62.5,60.0,36.5,28.6,37.5,47.25,48.2,61.75,26.75,32.8,41.5,41.5,49.333333333333336
133,twitch.tv/activate,89.5,71.5,58.25,55.0,62.75,60.75,84.8,76.25,48.75,40.0,38.75,39.75,32.333333333333336
134,when is discord coming to ps5,14.0,10.25,17.5,29.6,22.0,14.25,14.0,56.75,27.5,16.6,0.0,0.0,7.0
135,xbox cloud gaming,47.5,53.75,61.25,52.8,50.75,87.0,71.4,63.5,64.25,56.0,57.0,53.0,46.666666666666664
136,how to setup discord on xbox,0.0,11.25,7.0,31.6,3.0,20.75,3.4,3.75,9.0,3.8,21.5,20.0,0.0
137,how to transfer discord to xbox,0.0,0.0,56.25,52.2,47.75,4.25,3.4,13.0,10.5,15.8,12.75,11.0,0.0
138,how to join discord on xbox,42.5,11.5,44.5,67.2,55.0,35.75,21.8,19.75,3.5,24.2,27.25,11.0,33.666666666666664
139,how to set up discord on xbox,35.5,6.25,31.0,24.8,14.75,27.75,7.2,11.25,6.5,12.6,13.25,0.0,0.0
140,transfer discord to xbox,10.0,22.5,54.0,52.8,42.25,7.25,11.0,10.75,17.0,24.0,8.75,10.75,4.666666666666667
141,discord wont connect to xbox,0.0,8.75,12.75,9.4,8.25,0.0,23.6,14.0,32.25,5.8,0.0,16.5,22.666666666666668
142,how to get discord on ps5,0.0,3.5,0.75,5.0,6.5,7.75,12.6,21.0,54.75,22.2,23.75,20.75,13.333333333333334
143,join discord on xbox,44.5,23.25,38.0,55.2,71.25,31.0,30.2,19.25,28.25,25.6,19.75,15.75,21.333333333333332
144,what is discord app,45.0,52.25,46.75,49.0,63.0,47.25,46.0,55.5,59.5,60.0,44.0,36.75,50.333333333333336
145,what is discord,89.0,83.75,79.75,75.6,81.5,77.5,88.8,88.25,88.0,92.0,82.75,88.0,85.66666666666667
146,discord app download,74.5,69.5,70.75,64.6,75.5,76.25,78.8,67.75,71.5,64.2,59.25,72.0,77.0
147,download discord,70.0,68.5,60.0,56.2,61.5,76.75,63.8,61.75,59.75,66.2,61.0,65.75,66.33333333333333
148,discord xbox app,40.5,38.5,55.25,43.6,43.0,31.25,27.0,15.0,28.0,23.6,20.75,22.5,14.666666666666666
149,xbox discord,64.5,46.5,59.75,47.2,51.25,38.25,31.4,27.5,30.5,27.4,23.25,29.25,27.0
150,xbox,56.0,52.75,51.75,48.6,66.75,78.25,59.4,56.0,50.0,44.4,43.5,54.5,55.0
151,discord mobile app,41.0,53.0,39.0,54.0,44.0,43.25,66.4,30.5,52.0,50.2,49.5,55.0,43.0
152,discord app reddit,41.0,34.75,41.75,27.0,45.0,38.75,38.2,37.5,37.25,45.6,43.25,47.0,35.333333333333336
153,discord app store,26.5,63.25,67.75,58.0,46.5,52.25,49.0,49.0,46.5,48.6,52.0,28.75,16.0
154,app store,82.0,85.75,82.75,77.4,80.0,83.5,81.0,78.5,75.75,76.8,73.5,77.75,75.0
155,discord server,90.5,79.25,67.0,63.0,66.75,68.25,70.2,69.0,69.25,77.0,74.25,86.25,91.33333333333333
156,discord app login,90.0,50.75,35.75,46.8,67.5,57.5,42.4,49.5,29.0,31.2,45.0,37.75,56.333333333333336
157,discord login,99.0,94.25,82.5,82.4,85.25,84.75,82.2,84.25,77.5,78.4,84.25,87.0,90.0
158,discord web,74.5,80.0,69.5,70.4,72.25,76.25,78.0,82.75,76.75,81.0,88.25,89.75,90.33333333333333
159,discord web app,35.0,35.5,36.75,51.8,53.75,26.5,36.6,61.75,36.25,47.8,50.25,61.5,43.666666666666664
160,discord desktop,74.0,81.25,66.75,68.6,71.25,75.25,79.0,74.25,68.5,74.0,78.25,79.5,74.0
161,discord desktop app,57.5,53.0,73.25,47.4,34.0,46.0,46.6,56.25,36.25,40.0,45.0,25.75,47.0
162,discord chat,58.0,48.0,50.0,49.0,53.5,52.0,56.6,57.75,75.5,62.4,59.5,61.75,60.333333333333336
163,discord app on xbox,42.0,38.5,65.0,48.8,40.25,37.25,21.8,21.0,30.0,26.6,11.25,28.25,6.333333333333333
164,discord app mac,79.5,60.5,62.0,14.0,62.25,42.5,59.6,79.5,45.25,34.6,48.5,54.0,61.333333333333336
165,discord apps,73.0,86.75,82.25,80.6,69.25,76.0,74.2,72.75,75.75,75.2,85.5,80.5,78.66666666666667
166,youtube app,54.5,54.5,56.25,52.8,65.5,55.75,53.4,56.25,53.25,54.4,49.75,50.5,49.666666666666664
167,midjourney app,15.5,29.5,19.5,7.6,8.5,28.25,57.0,58.25,73.25,85.6,68.0,72.0,55.666666666666664
168,chatgpt app,0.0,0.0,0.0,0.0,0.25,14.75,65.0,71.75,51.25,64.6,60.75,37.0,34.666666666666664
169,7zip,92.5,89.5,82.75,82.0,84.0,87.0,87.6,92.0,87.25,89.6,88.25,84.0,93.33333333333333
170,midjourney ai,57.0,65.5,48.75,19.4,22.5,45.25,55.4,53.75,71.75,76.2,67.25,56.25,52.666666666666664
171,ea app,13.0,12.5,18.75,33.6,33.0,36.5,43.8,52.75,66.5,58.0,61.75,49.5,55.666666666666664
172,curseforge,72.5,68.5,54.25,48.6,62.5,74.5,75.2,62.5,65.5,66.0,62.0,87.0,78.66666666666667
173,ea app download,9.5,20.5,15.0,34.6,40.0,48.5,51.2,60.5,74.0,62.2,69.0,61.25,68.33333333333333
174,gas app,18.0,15.75,14.25,61.4,45.0,16.5,15.2,13.5,13.0,14.0,12.75,13.25,13.333333333333334
175,discord app directory,0.0,10.0,12.75,46.6,13.25,28.5,0.0,0.0,10.25,7.8,9.5,0.0,0.0
176,visual studio code,75.5,83.75,86.25,75.0,69.5,64.0,83.0,83.25,77.75,77.8,71.25,70.0,70.33333333333333
177,ps remote play,59.5,49.25,49.0,41.6,65.75,69.0,58.2,57.5,51.5,49.6,48.75,71.5,62.666666666666664
178,valorant download,83.0,85.25,64.75,55.6,51.75,72.75,64.0,53.75,61.75,55.6,51.0,58.25,61.333333333333336
179,riot games,91.0,86.0,73.75,61.2,59.25,72.0,73.0,65.25,66.0,70.0,64.75,67.75,71.0
180,discord auth code,31.0,63.75,32.25,43.4,43.25,52.5,59.0,39.25,40.0,42.2,57.0,52.25,37.666666666666664
181,battle net,14.5,14.75,23.5,56.6,34.0,22.75,17.2,15.75,20.5,19.2,23.0,35.0,22.333333333333332
182,common app,28.0,34.0,50.75,83.4,38.25,27.5,27.2,15.75,11.75,9.8,11.25,12.25,16.0
183,quest app lab,90.5,63.0,52.0,39.2,49.5,53.75,65.2,66.0,49.0,36.8,36.0,43.5,44.0
184,roll20 app,45.5,33.75,51.0,11.0,30.5,34.5,62.4,29.75,53.75,50.8,41.25,56.75,29.0
185,appstore,90.0,80.75,84.75,81.6,84.25,89.25,85.6,78.75,79.75,82.8,85.75,80.0,89.33333333333333
186,discord delete account,67.5,69.75,50.75,61.2,65.5,64.0,68.8,85.75,68.75,70.2,71.5,56.25,74.33333333333333
187,discord make account,77.5,74.0,58.0,48.2,65.75,59.5,47.2,65.75,74.0,57.0,59.75,80.25,57.0
188,how to delete discord,94.0,80.5,67.5,72.8,71.5,75.5,77.6,82.5,82.5,82.6,78.75,84.75,81.33333333333333
189,how to delete discord account,80.5,73.0,50.5,55.6,45.75,66.0,62.8,65.5,70.75,62.8,52.75,66.25,57.333333333333336
190,discord new account,62.5,61.0,43.5,56.6,44.25,57.25,34.0,49.0,49.5,52.4,54.25,70.75,85.0
191,discord disabled account,50.0,63.75,28.75,31.0,23.0,22.75,21.0,35.5,25.25,37.0,45.5,54.5,35.666666666666664
192,google account,92.5,96.5,95.0,88.6,82.5,82.75,88.4,84.25,86.0,84.0,85.0,88.0,77.33333333333333
193,login discord,99.0,94.25,82.5,82.4,85.25,84.75,82.2,84.25,77.5,78.4,84.25,87.0,90.0
194,gmail account,93.5,97.25,81.75,78.0,74.0,76.75,78.4,75.75,75.0,72.2,76.0,74.75,76.0
195,make a discord account,85.5,59.25,51.0,55.6,79.5,61.25,59.8,68.25,67.5,66.6,51.25,75.5,62.333333333333336
196,discord phone number,77.0,81.5,65.25,52.2,83.0,68.0,64.2,69.25,60.25,71.8,65.5,81.0,90.0
197,free discord account,68.0,34.75,24.25,26.0,25.25,28.0,28.0,28.75,25.5,34.4,23.25,50.25,27.0
198,how to delete a discord account,62.5,53.75,48.5,35.2,37.75,44.0,48.4,41.5,52.75,47.8,40.75,44.75,16.666666666666668
199,how to make a discord account,50.0,51.5,39.25,48.8,41.5,48.0,29.8,56.25,26.25,37.6,38.0,58.75,65.33333333333333
200,steam,62.0,61.75,59.75,58.0,65.0,78.5,64.6,63.0,65.0,58.8,59.25,65.75,69.0
201,disable discord account,55.5,65.75,42.75,44.2,48.5,47.75,43.6,48.75,36.25,39.4,36.25,65.5,67.66666666666667
202,create a discord account,17.0,55.0,21.5,59.2,26.25,40.75,55.6,50.75,41.0,34.0,30.0,31.5,53.333333333333336
203,what is a discord account,45.0,37.0,33.75,43.0,45.5,30.25,42.2,37.5,43.0,45.2,28.5,19.0,58.0
204,discord support,70.0,76.75,55.5,62.8,58.5,62.75,65.0,69.5,64.25,67.0,74.75,87.75,80.33333333333333
205,discord account hacked,54.5,66.25,36.75,25.0,27.5,9.25,29.4,29.75,31.25,25.4,20.5,23.25,43.666666666666664
206,discord there was a problem updating your account,0.0,0.0,0.0,0.0,22.0,22.0,29.6,50.0,0.0,58.2,28.75,25.0,0.0
207,oldest discord account,0.0,13.25,19.75,9.6,10.75,30.25,34.0,0.0,0.0,20.0,0.0,17.75,33.333333333333336
208,google password manager,69.0,69.25,66.25,70.8,74.0,86.5,90.4,93.25,89.25,89.0,93.25,95.0,86.0
209,10 minute mail,68.5,59.25,65.0,70.4,76.75,71.75,71.0,68.5,65.5,77.6,82.75,79.25,78.33333333333333
210,password manager,77.5,79.0,79.5,78.2,80.5,90.0,93.0,91.75,90.5,87.4,89.75,91.5,90.33333333333333
211,geforce experience,70.5,72.25,70.25,71.4,86.25,85.25,72.2,71.25,67.5,61.2,63.5,72.5,68.0
212,epic games login,31.0,31.75,28.25,21.6,22.5,58.25,35.4,28.75,30.0,27.0,28.25,34.25,32.0
213,2015 discord account,0.0,0.0,0.0,19.0,21.25,31.5,8.8,31.75,51.5,9.0,0.0,20.0,0.0
214,multiple discord accounts mobile,16.5,0.0,27.75,12.0,30.5,4.5,14.2,28.75,24.0,12.4,19.5,22.5,18.0
215,discord ps5,5.5,4.5,6.75,8.0,13.25,10.75,13.2,19.0,51.0,16.8,15.25,21.0,16.0
216,activision account,16.5,16.5,25.75,44.8,64.25,36.5,23.2,18.0,19.25,14.0,15.0,16.25,17.0
217,spotify download,78.0,83.75,82.5,74.2,74.25,85.75,85.2,73.75,75.25,73.6,71.75,74.0,75.66666666666667
218,roblox support,68.0,63.25,45.25,43.4,44.25,55.25,55.4,52.75,58.75,57.0,61.0,85.25,93.0
219,discord_backup_codes.txt,40.0,31.0,11.0,21.0,10.0,25.0,6.6,10.25,15.75,17.0,0.0,21.0,30.0
220,vrchat,95.5,67.75,59.0,55.6,58.5,67.0,65.8,59.25,59.5,58.4,58.25,68.5,74.33333333333333
221,patreon,91.5,80.75,79.0,75.8,76.75,79.5,90.2,87.5,84.25,81.0,85.75,88.25,95.0
222,blizzard,11.5,11.5,11.25,18.8,15.5,45.0,13.6,22.25,17.0,19.6,15.25,17.5,16.666666666666668
223,emojis,41.5,42.25,47.0,44.0,41.0,43.5,39.8,43.0,57.0,80.4,55.75,51.75,47.666666666666664
224,discord emojis,70.5,76.25,63.25,53.8,60.0,53.0,61.2,59.75,59.0,72.6,61.0,69.0,71.66666666666667
225,emoji discord server,84.5,58.0,59.25,52.8,57.0,46.75,61.4,56.0,56.5,60.0,59.25,68.0,73.33333333333333
226,emoji for discord,88.5,64.25,63.25,55.8,54.75,54.75,49.6,65.25,68.25,67.8,68.5,54.25,65.0
227,discord emoji bot,72.0,48.25,43.5,46.8,45.0,52.75,45.4,49.5,37.0,40.8,32.75,45.0,37.333333333333336
228,bot emoji,83.0,84.25,87.5,77.4,76.75,75.0,79.0,67.75,71.25,80.0,64.0,72.25,82.33333333333333
229,emoji copy,82.5,87.75,93.0,90.4,91.0,90.75,89.0,90.75,93.5,92.2,92.75,85.25,84.66666666666667
230,emoji copy paste,85.0,90.25,94.0,93.0,93.75,91.75,91.8,93.5,96.0,95.4,95.5,87.75,84.33333333333333
231,discord emoji copy paste,80.0,53.0,54.75,39.2,56.75,47.5,36.6,71.0,48.0,44.2,43.5,48.5,44.666666666666664
232,discord gif emoji,78.5,73.0,57.25,60.4,56.5,57.0,65.8,62.25,70.0,63.8,69.75,62.0,44.333333333333336
233,emoji copy and paste,79.5,86.25,93.5,93.4,93.5,91.25,90.8,93.5,95.5,94.4,91.5,82.75,79.0
234,emoji maker,72.5,75.5,74.5,72.2,72.5,73.75,73.4,82.75,75.0,77.0,84.0,76.5,59.666666666666664
235,discord emoji maker,94.5,84.25,38.25,40.0,39.5,59.75,61.2,38.75,48.5,46.8,58.5,81.75,62.666666666666664
236,text emoji,76.0,79.5,79.75,81.4,83.25,82.5,84.2,86.75,87.75,90.8,88.5,93.5,90.33333333333333
237,discord auto emoji,14.0,14.75,13.5,14.4,7.25,7.75,8.4,6.25,9.25,32.8,19.0,15.0,11.666666666666666
238,custom emoji discord,67.0,24.75,42.25,25.0,49.75,39.5,52.2,51.0,38.0,63.0,33.75,86.25,39.333333333333336
239,custom emoji,80.5,81.5,73.75,77.8,72.5,68.5,82.4,74.75,74.0,79.8,80.5,85.75,78.0
240,heart,68.0,68.0,67.75,67.2,66.25,66.75,82.4,93.25,74.75,72.0,71.0,69.75,67.0
241,heart emoji,73.5,72.0,69.25,70.4,73.0,75.25,75.8,86.0,74.5,78.0,81.5,77.0,69.0
242,emoji servers discord,50.5,81.5,29.0,65.0,52.25,49.75,51.0,47.75,64.75,59.0,73.5,62.25,53.333333333333336
243,discord emote,89.5,81.5,70.5,65.2,71.5,66.5,69.4,65.75,73.25,73.0,61.25,64.75,76.33333333333333
244,bat emoji,35.5,32.5,35.75,69.0,25.5,19.75,31.0,38.0,26.75,42.0,46.0,36.0,33.0
245,turn off auto emoji discord mobile 2023,0.0,0.0,9.25,5.0,5.5,15.25,10.0,0.0,0.0,35.8,15.25,16.75,24.0
246,discord server templates,55.0,53.25,62.0,23.6,41.5,43.5,53.2,20.25,39.0,37.2,61.5,70.0,42.333333333333336
247,turn off auto emoji discord mobile 2022,0.0,17.75,8.25,0.0,0.0,25.25,5.8,16.75,31.0,7.6,15.75,0.0,15.666666666666666
248,how to turn off emoticon to emoji discord,0.0,12.0,10.5,9.4,0.0,18.5,0.0,0.0,15.25,0.0,25.0,23.5,0.0
249,turn off auto emoji discord mobile,6.5,11.75,14.25,11.8,4.25,12.25,0.0,5.5,15.75,24.8,7.25,12.0,5.333333333333333
250,resize gif,77.0,88.5,80.0,72.8,68.75,48.0,70.4,70.5,62.75,73.0,65.75,73.25,72.66666666666667
251,discord pleading emoji,0.0,0.0,4.5,5.0,9.25,5.75,0.0,3.25,28.5,18.8,10.5,3.0,9.666666666666666
252,color picker,71.0,82.5,94.25,86.4,85.0,75.25,89.6,92.0,90.0,85.4,79.75,71.25,66.66666666666667
253,discord font generator,50.5,62.0,42.25,46.8,51.0,62.25,53.2,52.25,64.0,58.6,54.75,74.75,90.0
254,remove background from image,63.5,69.25,71.25,76.6,75.5,71.0,77.0,80.25,80.75,86.2,80.75,72.5,71.0
255,discord auto emoji off,11.0,15.25,13.25,8.2,6.75,7.0,8.4,8.25,19.75,30.2,14.25,20.25,7.333333333333333
256,turn off auto emoji discord,16.0,20.25,11.25,11.8,9.5,5.5,6.6,9.25,14.5,27.6,14.5,10.25,15.333333333333334
257,star symbol,69.0,76.0,77.75,72.2,75.25,79.0,79.4,76.75,77.25,85.4,87.5,82.75,78.66666666666667
258,font generator,79.5,81.5,80.5,82.8,80.75,87.5,87.6,90.25,90.75,93.4,97.0,96.75,91.0
259,pintrest,72.0,77.5,88.25,84.6,81.5,79.25,86.4,89.0,85.5,85.4,79.25,76.0,77.0
260,discord tos,57.5,64.5,44.0,49.2,45.75,45.0,54.0,66.5,73.5,58.6,38.75,55.5,67.33333333333333
261,gif resizer,83.0,78.5,66.25,64.2,68.5,64.5,74.8,57.75,56.5,62.4,69.25,59.0,64.0
262,how to turn off emoticon to emoji discord mobile,50.0,0.0,39.75,0.0,12.75,19.0,0.0,25.0,0.0,17.0,13.25,0.0,0.0
263,nerd emoji,65.5,83.25,82.75,83.2,75.0,74.75,87.2,79.5,79.0,85.8,87.5,69.0,56.0
264,webp to gif,81.5,73.5,66.5,65.6,71.25,64.0,69.2,76.25,79.75,69.0,69.5,67.25,73.0
265,discord developer portal,80.0,67.5,55.5,46.4,75.25,76.75,63.4,69.25,64.5,72.8,71.5,79.25,75.0
266,eye emoji,76.0,74.75,77.5,72.0,69.5,66.25,78.6,81.25,88.5,85.8,81.0,90.25,89.66666666666667
267,skull emoji,75.0,80.0,86.25,93.0,83.75,85.5,90.6,89.0,94.0,89.0,87.25,82.0,74.33333333333333
268,bot,87.5,87.0,77.5,73.8,71.5,78.75,80.0,84.5,79.75,87.6,80.25,79.25,78.0
269,discord music bots,28.5,31.5,27.5,48.0,37.75,29.0,27.4,73.5,38.25,35.2,27.0,35.75,37.333333333333336
270,music bots,36.0,39.25,32.25,50.4,42.75,37.25,32.4,76.25,43.75,39.8,34.5,41.0,40.333333333333336
271,bots for discord,71.0,80.0,63.25,79.6,71.75,71.0,70.2,87.5,73.5,71.8,65.0,72.25,73.0
272,bots on discord,69.5,68.0,64.0,65.8,57.25,55.0,69.8,68.0,70.75,65.2,72.0,77.25,64.0
273,add bots to discord,73.0,75.25,50.5,48.6,41.25,49.0,46.4,49.5,53.0,38.2,40.25,50.5,65.66666666666667
274,best discord bots,69.0,83.25,66.5,64.8,57.25,59.25,60.8,68.25,65.5,78.0,52.5,52.0,79.33333333333333
275,discord music bot,41.5,41.0,42.25,59.4,51.0,40.5,39.2,80.0,56.0,47.8,41.75,52.75,55.666666666666664
276,music bot,46.0,46.0,45.5,58.6,51.25,43.25,42.6,79.5,57.0,49.6,44.75,54.25,57.333333333333336
277,how to add bots to discord,79.0,81.75,64.5,52.8,47.5,47.75,50.0,47.25,54.75,36.8,49.0,60.75,84.33333333333333
278,discord how to add bots,68.0,75.25,40.25,42.6,37.5,34.0,42.4,37.5,38.25,32.4,34.75,47.75,54.0
279,youtube bots,35.5,37.0,38.75,72.8,56.25,43.0,49.0,57.0,50.5,31.6,36.25,41.75,45.333333333333336
280,discord youtube bots,8.0,13.25,23.0,72.0,48.0,36.75,30.8,42.75,40.5,17.8,16.25,13.25,23.666666666666668
281,discord bots mee6,63.0,70.0,58.25,55.0,62.75,39.75,49.4,58.0,52.25,43.4,28.75,47.0,46.0
282,mee6 discord,92.5,81.5,68.0,66.2,63.75,52.5,60.0,67.75,64.5,64.8,49.5,64.5,64.33333333333333
283,mee6,98.0,87.0,72.25,70.4,67.75,61.5,63.0,69.5,65.75,63.2,55.5,62.0,68.66666666666667
284,bots to add to discord server,85.5,59.5,33.0,33.0,28.75,32.5,33.0,39.25,43.25,25.4,27.5,46.0,46.0
285,add bots to discord server,57.5,72.5,43.25,42.0,23.25,36.0,38.0,36.75,42.75,28.4,24.5,41.5,64.0
286,music bots for discord,54.0,40.5,32.5,57.4,53.0,63.5,48.2,84.0,37.0,62.4,39.75,44.5,36.333333333333336
287,how to make discord bots,58.0,35.25,35.25,43.6,41.5,32.0,23.6,43.25,44.75,34.8,33.75,48.25,45.666666666666664
288,how to add bots to discord server,49.5,62.25,24.25,29.2,22.25,19.75,34.8,35.25,30.25,29.8,27.75,36.75,44.666666666666664
289,best bots for discord,76.0,62.0,58.75,40.0,55.75,36.0,55.4,41.75,51.0,40.6,50.75,40.75,75.66666666666667
290,music bots for discord 2023,0.0,8.5,0.0,17.0,0.0,16.0,4.2,46.5,14.25,5.4,18.0,46.5,21.0
291,vimeo,16.0,15.75,15.75,16.2,21.25,14.25,16.0,16.25,35.0,52.0,15.25,13.75,13.333333333333334
292,best music bots for discord 2023,0.0,0.0,5.5,15.2,0.0,25.0,18.0,0.0,27.75,12.6,0.0,13.75,14.666666666666666
293,discord music bots 2023,0.0,4.25,5.25,0.0,0.0,7.75,5.4,54.5,37.75,7.0,22.5,21.0,51.666666666666664
294,uzox bot,20.5,4.5,11.75,16.2,18.75,43.75,5.2,33.75,17.0,17.0,28.0,38.75,59.333333333333336
295,uzox discord bot,0.0,22.25,0.0,9.0,12.75,14.75,4.8,29.75,32.5,33.2,29.25,22.25,32.0
296,aiode,12.5,33.5,30.25,19.4,21.75,22.0,36.4,49.0,28.25,35.4,33.0,23.5,73.66666666666667
297,discord ai bots,8.0,31.75,15.25,15.6,6.0,0.0,25.2,28.0,38.75,55.8,22.25,47.75,32.666666666666664
298,uzox,0.0,18.25,0.0,32.2,43.75,30.5,22.4,64.75,51.5,37.4,55.0,57.5,67.0
299,discordbots,67.0,11.0,20.5,31.6,0.0,18.75,11.8,19.0,8.75,12.6,36.0,0.0,0.0
300,discord music bots that support youtube,0.0,12.0,34.75,40.4,62.25,41.5,6.2,38.0,38.75,0.0,21.0,7.5,12.0
301,jockie music bot,9.0,21.75,11.0,45.2,42.25,18.75,38.8,69.75,55.0,46.4,48.25,41.0,85.33333333333333
302,music bots for discord 2022,18.0,18.5,10.5,38.6,33.75,25.0,13.8,22.5,4.0,5.0,0.0,4.0,0.0
303,discord bots that play youtube,0.0,4.0,4.75,50.2,48.5,8.5,19.4,5.0,18.25,5.2,9.75,11.0,0.0
304,botghost,46.5,42.5,13.0,26.8,44.5,39.0,31.2,23.25,28.0,23.8,36.0,54.0,29.666666666666668
305,music bots discord 2022,8.0,36.5,26.5,75.0,64.25,38.75,17.0,36.25,0.0,7.8,0.0,0.0,11.666666666666666
306,jockie music,19.5,29.25,26.75,37.8,47.75,30.75,35.0,52.25,47.5,54.0,62.0,64.5,87.33333333333333
307,destiny 2 discord bots,17.0,54.75,0.0,15.6,19.5,21.5,0.0,9.75,0.0,24.0,11.0,0.0,0.0
308,discord music bot that plays youtube,0.0,15.75,22.5,34.0,19.5,17.75,5.2,36.75,52.25,36.4,44.75,28.75,45.0
309,soundcloud,68.5,82.0,92.25,89.0,84.75,86.0,83.0,82.0,78.0,76.0,74.5,61.5,59.666666666666664
310,how do i add bots to my discord server,0.0,14.25,16.75,10.4,33.0,0.0,0.0,37.75,0.0,15.0,0.0,24.75,12.666666666666666
311,music bot discord 2022,20.0,26.5,21.5,58.0,23.0,24.25,20.6,15.25,10.75,5.2,0.0,0.0,0.0
312,ticket tool,57.0,43.75,38.25,40.4,41.0,41.75,40.2,41.0,39.25,37.6,43.25,55.75,41.333333333333336
313,aiode discord bot,21.0,33.0,30.75,23.8,33.5,7.5,18.2,32.25,31.0,21.0,18.5,37.75,59.0
314,meaning of discord,45.0,59.0,75.75,65.2,56.75,61.0,67.4,82.75,65.25,78.4,67.25,65.25,62.0
315,discord definition,58.5,68.5,82.25,77.6,63.5,63.75,69.6,67.75,67.75,66.2,53.75,51.25,45.666666666666664
316,discord kitten meaning,37.0,33.75,56.75,75.2,43.0,18.0,60.8,28.25,56.5,38.2,28.75,32.25,16.333333333333332
317,discord kitten,67.0,84.5,80.5,78.4,65.75,69.75,64.0,60.25,59.0,61.8,67.5,55.75,48.333333333333336
318,what does discord mean,93.0,82.25,72.5,66.0,66.75,66.75,71.8,70.5,71.75,73.4,70.75,81.75,78.0
319,discord emoji,82.0,76.5,69.0,64.0,60.75,67.25,69.6,66.75,69.75,76.2,70.0,77.25,76.0
320,idle,70.5,77.75,88.5,89.6,75.5,71.5,74.6,78.75,78.0,80.2,81.5,73.25,70.33333333333333
321,discord names,69.0,67.5,53.75,50.4,52.75,49.75,55.6,54.5,56.25,53.0,55.75,82.0,62.0
322,idle meaning discord,59.0,28.25,27.25,24.8,16.75,14.5,15.4,16.5,20.75,27.6,21.0,25.0,13.333333333333334
323,idle meaning,82.0,80.25,73.25,84.8,79.5,74.5,83.6,82.75,86.25,92.8,81.0,71.0,72.33333333333333
324,pfp,98.0,97.25,89.25,82.2,80.25,82.5,82.4,79.0,78.75,76.8,76.25,81.0,78.0
325,discord pfp,92.5,89.75,68.5,63.2,61.5,70.25,61.4,61.0,55.5,59.4,56.5,65.0,63.0
326,pfp meaning discord,36.0,35.5,45.25,18.4,35.0,49.0,38.6,43.25,28.25,27.6,0.0,43.5,39.666666666666664
327,discord lyrics,87.5,86.5,69.25,67.8,71.75,73.25,70.6,74.75,73.5,76.6,74.0,76.5,84.66666666666667
328,discord meaning in english,8.5,26.5,15.25,20.2,8.0,19.5,27.6,25.0,14.25,27.0,16.5,27.75,41.666666666666664
329,discord synonym,53.0,62.25,65.75,66.2,62.5,58.75,72.6,87.0,67.25,68.6,52.25,57.75,49.666666666666664
330,nsfw discord meaning,60.5,38.5,33.5,34.0,27.0,25.25,20.4,53.0,20.0,41.4,14.25,10.25,47.333333333333336
331,nsfw meaning,56.0,67.25,49.0,54.2,53.5,55.25,56.6,51.25,54.25,40.4,49.0,48.0,65.33333333333333
332,discord status,74.0,81.0,58.5,53.6,52.75,66.5,65.2,63.5,53.5,52.8,53.25,71.0,59.0
333,iwc meaning,16.0,39.5,26.5,53.0,38.25,45.5,38.0,60.25,30.5,48.0,63.5,63.75,38.333333333333336
334,iwc meaning text discord,0.0,23.25,24.0,32.4,13.0,0.0,20.0,25.75,10.25,16.0,18.75,0.0,0.0
335,obsolete,67.5,77.25,91.75,88.2,80.75,70.75,83.0,88.0,88.5,91.0,82.75,71.0,65.33333333333333
336,conflict synonym,30.0,46.0,81.0,90.2,81.5,58.75,66.4,84.5,75.25,73.6,58.75,36.5,25.0
337,irc meaning,30.5,28.25,24.5,44.6,36.5,55.25,45.6,56.5,45.25,48.6,37.75,31.25,30.0
338,define dissension,0.0,13.0,38.0,40.2,34.25,8.5,38.4,40.25,32.5,40.4,25.75,16.5,4.0
339,icl meaning,37.0,33.0,36.75,36.4,43.75,50.5,45.4,44.75,65.0,65.2,79.75,90.0,79.33333333333333
340,zesty meaning,35.0,43.0,53.5,47.2,67.5,59.25,63.8,67.0,68.0,83.8,75.75,57.0,47.333333333333336
341,bbc meaning,66.5,63.75,75.5,64.0,78.75,69.0,69.8,82.0,76.25,85.6,68.0,73.25,78.33333333333333
342,/pos meaning discord,52.5,0.0,7.75,5.0,35.5,59.0,10.6,17.25,36.5,0.0,8.0,17.25,0.0
343,belligerent,45.0,71.25,88.75,92.6,73.5,52.75,70.6,72.5,75.0,70.4,63.0,46.0,43.0
344,/pos meaning,38.0,14.0,27.75,29.8,33.25,53.5,49.6,32.0,30.5,48.2,38.75,47.5,48.666666666666664
345,rizz meaning,10.5,10.25,14.25,32.0,60.25,87.5,69.0,54.5,45.5,51.0,43.5,43.5,35.0
346,discord release date,69.0,64.5,60.0,71.4,53.5,50.75,57.0,71.5,68.25,58.8,53.75,78.0,52.0
347,calamity,100.0,80.75,65.5,67.6,57.0,58.25,64.8,67.25,71.25,79.4,87.0,78.25,82.0
348,destitute,38.5,45.25,60.0,66.2,67.5,64.5,58.6,59.0,56.25,51.6,42.75,34.5,31.0
349,reverse image search,94.0,86.75,86.0,78.0,79.25,78.75,77.4,75.75,76.25,82.2,81.25,89.5,94.0
350,betterdiscord,64.0,47.25,52.25,44.8,33.5,38.0,34.6,51.25,59.0,31.2,23.75,33.5,35.333333333333336
351,/pos,82.5,61.25,53.0,67.6,57.25,63.0,65.4,53.0,75.0,77.2,74.5,57.25,78.66666666666667
352,mfw meaning,92.5,78.0,80.25,57.0,64.0,62.0,59.8,60.25,69.0,67.4,70.25,67.75,58.333333333333336
353,haughty eyes,34.5,59.25,47.0,45.6,35.0,34.75,60.6,64.75,59.25,58.0,66.25,77.5,44.333333333333336
354,discord mod meaning,25.5,13.5,29.25,41.6,16.25,28.5,48.4,22.5,9.0,22.4,24.5,24.75,37.0
355,steam deck,53.5,52.5,66.25,64.8,57.0,77.25,57.0,49.25,59.75,46.6,47.75,50.75,64.66666666666667
356,steam games,54.0,52.75,49.0,49.6,52.5,70.5,55.2,50.75,55.5,47.2,50.5,59.25,62.666666666666664
357,steam download,57.5,58.25,50.5,46.8,55.0,68.5,57.8,57.75,55.25,47.4,47.5,53.25,57.333333333333336
358,what is steam,59.0,68.25,73.0,73.6,81.25,84.75,85.8,89.75,87.75,80.0,75.5,75.0,76.66666666666667
359,steam card,36.0,32.25,32.5,31.2,41.5,76.75,34.2,33.75,34.0,30.8,30.5,35.5,36.666666666666664
360,steam cleaner,77.5,82.25,74.25,70.6,80.25,71.25,77.6,71.75,77.5,84.0,83.25,85.75,92.0
361,steam sale,11.5,11.75,12.5,15.2,28.75,37.0,13.6,13.0,23.75,12.8,18.75,54.5,28.0
362,steam charts,81.0,73.0,73.5,62.6,64.75,69.0,63.6,72.0,63.25,61.0,66.0,85.5,87.33333333333333
363,steam mop,51.0,53.0,49.5,53.8,75.5,60.75,57.4,52.25,50.5,52.2,48.0,48.5,63.0
364,steam engine,51.0,59.0,69.75,71.2,74.75,72.25,90.6,89.75,83.0,71.8,59.0,49.25,52.333333333333336
365,steam controller,62.5,54.75,52.75,51.4,55.0,72.0,61.0,58.75,56.75,50.0,53.0,56.75,69.0
366,steam account,50.5,50.0,45.5,43.4,52.0,67.75,55.0,54.5,58.75,51.8,51.75,58.25,68.33333333333333
367,best steam games,53.0,52.5,51.25,45.0,52.5,67.0,53.8,46.0,52.25,45.4,42.5,48.5,64.66666666666667
368,steam gift card,18.5,16.0,15.75,15.6,27.25,69.75,20.0,19.75,19.0,18.6,17.75,19.0,20.0
369,refund steam,35.5,35.25,35.25,33.4,41.25,53.25,43.8,48.0,44.75,36.0,39.25,46.0,63.333333333333336
370,steam down,35.0,43.75,34.0,25.4,33.0,37.5,45.6,37.5,50.5,46.2,40.25,48.5,35.0
371,steam room,58.0,60.5,60.5,63.8,72.25,80.25,91.0,87.25,81.25,73.8,71.0,73.75,70.66666666666667
372,steam vr,52.5,41.0,37.75,34.4,46.5,62.0,47.2,37.0,42.0,33.6,31.5,41.5,41.0
373,steam link,60.5,56.75,49.5,50.8,58.75,72.5,62.8,64.0,56.75,52.6,55.5,58.75,63.333333333333336
374,steam install,57.0,58.5,59.5,59.0,54.75,69.25,57.0,58.75,61.5,52.4,55.75,61.5,74.66666666666667
375,steam deck games,52.0,56.75,69.25,64.6,57.0,75.25,57.2,52.25,60.75,48.6,49.75,48.75,65.0
376,steam free games,66.0,66.75,56.5,50.8,56.5,79.0,59.6,60.25,64.75,57.2,67.5,79.5,71.0
377,steam store,48.5,54.75,51.5,51.0,64.5,76.75,54.8,55.5,58.0,48.8,50.25,51.5,59.0
378,stream,64.0,69.5,85.25,79.0,84.75,80.5,77.6,81.75,77.0,76.2,70.75,70.25,69.66666666666667
379,steam summer sale 2023,0.5,0.0,0.0,0.0,0.5,0.0,0.2,0.25,0.0,1.6,7.25,47.25,11.666666666666666
380,rog ally,0.0,0.0,0.0,0.0,0.0,0.25,0.0,0.0,0.25,17.8,42.25,68.75,45.0
381,asus rog ally,0.0,0.0,0.25,0.0,0.25,0.0,0.2,0.25,0.25,27.2,50.25,63.75,41.666666666666664
382,diablo 4 steam deck,0.0,0.0,0.25,0.4,1.75,2.0,1.0,1.75,16.75,2.6,23.5,63.25,23.0
383,steam deck giveaway,0.0,0.25,0.25,0.0,7.25,27.0,0.2,0.25,0.5,0.4,0.0,0.0,0.3333333333333333
384,steam sales 2023,0.0,5.25,2.0,1.6,0.0,2.5,14.6,25.0,60.0,22.0,38.25,65.75,30.333333333333332
385,steam spring sale 2023,0.0,2.0,0.0,0.0,3.75,1.25,1.6,5.75,42.75,6.2,3.5,2.0,0.0
386,steam replay 2022,0.5,0.25,0.25,0.0,0.0,25.25,2.4,0.5,1.0,0.6,0.25,0.5,0.0
387,steam winter sale 2022,0.0,0.25,0.25,0.6,5.0,41.25,2.0,0.5,0.25,0.2,0.25,0.0,0.0
388,dead island 2,0.0,3.75,1.25,1.0,1.0,1.5,2.0,2.5,4.5,47.8,16.75,7.75,5.666666666666667
389,steam antitrust lawsuit,0.0,7.75,3.75,29.8,65.0,20.5,60.8,85.25,51.5,35.6,33.75,17.5,61.333333333333336
390,dead island 2 steam,0.0,2.0,1.5,0.4,0.75,1.5,2.2,2.25,4.5,47.2,9.25,4.75,5.333333333333333
391,diablo 4,0.0,0.0,0.0,0.0,0.0,1.5,1.0,1.25,13.25,1.8,16.0,70.5,34.333333333333336
392,diablo 4 steam,0.0,0.25,0.5,0.6,0.5,2.5,1.2,1.75,18.0,3.8,24.0,60.5,25.333333333333332
393,hogwarts legacy steam,0.0,0.5,0.25,0.0,0.25,1.25,4.8,37.0,3.75,1.8,1.25,1.25,1.3333333333333333
394,steam lawsuit,1.0,2.75,2.25,7.6,30.0,10.5,54.2,59.5,38.25,33.8,63.25,57.5,68.66666666666667
395,steam replay,0.0,0.0,0.0,0.0,0.0,25.25,3.0,0.5,0.5,0.8,0.5,0.5,0.6666666666666666
396,multiversus steam charts,88.0,34.25,21.5,19.0,12.0,6.75,12.8,19.25,14.0,6.0,6.75,1.75,10.0
397,dwarf fortress steam,1.5,2.0,1.75,3.2,5.75,66.25,17.0,6.0,4.5,2.6,2.75,1.75,3.0
398,ayaneo 2,8.5,2.75,9.75,21.4,18.5,48.5,67.6,42.0,57.25,39.8,36.5,19.75,23.333333333333332
399,god of war ragnarok steam,2.0,1.25,1.75,11.4,53.25,18.75,12.6,6.0,5.75,4.0,2.5,2.75,2.6666666666666665
400,emudeck steam deck,39.5,61.5,70.0,75.6,41.75,62.75,58.6,49.75,55.75,52.8,46.25,38.5,68.0
401,emudeck,45.5,49.0,62.25,73.8,41.0,49.75,55.6,44.75,55.0,50.8,50.5,46.5,65.66666666666667
402,the last of us steam,3.5,9.75,7.5,6.4,6.25,11.5,44.0,39.0,56.25,16.2,6.75,8.25,6.333333333333333
403,best steam deck games,50.0,58.5,75.25,63.4,52.25,72.0,58.0,48.75,61.0,50.0,42.5,48.25,67.0
404,voice channel discord,80.0,58.25,61.25,59.2,67.0,56.75,71.8,75.25,74.5,71.8,50.5,68.25,71.66666666666667
405,discord channels,65.5,69.25,72.25,55.2,67.25,61.25,66.2,71.75,72.5,83.4,74.25,70.5,82.33333333333333
406,discord channel emojis,63.5,44.5,52.75,17.6,33.25,47.25,33.4,58.0,42.5,35.2,48.75,39.25,31.0
407,discord forum channel,0.0,29.0,58.0,41.2,23.75,32.75,28.6,20.0,42.75,42.4,41.5,42.0,41.333333333333336
408,discord forum,40.0,42.25,68.75,50.8,44.25,51.0,50.0,53.5,45.5,44.2,52.25,55.0,45.333333333333336
409,discord roles,98.0,76.5,68.5,63.0,58.75,66.0,72.6,62.5,65.5,60.2,62.0,68.5,74.33333333333333
410,discord private channel,37.0,49.75,5.25,25.0,26.75,18.0,47.8,31.5,13.0,23.0,20.0,32.25,37.0
411,announcement,15.5,15.0,17.5,15.4,36.75,23.0,15.6,15.75,15.5,15.8,16.25,15.25,13.333333333333334
412,discord channel ideas,30.0,38.5,25.25,0.0,22.0,25.0,12.0,29.0,34.0,16.8,14.0,19.5,13.666666666666666
413,discord forums,20.0,33.0,57.5,34.8,29.5,38.25,32.8,26.5,25.25,32.2,36.75,34.25,20.0
414,discord soundboard,5.5,4.25,3.0,3.2,3.5,4.25,4.2,3.5,11.25,74.8,49.5,37.75,33.333333333333336
415,chat emoji,50.5,51.25,49.5,51.4,54.25,57.5,70.0,82.25,79.25,76.4,76.0,69.5,63.0
416,discord forum channel not showing,0.0,25.0,0.0,7.4,14.5,0.0,8.6,14.5,10.5,0.0,51.5,13.0,0.0
417,zapier,75.0,73.75,66.25,65.4,61.75,64.5,80.8,81.75,82.0,78.2,83.5,85.5,85.33333333333333
418,discord only showing one channel,0.0,0.0,7.0,0.0,23.25,19.25,7.8,10.0,42.75,35.0,7.25,7.75,0.0
419,how to delete youtube channel,74.0,55.5,50.5,60.6,56.75,65.5,74.8,70.25,65.5,58.4,64.25,83.25,79.0
420,mangago,80.0,72.5,63.75,66.0,71.75,86.75,72.0,64.5,61.75,64.0,65.0,68.5,63.0
421,bullet point copy and paste,40.0,58.0,59.75,67.0,80.0,53.0,74.6,83.25,75.5,63.4,59.75,46.25,37.666666666666664
422,linktree,85.5,85.25,85.0,83.2,87.75,71.75,89.4,87.0,85.25,78.8,74.5,76.25,75.0
423,bold text generator,62.5,61.5,61.75,53.4,61.75,57.25,67.4,60.0,70.0,71.0,68.5,63.5,63.333333333333336
424,discord on ps5,6.0,5.75,6.75,8.4,16.5,13.25,14.2,18.5,63.0,23.8,22.5,29.0,23.666666666666668
425,how to discord ps5,3.5,3.5,3.75,5.2,8.75,6.75,7.8,13.25,61.0,23.4,21.25,26.75,21.666666666666668
426,how to discord on ps5,2.0,3.25,2.75,4.8,7.0,6.5,6.6,10.0,60.25,20.2,19.75,23.5,18.666666666666668
427,use discord on ps5,3.5,4.0,3.5,5.0,8.25,6.75,5.6,9.25,52.0,16.2,13.5,17.25,18.0
428,ps5 how to use discord,1.5,3.5,2.25,4.2,5.5,4.5,3.2,7.75,51.0,14.4,12.5,17.0,15.0
429,get discord on ps5,0.0,2.75,2.0,9.4,7.0,9.5,18.4,18.0,58.75,26.6,25.5,24.75,19.0
430,discord chat ps5,7.0,3.0,2.75,5.2,5.0,5.0,4.2,6.25,40.0,7.6,6.5,12.0,8.0
431,ps5 discord stream,13.0,9.75,11.0,17.2,24.0,19.75,13.6,25.75,66.0,41.8,37.75,55.75,48.666666666666664
432,is discord on ps5,13.0,8.0,8.75,18.8,24.5,23.25,30.2,36.75,65.5,29.8,31.0,35.75,34.0
433,how to use discord on ps5,1.0,2.25,2.75,4.0,4.75,4.5,3.4,4.5,54.0,13.0,12.5,17.5,13.666666666666666
434,how to get discord ps5,2.0,2.25,3.75,4.0,5.5,8.0,12.6,22.75,58.75,22.2,22.25,15.5,10.333333333333334
435,discord for ps5,11.5,14.25,17.0,19.4,25.5,25.75,24.8,43.25,53.5,21.0,26.0,26.25,21.666666666666668
436,ps5 stream to discord,19.5,16.5,8.25,8.8,27.25,19.5,20.8,31.0,68.0,45.2,35.0,65.5,50.0
437,how to get on discord on ps5,3.5,2.25,0.0,6.0,7.75,6.5,13.4,19.25,59.0,24.2,23.75,17.0,17.333333333333332
438,discord in ps5,0.0,3.25,3.5,5.6,13.25,19.25,15.2,13.75,50.75,8.6,14.5,24.5,22.666666666666668
439,playstation discord,18.0,15.75,23.0,23.0,31.75,23.5,26.6,29.25,52.75,18.2,20.25,22.25,17.333333333333332
440,playstation,50.5,48.0,47.75,47.6,71.0,76.75,51.8,54.25,45.75,38.6,45.5,51.0,45.333333333333336
441,connect discord to ps5,8.5,12.75,3.25,8.6,15.0,11.75,19.6,11.5,75.25,37.0,31.75,39.25,37.666666666666664
442,join discord on ps5,0.0,2.0,2.25,1.8,5.25,5.0,2.8,4.0,64.0,28.8,19.5,27.75,35.333333333333336
443,discord voice chat ps5,1.0,1.5,1.5,3.8,2.0,4.25,3.8,2.75,32.0,3.4,4.25,5.25,3.6666666666666665
444,how to join discord ps5,11.0,5.75,2.75,4.6,4.25,2.0,2.8,6.25,58.75,21.6,22.0,20.0,23.666666666666668
445,stream ps5 on discord,15.0,8.0,10.75,13.2,23.0,12.0,13.8,19.0,67.25,40.8,26.5,59.25,41.333333333333336
446,discord and ps5,15.0,8.25,10.0,17.2,48.0,22.0,29.4,20.25,59.25,22.0,22.5,39.25,22.333333333333332
447,discord ps4,29.0,23.75,24.0,22.2,31.75,29.5,26.2,23.0,63.75,29.4,27.5,34.25,32.666666666666664
448,how to join discord call on ps5,0.0,0.0,0.0,38.0,7.5,14.0,0.0,0.0,18.25,7.8,13.75,5.25,9.333333333333334
449,can you screen share on ps5 discord,0.0,26.25,0.0,0.0,8.0,0.0,0.0,0.0,38.0,7.8,24.25,49.25,35.333333333333336
450,how do i use discord on ps5,0.0,6.75,0.0,0.0,0.0,0.0,14.4,14.25,25.0,0.0,0.0,0.0,0.0
451,how to join a discord call on ps5,0.0,24.0,8.75,0.0,26.75,0.0,5.2,8.5,21.25,34.8,29.25,37.25,33.333333333333336
452,discord activate,52.5,30.0,24.25,41.0,37.0,36.25,25.8,45.75,69.75,44.2,43.75,37.0,44.333333333333336
453,ps5 discord beta sign up,16.0,16.0,19.25,0.0,22.5,8.75,29.4,63.25,10.75,5.6,0.0,29.75,0.0
454,https //discord.com/activate ps5,0.0,15.0,25.0,0.0,0.0,0.0,21.6,0.0,16.25,11.6,48.75,8.0,17.666666666666668
455,how to get discord on ps4,44.5,12.25,21.25,30.2,12.0,23.75,7.4,21.75,85.75,23.8,16.75,52.0,59.0
456,how to transfer discord call to ps5,27.0,13.25,0.0,0.0,25.0,10.0,0.0,0.0,39.0,0.0,11.5,0.0,37.333333333333336
457,https //discord.com/activate,13.0,2.75,0.0,2.8,0.0,8.0,7.6,0.0,38.5,11.2,11.25,15.25,22.666666666666668
458,ps5 beta program,0.0,29.0,28.0,5.4,24.25,4.75,24.2,22.5,8.75,0.0,17.5,0.0,0.0
459,ps5 7.0 update,12.5,0.0,3.0,2.0,3.5,2.75,13.0,13.5,27.25,4.0,2.25,4.0,3.3333333333333335
460,g2a,94.0,91.0,87.25,78.0,82.5,83.0,85.8,94.25,84.5,79.8,85.75,91.25,76.0
461,how to join discord from ps5,0.0,0.0,7.25,6.0,19.5,0.0,10.8,9.25,41.0,0.0,17.75,0.0,33.333333333333336
462,linking discord to ps5,20.0,13.25,13.25,20.0,7.25,16.75,24.0,9.75,5.25,4.2,10.25,0.0,0.0
463,how to.use discord on ps5,0.0,24.25,28.75,7.6,21.75,16.5,24.6,11.75,28.25,0.0,25.0,46.5,18.333333333333332
464,ps5 7.00 release date,14.0,10.0,14.25,22.2,26.5,7.5,23.6,0.0,25.0,20.2,6.5,0.0,0.0
465,nfl mock drafts,3.5,5.5,2.25,2.2,4.0,6.5,13.0,29.0,64.25,41.8,0.75,1.75,0.3333333333333333
466,discord/activate,0.0,11.75,16.5,17.0,15.5,0.0,28.6,12.5,42.0,10.4,7.25,9.5,17.666666666666668
467,ps5 beta discord,0.0,0.0,1.5,1.2,0.0,3.75,20.4,66.0,11.0,0.0,1.5,5.25,2.6666666666666665
468,ps5 beta,15.5,7.5,52.75,5.6,1.75,2.5,8.2,15.25,34.0,8.2,8.0,15.25,4.666666666666667
469,transfer discord to ps5,14.5,0.0,14.5,13.4,0.0,0.0,0.0,14.25,68.75,36.2,23.75,35.5,28.0
470,how to join discord on ps5,6.0,6.75,1.5,6.4,6.75,1.0,3.8,3.5,63.5,21.2,17.0,21.0,27.0
471,discord bot music,41.5,41.0,42.25,59.4,51.0,40.5,39.2,80.0,56.0,47.8,41.75,52.75,56.666666666666664
472,how to make discord bot,97.0,73.25,61.5,60.8,63.25,64.75,63.4,71.5,64.0,64.6,49.25,71.25,83.66666666666667
473,mee6 bot discord,89.5,83.5,73.75,77.6,66.25,47.25,58.4,71.25,68.0,59.8,61.25,77.0,75.66666666666667
474,mee6 bot,96.0,83.5,65.25,71.8,62.25,50.75,58.8,69.25,60.5,56.8,49.25,59.0,60.0
475,discord bot commands,81.5,78.5,59.25,63.2,59.0,54.5,56.4,64.75,59.25,48.2,44.5,50.0,44.666666666666664
476,youtube bot discord,22.0,23.75,27.25,72.6,48.5,42.75,39.2,53.0,38.75,34.8,30.75,37.0,42.666666666666664
477,discord carl bot,99.0,62.75,50.5,49.2,38.25,50.0,56.8,52.5,44.0,55.2,52.25,55.75,52.0
478,carl bot,97.0,78.25,58.0,52.2,52.25,53.5,61.0,63.25,55.0,61.0,52.25,67.5,60.333333333333336
479,carl bot discord,99.0,62.75,50.5,49.2,38.25,50.0,56.8,52.5,44.0,55.2,52.25,55.75,52.0
480,how to add bot to discord,95.5,81.0,69.0,63.0,66.25,60.0,62.2,61.75,65.75,71.4,68.75,74.5,82.66666666666667
481,make a discord bot,97.0,69.0,51.5,60.2,62.0,67.5,72.2,76.25,71.5,70.2,55.25,72.75,82.33333333333333
482,how to make a discord bot,93.0,74.25,54.5,60.4,61.75,66.75,63.2,70.75,70.0,60.2,60.75,71.5,81.33333333333333
483,discord roles bot,91.0,77.0,65.75,60.2,42.25,52.75,51.2,58.5,51.75,52.0,55.0,62.75,68.33333333333333
484,dyno discord bot,100.0,63.75,65.25,57.4,56.25,51.75,48.6,60.5,46.25,53.2,50.75,52.75,54.0
485,dyno,97.0,93.75,88.0,83.2,76.0,74.75,81.6,86.75,85.0,86.4,87.5,89.0,85.0
486,dyno bot,88.0,71.75,58.25,48.8,49.75,48.75,50.4,51.0,47.5,46.0,44.75,51.75,47.333333333333336
487,discord role bot,99.5,79.5,61.0,62.8,55.5,62.5,68.6,59.25,44.75,65.4,73.25,73.0,90.0
488,music bot for discord,63.5,59.5,53.25,67.8,75.0,50.0,38.4,73.25,50.75,36.6,40.25,49.5,42.333333333333336
489,python discord bot,78.5,79.25,68.5,65.6,65.75,84.25,81.0,69.5,85.5,74.4,57.0,55.5,68.33333333333333
490,python,79.5,78.75,90.5,95.2,83.75,70.5,80.4,94.25,86.5,82.4,71.25,72.5,75.33333333333333
491,youtube music bot discord,16.5,20.75,22.5,77.8,53.25,33.75,33.4,56.5,42.0,42.4,24.0,40.5,42.333333333333336
492,chatgpt discord bot,0.0,0.0,8.75,8.4,3.5,34.25,33.8,53.25,69.0,79.2,27.0,35.75,37.0
493,chat gpt discord bot,0.0,0.0,11.5,5.6,0.0,25.0,32.8,48.5,75.75,31.6,54.0,30.5,45.0
494,music bot discord 2023,0.0,3.5,0.0,1.8,5.0,0.0,12.8,64.25,36.0,21.4,29.5,29.5,31.333333333333332
495,midjourney bot,20.5,49.5,10.5,5.6,8.0,8.25,10.8,10.5,12.5,12.0,11.0,6.5,6.666666666666667
496,midjourney bot discord,37.5,48.75,17.5,8.0,12.75,12.25,16.0,16.25,18.25,21.0,19.75,11.0,7.0
497,nero bot discord,92.0,7.75,33.5,29.6,7.25,8.5,23.2,19.0,6.0,32.6,53.5,70.5,41.333333333333336
498,appy discord bot,21.0,5.5,0.0,8.8,10.25,32.75,12.6,32.5,20.5,18.4,9.5,13.5,19.333333333333332
499,mid journey bot discord,31.5,48.5,3.5,7.6,19.25,0.0,0.0,0.0,0.0,0.0,0.0,4.75,9.333333333333334
500,discord music bot that plays spotify,19.5,19.5,0.0,36.2,14.5,17.0,3.6,12.25,30.5,33.2,8.25,14.25,24.666666666666668
501,discord ai chat bot,10.5,9.5,18.75,7.6,7.25,10.75,7.0,47.5,27.0,62.4,48.25,44.25,36.0
502,discord ai bot,48.0,54.25,32.25,28.2,22.75,28.75,31.4,45.0,51.0,72.4,63.25,58.5,58.0
503,ai art generator,7.5,12.0,16.5,16.2,19.25,48.0,25.4,23.5,23.75,26.8,25.0,21.5,21.333333333333332
504,clyde discord bot,6.5,2.0,4.75,0.0,1.5,3.5,0.0,4.75,21.75,40.4,21.5,19.25,64.0
505,ai image generator discord bot,62.0,36.25,11.0,0.0,22.75,0.0,0.0,0.0,18.75,4.0,9.25,11.75,14.333333333333334
506,maki,87.0,83.75,92.75,85.4,79.25,84.75,84.8,85.5,86.0,84.4,84.75,85.75,98.66666666666667
507,nitro discord free,50.5,53.0,37.25,35.2,38.0,34.5,33.8,32.5,30.75,44.0,75.0,45.75,45.666666666666664
508,free nitro,58.0,66.75,50.75,51.4,50.0,44.0,48.0,45.25,45.75,49.4,80.75,50.75,47.0
509,gift nitro discord,44.0,38.0,31.5,22.8,53.25,55.0,48.2,23.0,22.25,32.6,57.25,46.75,43.666666666666664
510,nitro gift,57.0,50.5,40.5,34.4,67.75,71.5,49.0,32.0,34.75,43.0,61.25,50.75,47.0
511,cancel discord nitro,45.5,34.25,30.75,29.8,19.25,36.0,29.4,33.5,30.5,35.6,64.75,67.25,54.666666666666664
512,what is nitro,66.5,84.5,88.0,83.0,71.25,61.75,73.6,78.0,95.25,84.6,72.75,57.0,49.0
513,how to get discord nitro,27.0,65.5,31.75,38.6,38.75,39.75,32.4,39.0,30.25,43.4,64.0,42.75,63.666666666666664
514,what is nitro discord,64.0,66.0,48.75,65.4,34.0,67.75,35.6,51.0,53.25,66.0,79.75,42.75,55.0
515,discord nitro code,52.5,49.0,30.75,31.8,40.5,41.5,27.6,28.5,24.75,30.2,43.75,30.5,39.666666666666664
516,how to cancel discord nitro,47.0,32.75,33.25,21.6,17.25,20.5,33.2,33.0,16.5,33.6,47.25,74.0,38.0
517,how to cancel nitro,42.0,36.75,29.0,24.4,21.25,27.25,29.2,22.25,21.75,31.4,60.0,68.5,47.666666666666664
518,discord nitro trial,12.5,4.25,14.75,12.6,11.25,11.25,10.0,8.5,10.5,10.4,61.0,36.75,28.333333333333332
519,discord nitro games,15.0,8.5,4.25,12.8,8.75,9.5,10.4,3.25,10.5,4.6,46.0,15.5,4.666666666666667
520,discord nitro for free,21.0,46.5,11.75,21.6,40.0,24.5,26.2,36.5,23.75,39.0,56.5,44.0,24.333333333333332
521,nitro boost discord,50.0,35.5,29.75,49.0,35.5,19.0,59.4,53.5,54.25,57.6,29.0,26.75,13.0
522,discord boost,83.0,68.0,55.75,57.6,56.25,56.25,58.4,78.5,75.0,78.4,66.5,86.5,64.0
523,how to get discord nitro free,12.0,49.0,35.25,30.4,13.5,16.75,19.2,27.5,24.75,44.4,56.5,50.75,25.333333333333332
524,how to get free nitro,29.5,38.5,43.5,41.2,23.25,31.25,26.2,40.25,31.75,38.8,61.75,36.25,34.0
525,xbox discord nitro,53.5,53.75,32.25,36.4,31.25,48.0,23.0,32.75,12.0,21.4,18.0,8.0,5.0
